2026-07-12T10:33:30.678Z  INFO 33104 --- [facebook-ads-worker] [main] c.m.f.FacebookAdsWorkerApplication       : Starting FacebookAdsWorkerApplication using Java 21.0.11 with PID 33104 (/root/ai-hub/src/ai-hub-475e0f7d-99a3-41a0-9f67-59f7532dec6d-XTOgaA/repo/facebook-ads-worker/target/classes started by root in /root/ai-hub/src/ai-hub-475e0f7d-99a3-41a0-9f67-59f7532dec6d-XTOgaA/repo/facebook-ads-worker)
2026-07-12T10:33:30.683Z  INFO 33104 --- [facebook-ads-worker] [main] c.m.f.FacebookAdsWorkerApplication       : No active profile set, falling back to 1 default profile: "default"
2026-07-12T10:33:31.263Z  INFO 33104 --- [facebook-ads-worker] [main] .s.d.r.c.RepositoryConfigurationDelegate : Bootstrapping Spring Data JDBC repositories in DEFAULT mode.
2026-07-12T10:33:31.280Z  INFO 33104 --- [facebook-ads-worker] [main] .s.d.r.c.RepositoryConfigurationDelegate : Finished Spring Data repository scanning in 14 ms. Found 0 JDBC repository interfaces.
2026-07-12T10:33:31.617Z  INFO 33104 --- [facebook-ads-worker] [main] o.s.b.w.embedded.tomcat.TomcatWebServer  : Tomcat initialized with port 4568 (http)
2026-07-12T10:33:31.626Z  INFO 33104 --- [facebook-ads-worker] [main] o.apache.catalina.core.StandardService   : Starting service [Tomcat]
2026-07-12T10:33:31.626Z  INFO 33104 --- [facebook-ads-worker] [main] o.apache.catalina.core.StandardEngine    : Starting Servlet engine: [Apache Tomcat/10.1.20]
2026-07-12T10:33:31.660Z  INFO 33104 --- [facebook-ads-worker] [main] o.a.c.c.C.[Tomcat].[localhost].[/]       : Initializing Spring embedded WebApplicationContext
2026-07-12T10:33:31.661Z  INFO 33104 --- [facebook-ads-worker] [main] w.s.c.ServletWebServerApplicationContext : Root WebApplicationContext: initialization completed in 952 ms
2026-07-12T10:33:31.924Z  INFO 33104 --- [facebook-ads-worker] [main] c.m.f.FacebookAdsService                 : Configured Facebook Graph API version: v23.0
2026-07-12T10:33:32.373Z  INFO 33104 --- [facebook-ads-worker] [main] com.zaxxer.hikari.HikariDataSource       : marketingHubPool - Starting...
2026-07-12T10:33:36.514Z  INFO 33104 --- [facebook-ads-worker] [main] com.zaxxer.hikari.pool.HikariPool        : marketingHubPool - Added connection com.mysql.cj.jdbc.ConnectionImpl@16ef1160
2026-07-12T10:33:36.515Z  INFO 33104 --- [facebook-ads-worker] [main] com.zaxxer.hikari.HikariDataSource       : marketingHubPool - Start completed.
2026-07-12T10:33:36.598Z  INFO 33104 --- [facebook-ads-worker] [main] o.s.b.a.e.web.EndpointLinksResolver      : Exposing 4 endpoint(s) beneath base path '/worker-observability'
2026-07-12T10:33:36.640Z  INFO 33104 --- [facebook-ads-worker] [main] o.s.b.w.embedded.tomcat.TomcatWebServer  : Tomcat started on port 4568 (http) with context path ''
2026-07-12T10:33:36.649Z  INFO 33104 --- [facebook-ads-worker] [main] c.m.f.FacebookAdsWorkerApplication       : Started FacebookAdsWorkerApplication in 6.248 seconds (process running for 6.439)
2026-07-12T10:33:36.655Z  INFO 33104 --- [facebook-ads-worker] [scheduling-1] .m.f.c.FacebookWorkerConfigurationClient : Requesting Facebook worker configuration from backend: url==>http://191.252.181.168/api/accounts/facebook/worker-config, params={}
2026-07-12T10:33:37.081Z  INFO 33104 --- [facebook-ads-worker] [scheduling-1] .m.f.c.FacebookWorkerConfigurationClient : Received Facebook worker configuration response from backend: url<==http://191.252.181.168/api/accounts/facebook/worker-config, response={"accountId":1,"adAccountId":"939323521124952","accessToken":"EAALKZCklBIpoBRp8TLLvqERh459ZBdy2L3H1NAzasViZAGa9FLJJxH227vaJ99xvqjr9SbWqbQavpNDwiyXghDm3GZAq3qa5cDl5M7eLPRsw6MrxFLLlxanSLOgrQUWAZBT0OMYZC70DXZBobQzLhKZAT2UyiqNIZCpb0jAAfZA2RZAojXXmlxYyjgoCYJAJfen4sfGJnJb1Iqn","systemUserAccessToken":"EAALKZCklBIpoBRPrMY5ZBnwKiqZAavOWuAOdDZBE69CD5YC7L1t6B7AVEyw5BwE9TJaySajAlR2DoYoMC4Q2ZBbLcOYmuRqG3BhRgxdx2iwniUKd48S2CyZCaY22e9JJMvPefi8CoSZBc2juarNGTGVumExY2qTdA9ZC8lgcV69ZCeCCh2MmCzqEyKU0QR9N5NwZDZD","pixelOwnerBusinessId":"1337293866974593","appId":"786143452930714","appSecret":"050a9e2d05d33c783ebef4c0d12c095d","defaultPageId":null,"defaultInstagramActorId":null,"defaultWebsiteUrl":"http://191.252.92.222:3000/accounts/facebook","defaultLeadGenFormId":null,"defaultCreativeMessageTemplate":"%s","defaultCallToActionType":"LEARN_MORE","adSetDailyBudget":"2000","adSetBillingEvent":"IMPRESSIONS","adSetOptimizationGoal":"LINK_CLICKS","adSetDestinationType":"WEBSITE","adSetBidStrategy":"LOWEST_COST_WITHOUT_CAP","adSetBidAmount":null,"adSetTargetCountry":"BR"}
2026-07-12T10:33:37.087Z  INFO 33104 --- [facebook-ads-worker] [scheduling-1] c.m.f.FacebookAdsService                 : Facebook access token updated: previousToken=null, newToken=EAA...Iqn
2026-07-12T10:33:37.897Z  WARN 33104 --- [facebook-ads-worker] [scheduling-1] c.m.f.f.FacebookCampaignMetricsService   : Could not sync Facebook status snapshot for campaign : 400 Bad Request from GET https://graph.facebook.com/v23.0/

org.springframework.web.reactive.function.client.WebClientResponseException$BadRequest: 400 Bad Request from GET https://graph.facebook.com/v23.0/
	at org.springframework.web.reactive.function.client.WebClientResponseException.create(WebClientResponseException.java:307) ~[spring-webflux-6.1.6.jar:6.1.6]
	Suppressed: reactor.core.publisher.FluxOnAssembly$OnAssemblyException: 
Error has been observed at the following site(s):
	*__checkpoint ⇢ 400 BAD_REQUEST from GET https://graph.facebook.com/v23.0/ [DefaultWebClient]
Original Stack Trace:
		at org.springframework.web.reactive.function.client.WebClientResponseException.create(WebClientResponseException.java:307) ~[spring-webflux-6.1.6.jar:6.1.6]
		at org.springframework.web.reactive.function.client.DefaultClientResponse.lambda$createException$1(DefaultClientResponse.java:214) ~[spring-webflux-6.1.6.jar:6.1.6]
		at reactor.core.publisher.FluxMap$MapSubscriber.onNext(FluxMap.java:106) ~[reactor-core-3.6.5.jar:3.6.5]
		at reactor.core.publisher.FluxOnErrorReturn$ReturnSubscriber.onNext(FluxOnErrorReturn.java:162) ~[reactor-core-3.6.5.jar:3.6.5]
		at reactor.core.publisher.FluxDefaultIfEmpty$DefaultIfEmptySubscriber.onNext(FluxDefaultIfEmpty.java:122) ~[reactor-core-3.6.5.jar:3.6.5]
		at reactor.core.publisher.FluxMapFuseable$MapFuseableSubscriber.onNext(FluxMapFuseable.java:129) ~[reactor-core-3.6.5.jar:3.6.5]
		at reactor.core.publisher.FluxContextWrite$ContextWriteSubscriber.onNext(FluxContextWrite.java:107) ~[reactor-core-3.6.5.jar:3.6.5]
		at reactor.core.publisher.FluxMapFuseable$MapFuseableConditionalSubscriber.onNext(FluxMapFuseable.java:299) ~[reactor-core-3.6.5.jar:3.6.5]
		at reactor.core.publisher.FluxFilterFuseable$FilterFuseableConditionalSubscriber.onNext(FluxFilterFuseable.java:337) ~[reactor-core-3.6.5.jar:3.6.5]
		at reactor.core.publisher.Operators$BaseFluxToMonoOperator.completePossiblyEmpty(Operators.java:2097) ~[reactor-core-3.6.5.jar:3.6.5]
		at reactor.core.publisher.MonoCollect$CollectSubscriber.onComplete(MonoCollect.java:145) ~[reactor-core-3.6.5.jar:3.6.5]
		at reactor.core.publisher.FluxMap$MapSubscriber.onComplete(FluxMap.java:144) ~[reactor-core-3.6.5.jar:3.6.5]
		at reactor.core.publisher.FluxPeek$PeekSubscriber.onComplete(FluxPeek.java:260) ~[reactor-core-3.6.5.jar:3.6.5]
		at reactor.core.publisher.FluxMap$MapSubscriber.onComplete(FluxMap.java:144) ~[reactor-core-3.6.5.jar:3.6.5]
		at reactor.netty.channel.FluxReceive.onInboundComplete(FluxReceive.java:415) ~[reactor-netty-core-1.1.18.jar:1.1.18]
		at reactor.netty.channel.ChannelOperations.onInboundComplete(ChannelOperations.java:446) ~[reactor-netty-core-1.1.18.jar:1.1.18]
		at reactor.netty.channel.ChannelOperations.terminate(ChannelOperations.java:500) ~[reactor-netty-core-1.1.18.jar:1.1.18]
		at reactor.netty.http.client.HttpClientOperations.onInboundNext(HttpClientOperations.java:793) ~[reactor-netty-http-1.1.18.jar:1.1.18]
		at reactor.netty.channel.ChannelOperationsHandler.channelRead(ChannelOperationsHandler.java:114) ~[reactor-netty-core-1.1.18.jar:1.1.18]
		at io.netty.channel.AbstractChannelHandlerContext.invokeChannelRead(AbstractChannelHandlerContext.java:444) ~[netty-transport-4.1.109.Final.jar:4.1.109.Final]
		at io.netty.channel.AbstractChannelHandlerContext.invokeChannelRead(AbstractChannelHandlerContext.java:420) ~[netty-transport-4.1.109.Final.jar:4.1.109.Final]
		at io.netty.channel.AbstractChannelHandlerContext.fireChannelRead(AbstractChannelHandlerContext.java:412) ~[netty-transport-4.1.109.Final.jar:4.1.109.Final]
		at io.netty.handler.codec.MessageToMessageDecoder.channelRead(MessageToMessageDecoder.java:103) ~[netty-codec-4.1.109.Final.jar:4.1.109.Final]
		at io.netty.channel.AbstractChannelHandlerContext.invokeChannelRead(AbstractChannelHandlerContext.java:444) ~[netty-transport-4.1.109.Final.jar:4.1.109.Final]
		at io.netty.channel.AbstractChannelHandlerContext.invokeChannelRead(AbstractChannelHandlerContext.java:420) ~[netty-transport-4.1.109.Final.jar:4.1.109.Final]
		at io.netty.channel.AbstractChannelHandlerContext.fireChannelRead(AbstractChannelHandlerContext.java:412) ~[netty-transport-4.1.109.Final.jar:4.1.109.Final]
		at io.netty.channel.CombinedChannelDuplexHandler$DelegatingChannelHandlerContext.fireChannelRead(CombinedChannelDuplexHandler.java:436) ~[netty-transport-4.1.109.Final.jar:4.1.109.Final]
		at io.netty.handler.codec.ByteToMessageDecoder.fireChannelRead(ByteToMessageDecoder.java:346) ~[netty-codec-4.1.109.Final.jar:4.1.109.Final]
		at io.netty.handler.codec.ByteToMessageDecoder.channelRead(ByteToMessageDecoder.java:318) ~[netty-codec-4.1.109.Final.jar:4.1.109.Final]
		at io.netty.channel.CombinedChannelDuplexHandler.channelRead(CombinedChannelDuplexHandler.java:251) ~[netty-transport-4.1.109.Final.jar:4.1.109.Final]
		at io.netty.channel.AbstractChannelHandlerContext.invokeChannelRead(AbstractChannelHandlerContext.java:442) ~[netty-transport-4.1.109.Final.jar:4.1.109.Final]
		at io.netty.channel.AbstractChannelHandlerContext.invokeChannelRead(AbstractChannelHandlerContext.java:420) ~[netty-transport-4.1.109.Final.jar:4.1.109.Final]
		at io.netty.channel.AbstractChannelHandlerContext.fireChannelRead(AbstractChannelHandlerContext.java:412) ~[netty-transport-4.1.109.Final.jar:4.1.109.Final]
		at io.netty.handler.ssl.SslHandler.unwrap(SslHandler.java:1475) ~[netty-handler-4.1.109.Final.jar:4.1.109.Final]
		at io.netty.handler.ssl.SslHandler.decodeJdkCompatible(SslHandler.java:1338) ~[netty-handler-4.1.109.Final.jar:4.1.109.Final]
		at io.netty.handler.ssl.SslHandler.decode(SslHandler.java:1387) ~[netty-handler-4.1.109.Final.jar:4.1.109.Final]
		at io.netty.handler.codec.ByteToMessageDecoder.decodeRemovalReentryProtection(ByteToMessageDecoder.java:530) ~[netty-codec-4.1.109.Final.jar:4.1.109.Final]
		at io.netty.handler.codec.ByteToMessageDecoder.callDecode(ByteToMessageDecoder.java:469) ~[netty-codec-4.1.109.Final.jar:4.1.109.Final]
		at io.netty.handler.codec.ByteToMessageDecoder.channelRead(ByteToMessageDecoder.java:290) ~[netty-codec-4.1.109.Final.jar:4.1.109.Final]
		at io.netty.channel.AbstractChannelHandlerContext.invokeChannelRead(AbstractChannelHandlerContext.java:444) ~[netty-transport-4.1.109.Final.jar:4.1.109.Final]
		at io.netty.channel.AbstractChannelHandlerContext.invokeChannelRead(AbstractChannelHandlerContext.java:420) ~[netty-transport-4.1.109.Final.jar:4.1.109.Final]
		at io.netty.channel.AbstractChannelHandlerContext.fireChannelRead(AbstractChannelHandlerContext.java:412) ~[netty-transport-4.1.109.Final.jar:4.1.109.Final]
		at io.netty.channel.DefaultChannelPipeline$HeadContext.channelRead(DefaultChannelPipeline.java:1410) ~[netty-transport-4.1.109.Final.jar:4.1.109.Final]
		at io.netty.channel.AbstractChannelHandlerContext.invokeChannelRead(AbstractChannelHandlerContext.java:440) ~[netty-transport-4.1.109.Final.jar:4.1.109.Final]
		at io.netty.channel.AbstractChannelHandlerContext.invokeChannelRead(AbstractChannelHandlerContext.java:420) ~[netty-transport-4.1.109.Final.jar:4.1.109.Final]
		at io.netty.channel.DefaultChannelPipeline.fireChannelRead(DefaultChannelPipeline.java:919) ~[netty-transport-4.1.109.Final.jar:4.1.109.Final]
		at io.netty.channel.epoll.AbstractEpollStreamChannel$EpollStreamUnsafe.epollInReady(AbstractEpollStreamChannel.java:801) ~[netty-transport-classes-epoll-4.1.109.Final.jar:4.1.109.Final]
		at io.netty.channel.epoll.EpollEventLoop.processReady(EpollEventLoop.java:501) ~[netty-transport-classes-epoll-4.1.109.Final.jar:4.1.109.Final]
		at io.netty.channel.epoll.EpollEventLoop.run(EpollEventLoop.java:399) ~[netty-transport-classes-epoll-4.1.109.Final.jar:4.1.109.Final]
		at io.netty.util.concurrent.SingleThreadEventExecutor$4.run(SingleThreadEventExecutor.java:997) ~[netty-common-4.1.109.Final.jar:4.1.109.Final]
		at io.netty.util.internal.ThreadExecutorMap$2.run(ThreadExecutorMap.java:74) ~[netty-common-4.1.109.Final.jar:4.1.109.Final]
		at io.netty.util.concurrent.FastThreadLocalRunnable.run(FastThreadLocalRunnable.java:30) ~[netty-common-4.1.109.Final.jar:4.1.109.Final]
		at java.base/java.lang.Thread.run(Thread.java:1583) ~[na:na]
	Suppressed: java.lang.Exception: #block terminated with an error
		at reactor.core.publisher.BlockingSingleSubscriber.blockingGet(BlockingSingleSubscriber.java:104) ~[reactor-core-3.6.5.jar:3.6.5]
		at reactor.core.publisher.Mono.block(Mono.java:1779) ~[reactor-core-3.6.5.jar:3.6.5]
		at com.marketinghub.facebookadsworker.facebookcampaign.FacebookCampaignStatusSnapshotClient.fetch(FacebookCampaignStatusSnapshotClient.java:34) ~[classes/:na]
		at com.marketinghub.facebookadsworker.facebookcampaign.FacebookCampaignMetricsService.syncStatusSnapshot(FacebookCampaignMetricsService.java:139) ~[classes/:na]
		at com.marketinghub.facebookadsworker.facebookcampaign.FacebookCampaignMetricsService.processTarget(FacebookCampaignMetricsService.java:103) ~[classes/:na]
		at com.marketinghub.facebookadsworker.facebookcampaign.FacebookCampaignMetricsService.syncCampaignMetrics(FacebookCampaignMetricsService.java:94) ~[classes/:na]
		at com.marketinghub.facebookadsworker.facebookcampaign.FacebookCampaignMetricsScheduler.scheduleMetricsSync(FacebookCampaignMetricsScheduler.java:16) ~[classes/:na]
		at java.base/jdk.internal.reflect.DirectMethodHandleAccessor.invoke(DirectMethodHandleAccessor.java:103) ~[na:na]
		at java.base/java.lang.reflect.Method.invoke(Method.java:580) ~[na:na]
		at org.springframework.scheduling.support.ScheduledMethodRunnable.runInternal(ScheduledMethodRunnable.java:130) ~[spring-context-6.1.6.jar:6.1.6]
		at org.springframework.scheduling.support.ScheduledMethodRunnable.lambda$run$2(ScheduledMethodRunnable.java:124) ~[spring-context-6.1.6.jar:6.1.6]
		at io.micrometer.observation.Observation.observe(Observation.java:499) ~[micrometer-observation-1.12.5.jar:1.12.5]
		at org.springframework.scheduling.support.ScheduledMethodRunnable.run(ScheduledMethodRunnable.java:124) ~[spring-context-6.1.6.jar:6.1.6]
		at org.springframework.scheduling.support.DelegatingErrorHandlingRunnable.run(DelegatingErrorHandlingRunnable.java:54) ~[spring-context-6.1.6.jar:6.1.6]
		at java.base/java.util.concurrent.Executors$RunnableAdapter.call(Executors.java:572) ~[na:na]
		at java.base/java.util.concurrent.FutureTask.runAndReset(FutureTask.java:358) ~[na:na]
		at java.base/java.util.concurrent.ScheduledThreadPoolExecutor$ScheduledFutureTask.run(ScheduledThreadPoolExecutor.java:305) ~[na:na]
		at java.base/java.util.concurrent.ThreadPoolExecutor.runWorker(ThreadPoolExecutor.java:1144) ~[na:na]
		at java.base/java.util.concurrent.ThreadPoolExecutor$Worker.run(ThreadPoolExecutor.java:642) ~[na:na]
		at java.base/java.lang.Thread.run(Thread.java:1583) ~[na:na]

2026-07-12T10:33:38.026Z ERROR 33104 --- [facebook-ads-worker] [scheduling-1] c.m.f.FacebookAdsService                 : Facebook API GET request failed: path<==/v23.0/insights?access_token=EAA...Iqn&date_preset=maximum&fields=campaign_name,reach,impressions,clicks,spend,actions,date_start,date_stop&time_increment=all_days, status=400, responseBody={"e..."}}, errorDetails={"type":"GraphMethodException","code":100,"error_subcode":33,"message":"Unsupported get request. Object with ID 'insights' does not exist, cannot be loaded due to missing permissions, or does not support this operation. Please read the Graph API documentation at https://developers.facebook.com/docs/graph-api","fbtrace_id":"AED5fc04l0d2bBw485mAAQs"}

org.springframework.web.reactive.function.client.WebClientResponseException$BadRequest: 400 Bad Request from GET https://graph.facebook.com/v23.0/insights
	at org.springframework.web.reactive.function.client.WebClientResponseException.create(WebClientResponseException.java:307) ~[spring-webflux-6.1.6.jar:6.1.6]
	at org.springframework.web.reactive.function.client.DefaultClientResponse.lambda$createException$1(DefaultClientResponse.java:214) ~[spring-webflux-6.1.6.jar:6.1.6]
	at reactor.core.publisher.FluxMap$MapSubscriber.onNext(FluxMap.java:106) ~[reactor-core-3.6.5.jar:3.6.5]
	at reactor.core.publisher.FluxOnErrorReturn$ReturnSubscriber.onNext(FluxOnErrorReturn.java:162) ~[reactor-core-3.6.5.jar:3.6.5]
	at reactor.core.publisher.FluxDefaultIfEmpty$DefaultIfEmptySubscriber.onNext(FluxDefaultIfEmpty.java:122) ~[reactor-core-3.6.5.jar:3.6.5]
	at reactor.core.publisher.FluxOnAssembly$OnAssemblySubscriber.onNext(FluxOnAssembly.java:539) ~[reactor-core-3.6.5.jar:3.6.5]
	at reactor.core.publisher.FluxMapFuseable$MapFuseableSubscriber.onNext(FluxMapFuseable.java:129) ~[reactor-core-3.6.5.jar:3.6.5]
	at reactor.core.publisher.FluxContextWrite$ContextWriteSubscriber.onNext(FluxContextWrite.java:107) ~[reactor-core-3.6.5.jar:3.6.5]
	at reactor.core.publisher.FluxMapFuseable$MapFuseableConditionalSubscriber.onNext(FluxMapFuseable.java:299) ~[reactor-core-3.6.5.jar:3.6.5]
	at reactor.core.publisher.FluxFilterFuseable$FilterFuseableConditionalSubscriber.onNext(FluxFilterFuseable.java:337) ~[reactor-core-3.6.5.jar:3.6.5]
	at reactor.core.publisher.Operators$BaseFluxToMonoOperator.completePossiblyEmpty(Operators.java:2097) ~[reactor-core-3.6.5.jar:3.6.5]
	at reactor.core.publisher.MonoCollect$CollectSubscriber.onComplete(MonoCollect.java:145) ~[reactor-core-3.6.5.jar:3.6.5]
	at reactor.core.publisher.FluxMap$MapSubscriber.onComplete(FluxMap.java:144) ~[reactor-core-3.6.5.jar:3.6.5]
	at reactor.core.publisher.FluxPeek$PeekSubscriber.onComplete(FluxPeek.java:260) ~[reactor-core-3.6.5.jar:3.6.5]
	at reactor.core.publisher.FluxMap$MapSubscriber.onComplete(FluxMap.java:144) ~[reactor-core-3.6.5.jar:3.6.5]
	at reactor.netty.channel.FluxReceive.onInboundComplete(FluxReceive.java:415) ~[reactor-netty-core-1.1.18.jar:1.1.18]
	at reactor.netty.channel.ChannelOperations.onInboundComplete(ChannelOperations.java:446) ~[reactor-netty-core-1.1.18.jar:1.1.18]
	at reactor.netty.channel.ChannelOperations.terminate(ChannelOperations.java:500) ~[reactor-netty-core-1.1.18.jar:1.1.18]
	at reactor.netty.http.client.HttpClientOperations.onInboundNext(HttpClientOperations.java:793) ~[reactor-netty-http-1.1.18.jar:1.1.18]
	at reactor.netty.channel.ChannelOperationsHandler.channelRead(ChannelOperationsHandler.java:114) ~[reactor-netty-core-1.1.18.jar:1.1.18]
	at io.netty.channel.AbstractChannelHandlerContext.invokeChannelRead(AbstractChannelHandlerContext.java:444) ~[netty-transport-4.1.109.Final.jar:4.1.109.Final]
	at io.netty.channel.AbstractChannelHandlerContext.invokeChannelRead(AbstractChannelHandlerContext.java:420) ~[netty-transport-4.1.109.Final.jar:4.1.109.Final]
	at io.netty.channel.AbstractChannelHandlerContext.fireChannelRead(AbstractChannelHandlerContext.java:412) ~[netty-transport-4.1.109.Final.jar:4.1.109.Final]
	at io.netty.handler.codec.MessageToMessageDecoder.channelRead(MessageToMessageDecoder.java:103) ~[netty-codec-4.1.109.Final.jar:4.1.109.Final]
	at io.netty.channel.AbstractChannelHandlerContext.invokeChannelRead(AbstractChannelHandlerContext.java:444) ~[netty-transport-4.1.109.Final.jar:4.1.109.Final]
	at io.netty.channel.AbstractChannelHandlerContext.invokeChannelRead(AbstractChannelHandlerContext.java:420) ~[netty-transport-4.1.109.Final.jar:4.1.109.Final]
	at io.netty.channel.AbstractChannelHandlerContext.fireChannelRead(AbstractChannelHandlerContext.java:412) ~[netty-transport-4.1.109.Final.jar:4.1.109.Final]
	at io.netty.channel.CombinedChannelDuplexHandler$DelegatingChannelHandlerContext.fireChannelRead(CombinedChannelDuplexHandler.java:436) ~[netty-transport-4.1.109.Final.jar:4.1.109.Final]
	at io.netty.handler.codec.ByteToMessageDecoder.fireChannelRead(ByteToMessageDecoder.java:346) ~[netty-codec-4.1.109.Final.jar:4.1.109.Final]
	at io.netty.handler.codec.ByteToMessageDecoder.channelRead(ByteToMessageDecoder.java:318) ~[netty-codec-4.1.109.Final.jar:4.1.109.Final]
	at io.netty.channel.CombinedChannelDuplexHandler.channelRead(CombinedChannelDuplexHandler.java:251) ~[netty-transport-4.1.109.Final.jar:4.1.109.Final]
	at io.netty.channel.AbstractChannelHandlerContext.invokeChannelRead(AbstractChannelHandlerContext.java:442) ~[netty-transport-4.1.109.Final.jar:4.1.109.Final]
	at io.netty.channel.AbstractChannelHandlerContext.invokeChannelRead(AbstractChannelHandlerContext.java:420) ~[netty-transport-4.1.109.Final.jar:4.1.109.Final]
	at io.netty.channel.AbstractChannelHandlerContext.fireChannelRead(AbstractChannelHandlerContext.java:412) ~[netty-transport-4.1.109.Final.jar:4.1.109.Final]
	at io.netty.handler.ssl.SslHandler.unwrap(SslHandler.java:1475) ~[netty-handler-4.1.109.Final.jar:4.1.109.Final]
	at io.netty.handler.ssl.SslHandler.decodeJdkCompatible(SslHandler.java:1338) ~[netty-handler-4.1.109.Final.jar:4.1.109.Final]
	at io.netty.handler.ssl.SslHandler.decode(SslHandler.java:1387) ~[netty-handler-4.1.109.Final.jar:4.1.109.Final]
	at io.netty.handler.codec.ByteToMessageDecoder.decodeRemovalReentryProtection(ByteToMessageDecoder.java:530) ~[netty-codec-4.1.109.Final.jar:4.1.109.Final]
	at io.netty.handler.codec.ByteToMessageDecoder.callDecode(ByteToMessageDecoder.java:469) ~[netty-codec-4.1.109.Final.jar:4.1.109.Final]
	at io.netty.handler.codec.ByteToMessageDecoder.channelRead(ByteToMessageDecoder.java:290) ~[netty-codec-4.1.109.Final.jar:4.1.109.Final]
	at io.netty.channel.AbstractChannelHandlerContext.invokeChannelRead(AbstractChannelHandlerContext.java:444) ~[netty-transport-4.1.109.Final.jar:4.1.109.Final]
	at io.netty.channel.AbstractChannelHandlerContext.invokeChannelRead(AbstractChannelHandlerContext.java:420) ~[netty-transport-4.1.109.Final.jar:4.1.109.Final]
	at io.netty.channel.AbstractChannelHandlerContext.fireChannelRead(AbstractChannelHandlerContext.java:412) ~[netty-transport-4.1.109.Final.jar:4.1.109.Final]
	at io.netty.channel.DefaultChannelPipeline$HeadContext.channelRead(DefaultChannelPipeline.java:1410) ~[netty-transport-4.1.109.Final.jar:4.1.109.Final]
	at io.netty.channel.AbstractChannelHandlerContext.invokeChannelRead(AbstractChannelHandlerContext.java:440) ~[netty-transport-4.1.109.Final.jar:4.1.109.Final]
	at io.netty.channel.AbstractChannelHandlerContext.invokeChannelRead(AbstractChannelHandlerContext.java:420) ~[netty-transport-4.1.109.Final.jar:4.1.109.Final]
	at io.netty.channel.DefaultChannelPipeline.fireChannelRead(DefaultChannelPipeline.java:919) ~[netty-transport-4.1.109.Final.jar:4.1.109.Final]
	at io.netty.channel.epoll.AbstractEpollStreamChannel$EpollStreamUnsafe.epollInReady(AbstractEpollStreamChannel.java:801) ~[netty-transport-classes-epoll-4.1.109.Final.jar:4.1.109.Final]
	at io.netty.channel.epoll.EpollEventLoop.processReady(EpollEventLoop.java:501) ~[netty-transport-classes-epoll-4.1.109.Final.jar:4.1.109.Final]
	at io.netty.channel.epoll.EpollEventLoop.run(EpollEventLoop.java:399) ~[netty-transport-classes-epoll-4.1.109.Final.jar:4.1.109.Final]
	at io.netty.util.concurrent.SingleThreadEventExecutor$4.run(SingleThreadEventExecutor.java:997) ~[netty-common-4.1.109.Final.jar:4.1.109.Final]
	at io.netty.util.internal.ThreadExecutorMap$2.run(ThreadExecutorMap.java:74) ~[netty-common-4.1.109.Final.jar:4.1.109.Final]
	at io.netty.util.concurrent.FastThreadLocalRunnable.run(FastThreadLocalRunnable.java:30) ~[netty-common-4.1.109.Final.jar:4.1.109.Final]
	at java.base/java.lang.Thread.run(Thread.java:1583) ~[na:na]
	Suppressed: java.lang.Exception: #block terminated with an error
		at reactor.core.publisher.BlockingSingleSubscriber.blockingGet(BlockingSingleSubscriber.java:104) ~[reactor-core-3.6.5.jar:3.6.5]
		at reactor.core.publisher.Mono.block(Mono.java:1779) ~[reactor-core-3.6.5.jar:3.6.5]
		at com.marketinghub.facebookadsworker.FacebookAdsService.executeGet(FacebookAdsService.java:2702) ~[classes/:na]
		at com.marketinghub.facebookadsworker.FacebookAdsService.getCampaignInsights(FacebookAdsService.java:2289) ~[classes/:na]
		at com.marketinghub.facebookadsworker.facebookcampaign.FacebookCampaignMetricsService.processTarget(FacebookCampaignMetricsService.java:104) ~[classes/:na]
		at com.marketinghub.facebookadsworker.facebookcampaign.FacebookCampaignMetricsService.syncCampaignMetrics(FacebookCampaignMetricsService.java:94) ~[classes/:na]
		at com.marketinghub.facebookadsworker.facebookcampaign.FacebookCampaignMetricsScheduler.scheduleMetricsSync(FacebookCampaignMetricsScheduler.java:16) ~[classes/:na]
		at java.base/jdk.internal.reflect.DirectMethodHandleAccessor.invoke(DirectMethodHandleAccessor.java:103) ~[na:na]
		at java.base/java.lang.reflect.Method.invoke(Method.java:580) ~[na:na]
		at org.springframework.scheduling.support.ScheduledMethodRunnable.runInternal(ScheduledMethodRunnable.java:130) ~[spring-context-6.1.6.jar:6.1.6]
		at org.springframework.scheduling.support.ScheduledMethodRunnable.lambda$run$2(ScheduledMethodRunnable.java:124) ~[spring-context-6.1.6.jar:6.1.6]
		at io.micrometer.observation.Observation.observe(Observation.java:499) ~[micrometer-observation-1.12.5.jar:1.12.5]
		at org.springframework.scheduling.support.ScheduledMethodRunnable.run(ScheduledMethodRunnable.java:124) ~[spring-context-6.1.6.jar:6.1.6]
		at org.springframework.scheduling.support.DelegatingErrorHandlingRunnable.run(DelegatingErrorHandlingRunnable.java:54) ~[spring-context-6.1.6.jar:6.1.6]
		at java.base/java.util.concurrent.Executors$RunnableAdapter.call(Executors.java:572) ~[na:na]
		at java.base/java.util.concurrent.FutureTask.runAndReset(FutureTask.java:358) ~[na:na]
		at java.base/java.util.concurrent.ScheduledThreadPoolExecutor$ScheduledFutureTask.run(ScheduledThreadPoolExecutor.java:305) ~[na:na]
		at java.base/java.util.concurrent.ThreadPoolExecutor.runWorker(ThreadPoolExecutor.java:1144) ~[na:na]
		at java.base/java.util.concurrent.ThreadPoolExecutor$Worker.run(ThreadPoolExecutor.java:642) ~[na:na]
		... 1 common frames omitted

2026-07-12T10:33:38.029Z  WARN 33104 --- [facebook-ads-worker] [scheduling-1] c.m.f.f.FacebookCampaignMetricsService   : Unexpected error while syncing metrics for campaign : 400 Bad Request from GET https://graph.facebook.com/v23.0/insights

org.springframework.web.reactive.function.client.WebClientResponseException$BadRequest: 400 Bad Request from GET https://graph.facebook.com/v23.0/insights
	at org.springframework.web.reactive.function.client.WebClientResponseException.create(WebClientResponseException.java:307) ~[spring-webflux-6.1.6.jar:6.1.6]
	at org.springframework.web.reactive.function.client.DefaultClientResponse.lambda$createException$1(DefaultClientResponse.java:214) ~[spring-webflux-6.1.6.jar:6.1.6]
	at reactor.core.publisher.FluxMap$MapSubscriber.onNext(FluxMap.java:106) ~[reactor-core-3.6.5.jar:3.6.5]
	at reactor.core.publisher.FluxOnErrorReturn$ReturnSubscriber.onNext(FluxOnErrorReturn.java:162) ~[reactor-core-3.6.5.jar:3.6.5]
	at reactor.core.publisher.FluxDefaultIfEmpty$DefaultIfEmptySubscriber.onNext(FluxDefaultIfEmpty.java:122) ~[reactor-core-3.6.5.jar:3.6.5]
	at reactor.core.publisher.FluxOnAssembly$OnAssemblySubscriber.onNext(FluxOnAssembly.java:539) ~[reactor-core-3.6.5.jar:3.6.5]
	at reactor.core.publisher.FluxMapFuseable$MapFuseableSubscriber.onNext(FluxMapFuseable.java:129) ~[reactor-core-3.6.5.jar:3.6.5]
	at reactor.core.publisher.FluxContextWrite$ContextWriteSubscriber.onNext(FluxContextWrite.java:107) ~[reactor-core-3.6.5.jar:3.6.5]
	at reactor.core.publisher.FluxMapFuseable$MapFuseableConditionalSubscriber.onNext(FluxMapFuseable.java:299) ~[reactor-core-3.6.5.jar:3.6.5]
	at reactor.core.publisher.FluxFilterFuseable$FilterFuseableConditionalSubscriber.onNext(FluxFilterFuseable.java:337) ~[reactor-core-3.6.5.jar:3.6.5]
	at reactor.core.publisher.Operators$BaseFluxToMonoOperator.completePossiblyEmpty(Operators.java:2097) ~[reactor-core-3.6.5.jar:3.6.5]
	at reactor.core.publisher.MonoCollect$CollectSubscriber.onComplete(MonoCollect.java:145) ~[reactor-core-3.6.5.jar:3.6.5]
	at reactor.core.publisher.FluxMap$MapSubscriber.onComplete(FluxMap.java:144) ~[reactor-core-3.6.5.jar:3.6.5]
	at reactor.core.publisher.FluxPeek$PeekSubscriber.onComplete(FluxPeek.java:260) ~[reactor-core-3.6.5.jar:3.6.5]
	at reactor.core.publisher.FluxMap$MapSubscriber.onComplete(FluxMap.java:144) ~[reactor-core-3.6.5.jar:3.6.5]
	at reactor.netty.channel.FluxReceive.onInboundComplete(FluxReceive.java:415) ~[reactor-netty-core-1.1.18.jar:1.1.18]
	at reactor.netty.channel.ChannelOperations.onInboundComplete(ChannelOperations.java:446) ~[reactor-netty-core-1.1.18.jar:1.1.18]
	at reactor.netty.channel.ChannelOperations.terminate(ChannelOperations.java:500) ~[reactor-netty-core-1.1.18.jar:1.1.18]
	at reactor.netty.http.client.HttpClientOperations.onInboundNext(HttpClientOperations.java:793) ~[reactor-netty-http-1.1.18.jar:1.1.18]
	at reactor.netty.channel.ChannelOperationsHandler.channelRead(ChannelOperationsHandler.java:114) ~[reactor-netty-core-1.1.18.jar:1.1.18]
	at io.netty.channel.AbstractChannelHandlerContext.invokeChannelRead(AbstractChannelHandlerContext.java:444) ~[netty-transport-4.1.109.Final.jar:4.1.109.Final]
	at io.netty.channel.AbstractChannelHandlerContext.invokeChannelRead(AbstractChannelHandlerContext.java:420) ~[netty-transport-4.1.109.Final.jar:4.1.109.Final]
	at io.netty.channel.AbstractChannelHandlerContext.fireChannelRead(AbstractChannelHandlerContext.java:412) ~[netty-transport-4.1.109.Final.jar:4.1.109.Final]
	at io.netty.handler.codec.MessageToMessageDecoder.channelRead(MessageToMessageDecoder.java:103) ~[netty-codec-4.1.109.Final.jar:4.1.109.Final]
	at io.netty.channel.AbstractChannelHandlerContext.invokeChannelRead(AbstractChannelHandlerContext.java:444) ~[netty-transport-4.1.109.Final.jar:4.1.109.Final]
	at io.netty.channel.AbstractChannelHandlerContext.invokeChannelRead(AbstractChannelHandlerContext.java:420) ~[netty-transport-4.1.109.Final.jar:4.1.109.Final]
	at io.netty.channel.AbstractChannelHandlerContext.fireChannelRead(AbstractChannelHandlerContext.java:412) ~[netty-transport-4.1.109.Final.jar:4.1.109.Final]
	at io.netty.channel.CombinedChannelDuplexHandler$DelegatingChannelHandlerContext.fireChannelRead(CombinedChannelDuplexHandler.java:436) ~[netty-transport-4.1.109.Final.jar:4.1.109.Final]
	at io.netty.handler.codec.ByteToMessageDecoder.fireChannelRead(ByteToMessageDecoder.java:346) ~[netty-codec-4.1.109.Final.jar:4.1.109.Final]
	at io.netty.handler.codec.ByteToMessageDecoder.channelRead(ByteToMessageDecoder.java:318) ~[netty-codec-4.1.109.Final.jar:4.1.109.Final]
	at io.netty.channel.CombinedChannelDuplexHandler.channelRead(CombinedChannelDuplexHandler.java:251) ~[netty-transport-4.1.109.Final.jar:4.1.109.Final]
	at io.netty.channel.AbstractChannelHandlerContext.invokeChannelRead(AbstractChannelHandlerContext.java:442) ~[netty-transport-4.1.109.Final.jar:4.1.109.Final]
	at io.netty.channel.AbstractChannelHandlerContext.invokeChannelRead(AbstractChannelHandlerContext.java:420) ~[netty-transport-4.1.109.Final.jar:4.1.109.Final]
	at io.netty.channel.AbstractChannelHandlerContext.fireChannelRead(AbstractChannelHandlerContext.java:412) ~[netty-transport-4.1.109.Final.jar:4.1.109.Final]
	at io.netty.handler.ssl.SslHandler.unwrap(SslHandler.java:1475) ~[netty-handler-4.1.109.Final.jar:4.1.109.Final]
	at io.netty.handler.ssl.SslHandler.decodeJdkCompatible(SslHandler.java:1338) ~[netty-handler-4.1.109.Final.jar:4.1.109.Final]
	at io.netty.handler.ssl.SslHandler.decode(SslHandler.java:1387) ~[netty-handler-4.1.109.Final.jar:4.1.109.Final]
	at io.netty.handler.codec.ByteToMessageDecoder.decodeRemovalReentryProtection(ByteToMessageDecoder.java:530) ~[netty-codec-4.1.109.Final.jar:4.1.109.Final]
	at io.netty.handler.codec.ByteToMessageDecoder.callDecode(ByteToMessageDecoder.java:469) ~[netty-codec-4.1.109.Final.jar:4.1.109.Final]
	at io.netty.handler.codec.ByteToMessageDecoder.channelRead(ByteToMessageDecoder.java:290) ~[netty-codec-4.1.109.Final.jar:4.1.109.Final]
	at io.netty.channel.AbstractChannelHandlerContext.invokeChannelRead(AbstractChannelHandlerContext.java:444) ~[netty-transport-4.1.109.Final.jar:4.1.109.Final]
	at io.netty.channel.AbstractChannelHandlerContext.invokeChannelRead(AbstractChannelHandlerContext.java:420) ~[netty-transport-4.1.109.Final.jar:4.1.109.Final]
	at io.netty.channel.AbstractChannelHandlerContext.fireChannelRead(AbstractChannelHandlerContext.java:412) ~[netty-transport-4.1.109.Final.jar:4.1.109.Final]
	at io.netty.channel.DefaultChannelPipeline$HeadContext.channelRead(DefaultChannelPipeline.java:1410) ~[netty-transport-4.1.109.Final.jar:4.1.109.Final]
	at io.netty.channel.AbstractChannelHandlerContext.invokeChannelRead(AbstractChannelHandlerContext.java:440) ~[netty-transport-4.1.109.Final.jar:4.1.109.Final]
	at io.netty.channel.AbstractChannelHandlerContext.invokeChannelRead(AbstractChannelHandlerContext.java:420) ~[netty-transport-4.1.109.Final.jar:4.1.109.Final]
	at io.netty.channel.DefaultChannelPipeline.fireChannelRead(DefaultChannelPipeline.java:919) ~[netty-transport-4.1.109.Final.jar:4.1.109.Final]
	at io.netty.channel.epoll.AbstractEpollStreamChannel$EpollStreamUnsafe.epollInReady(AbstractEpollStreamChannel.java:801) ~[netty-transport-classes-epoll-4.1.109.Final.jar:4.1.109.Final]
	at io.netty.channel.epoll.EpollEventLoop.processReady(EpollEventLoop.java:501) ~[netty-transport-classes-epoll-4.1.109.Final.jar:4.1.109.Final]
	at io.netty.channel.epoll.EpollEventLoop.run(EpollEventLoop.java:399) ~[netty-transport-classes-epoll-4.1.109.Final.jar:4.1.109.Final]
	at io.netty.util.concurrent.SingleThreadEventExecutor$4.run(SingleThreadEventExecutor.java:997) ~[netty-common-4.1.109.Final.jar:4.1.109.Final]
	at io.netty.util.internal.ThreadExecutorMap$2.run(ThreadExecutorMap.java:74) ~[netty-common-4.1.109.Final.jar:4.1.109.Final]
	at io.netty.util.concurrent.FastThreadLocalRunnable.run(FastThreadLocalRunnable.java:30) ~[netty-common-4.1.109.Final.jar:4.1.109.Final]
	at java.base/java.lang.Thread.run(Thread.java:1583) ~[na:na]
	Suppressed: java.lang.Exception: #block terminated with an error
		at reactor.core.publisher.BlockingSingleSubscriber.blockingGet(BlockingSingleSubscriber.java:104) ~[reactor-core-3.6.5.jar:3.6.5]
		at reactor.core.publisher.Mono.block(Mono.java:1779) ~[reactor-core-3.6.5.jar:3.6.5]
		at com.marketinghub.facebookadsworker.FacebookAdsService.executeGet(FacebookAdsService.java:2702) ~[classes/:na]
		at com.marketinghub.facebookadsworker.FacebookAdsService.getCampaignInsights(FacebookAdsService.java:2289) ~[classes/:na]
		at com.marketinghub.facebookadsworker.facebookcampaign.FacebookCampaignMetricsService.processTarget(FacebookCampaignMetricsService.java:104) ~[classes/:na]
		at com.marketinghub.facebookadsworker.facebookcampaign.FacebookCampaignMetricsService.syncCampaignMetrics(FacebookCampaignMetricsService.java:94) ~[classes/:na]
		at com.marketinghub.facebookadsworker.facebookcampaign.FacebookCampaignMetricsScheduler.scheduleMetricsSync(FacebookCampaignMetricsScheduler.java:16) ~[classes/:na]
		at java.base/jdk.internal.reflect.DirectMethodHandleAccessor.invoke(DirectMethodHandleAccessor.java:103) ~[na:na]
		at java.base/java.lang.reflect.Method.invoke(Method.java:580) ~[na:na]
		at org.springframework.scheduling.support.ScheduledMethodRunnable.runInternal(ScheduledMethodRunnable.java:130) ~[spring-context-6.1.6.jar:6.1.6]
		at org.springframework.scheduling.support.ScheduledMethodRunnable.lambda$run$2(ScheduledMethodRunnable.java:124) ~[spring-context-6.1.6.jar:6.1.6]
		at io.micrometer.observation.Observation.observe(Observation.java:499) ~[micrometer-observation-1.12.5.jar:1.12.5]
		at org.springframework.scheduling.support.ScheduledMethodRunnable.run(ScheduledMethodRunnable.java:124) ~[spring-context-6.1.6.jar:6.1.6]
		at org.springframework.scheduling.support.DelegatingErrorHandlingRunnable.run(DelegatingErrorHandlingRunnable.java:54) ~[spring-context-6.1.6.jar:6.1.6]
		at java.base/java.util.concurrent.Executors$RunnableAdapter.call(Executors.java:572) ~[na:na]
		at java.base/java.util.concurrent.FutureTask.runAndReset(FutureTask.java:358) ~[na:na]
		at java.base/java.util.concurrent.ScheduledThreadPoolExecutor$ScheduledFutureTask.run(ScheduledThreadPoolExecutor.java:305) ~[na:na]
		at java.base/java.util.concurrent.ThreadPoolExecutor.runWorker(ThreadPoolExecutor.java:1144) ~[na:na]
		at java.base/java.util.concurrent.ThreadPoolExecutor$Worker.run(ThreadPoolExecutor.java:642) ~[na:na]
		... 1 common frames omitted

2026-07-12T10:33:38.159Z  WARN 33104 --- [facebook-ads-worker] [scheduling-1] c.m.f.f.FacebookCampaignMetricsService   : Could not report metrics error for campaign : 404 Not Found from POST http://191.252.181.168/api/facebook-campaigns/metrics-error

org.springframework.web.reactive.function.client.WebClientResponseException$NotFound: 404 Not Found from POST http://191.252.181.168/api/facebook-campaigns/metrics-error
	at org.springframework.web.reactive.function.client.WebClientResponseException.create(WebClientResponseException.java:310) ~[spring-webflux-6.1.6.jar:6.1.6]
	Suppressed: reactor.core.publisher.FluxOnAssembly$OnAssemblyException: 
Error has been observed at the following site(s):
	*__checkpoint ⇢ 404 NOT_FOUND from POST http://191.252.181.168/api/facebook-campaigns/metrics-error [DefaultWebClient]
Original Stack Trace:
		at org.springframework.web.reactive.function.client.WebClientResponseException.create(WebClientResponseException.java:310) ~[spring-webflux-6.1.6.jar:6.1.6]
		at org.springframework.web.reactive.function.client.DefaultClientResponse.lambda$createException$1(DefaultClientResponse.java:214) ~[spring-webflux-6.1.6.jar:6.1.6]
		at reactor.core.publisher.FluxMap$MapSubscriber.onNext(FluxMap.java:106) ~[reactor-core-3.6.5.jar:3.6.5]
		at reactor.core.publisher.FluxOnErrorReturn$ReturnSubscriber.onNext(FluxOnErrorReturn.java:162) ~[reactor-core-3.6.5.jar:3.6.5]
		at reactor.core.publisher.FluxDefaultIfEmpty$DefaultIfEmptySubscriber.onNext(FluxDefaultIfEmpty.java:122) ~[reactor-core-3.6.5.jar:3.6.5]
		at reactor.core.publisher.FluxMapFuseable$MapFuseableSubscriber.onNext(FluxMapFuseable.java:129) ~[reactor-core-3.6.5.jar:3.6.5]
		at reactor.core.publisher.FluxContextWrite$ContextWriteSubscriber.onNext(FluxContextWrite.java:107) ~[reactor-core-3.6.5.jar:3.6.5]
		at reactor.core.publisher.FluxMapFuseable$MapFuseableConditionalSubscriber.onNext(FluxMapFuseable.java:299) ~[reactor-core-3.6.5.jar:3.6.5]
		at reactor.core.publisher.FluxFilterFuseable$FilterFuseableConditionalSubscriber.onNext(FluxFilterFuseable.java:337) ~[reactor-core-3.6.5.jar:3.6.5]
		at reactor.core.publisher.Operators$BaseFluxToMonoOperator.completePossiblyEmpty(Operators.java:2097) ~[reactor-core-3.6.5.jar:3.6.5]
		at reactor.core.publisher.MonoCollect$CollectSubscriber.onComplete(MonoCollect.java:145) ~[reactor-core-3.6.5.jar:3.6.5]
		at reactor.core.publisher.FluxMap$MapSubscriber.onComplete(FluxMap.java:144) ~[reactor-core-3.6.5.jar:3.6.5]
		at reactor.core.publisher.FluxPeek$PeekSubscriber.onComplete(FluxPeek.java:260) ~[reactor-core-3.6.5.jar:3.6.5]
		at reactor.core.publisher.FluxMap$MapSubscriber.onComplete(FluxMap.java:144) ~[reactor-core-3.6.5.jar:3.6.5]
		at reactor.netty.channel.FluxReceive.onInboundComplete(FluxReceive.java:415) ~[reactor-netty-core-1.1.18.jar:1.1.18]
		at reactor.netty.channel.ChannelOperations.onInboundComplete(ChannelOperations.java:446) ~[reactor-netty-core-1.1.18.jar:1.1.18]
		at reactor.netty.channel.ChannelOperations.terminate(ChannelOperations.java:500) ~[reactor-netty-core-1.1.18.jar:1.1.18]
		at reactor.netty.http.client.HttpClientOperations.onInboundNext(HttpClientOperations.java:793) ~[reactor-netty-http-1.1.18.jar:1.1.18]
		at reactor.netty.channel.ChannelOperationsHandler.channelRead(ChannelOperationsHandler.java:114) ~[reactor-netty-core-1.1.18.jar:1.1.18]
		at io.netty.channel.AbstractChannelHandlerContext.invokeChannelRead(AbstractChannelHandlerContext.java:444) ~[netty-transport-4.1.109.Final.jar:4.1.109.Final]
		at io.netty.channel.AbstractChannelHandlerContext.invokeChannelRead(AbstractChannelHandlerContext.java:420) ~[netty-transport-4.1.109.Final.jar:4.1.109.Final]
		at io.netty.channel.AbstractChannelHandlerContext.fireChannelRead(AbstractChannelHandlerContext.java:412) ~[netty-transport-4.1.109.Final.jar:4.1.109.Final]
		at io.netty.handler.codec.MessageToMessageDecoder.channelRead(MessageToMessageDecoder.java:103) ~[netty-codec-4.1.109.Final.jar:4.1.109.Final]
		at io.netty.channel.AbstractChannelHandlerContext.invokeChannelRead(AbstractChannelHandlerContext.java:444) ~[netty-transport-4.1.109.Final.jar:4.1.109.Final]
		at io.netty.channel.AbstractChannelHandlerContext.invokeChannelRead(AbstractChannelHandlerContext.java:420) ~[netty-transport-4.1.109.Final.jar:4.1.109.Final]
		at io.netty.channel.AbstractChannelHandlerContext.fireChannelRead(AbstractChannelHandlerContext.java:412) ~[netty-transport-4.1.109.Final.jar:4.1.109.Final]
		at io.netty.channel.CombinedChannelDuplexHandler$DelegatingChannelHandlerContext.fireChannelRead(CombinedChannelDuplexHandler.java:436) ~[netty-transport-4.1.109.Final.jar:4.1.109.Final]
		at io.netty.handler.codec.ByteToMessageDecoder.fireChannelRead(ByteToMessageDecoder.java:346) ~[netty-codec-4.1.109.Final.jar:4.1.109.Final]
		at io.netty.handler.codec.ByteToMessageDecoder.channelRead(ByteToMessageDecoder.java:318) ~[netty-codec-4.1.109.Final.jar:4.1.109.Final]
		at io.netty.channel.CombinedChannelDuplexHandler.channelRead(CombinedChannelDuplexHandler.java:251) ~[netty-transport-4.1.109.Final.jar:4.1.109.Final]
		at io.netty.channel.AbstractChannelHandlerContext.invokeChannelRead(AbstractChannelHandlerContext.java:442) ~[netty-transport-4.1.109.Final.jar:4.1.109.Final]
		at io.netty.channel.AbstractChannelHandlerContext.invokeChannelRead(AbstractChannelHandlerContext.java:420) ~[netty-transport-4.1.109.Final.jar:4.1.109.Final]
		at io.netty.channel.AbstractChannelHandlerContext.fireChannelRead(AbstractChannelHandlerContext.java:412) ~[netty-transport-4.1.109.Final.jar:4.1.109.Final]
		at io.netty.channel.DefaultChannelPipeline$HeadContext.channelRead(DefaultChannelPipeline.java:1410) ~[netty-transport-4.1.109.Final.jar:4.1.109.Final]
		at io.netty.channel.AbstractChannelHandlerContext.invokeChannelRead(AbstractChannelHandlerContext.java:440) ~[netty-transport-4.1.109.Final.jar:4.1.109.Final]
		at io.netty.channel.AbstractChannelHandlerContext.invokeChannelRead(AbstractChannelHandlerContext.java:420) ~[netty-transport-4.1.109.Final.jar:4.1.109.Final]
		at io.netty.channel.DefaultChannelPipeline.fireChannelRead(DefaultChannelPipeline.java:919) ~[netty-transport-4.1.109.Final.jar:4.1.109.Final]
		at io.netty.channel.epoll.AbstractEpollStreamChannel$EpollStreamUnsafe.epollInReady(AbstractEpollStreamChannel.java:801) ~[netty-transport-classes-epoll-4.1.109.Final.jar:4.1.109.Final]
		at io.netty.channel.epoll.EpollEventLoop.processReady(EpollEventLoop.java:501) ~[netty-transport-classes-epoll-4.1.109.Final.jar:4.1.109.Final]
		at io.netty.channel.epoll.EpollEventLoop.run(EpollEventLoop.java:399) ~[netty-transport-classes-epoll-4.1.109.Final.jar:4.1.109.Final]
		at io.netty.util.concurrent.SingleThreadEventExecutor$4.run(SingleThreadEventExecutor.java:997) ~[netty-common-4.1.109.Final.jar:4.1.109.Final]
		at io.netty.util.internal.ThreadExecutorMap$2.run(ThreadExecutorMap.java:74) ~[netty-common-4.1.109.Final.jar:4.1.109.Final]
		at io.netty.util.concurrent.FastThreadLocalRunnable.run(FastThreadLocalRunnable.java:30) ~[netty-common-4.1.109.Final.jar:4.1.109.Final]
		at java.base/java.lang.Thread.run(Thread.java:1583) ~[na:na]
	Suppressed: java.lang.Exception: #block terminated with an error
		at reactor.core.publisher.BlockingSingleSubscriber.blockingGet(BlockingSingleSubscriber.java:104) ~[reactor-core-3.6.5.jar:3.6.5]
		at reactor.core.publisher.Mono.block(Mono.java:1779) ~[reactor-core-3.6.5.jar:3.6.5]
		at com.marketinghub.facebookadsworker.facebookcampaign.FacebookCampaignMetricsService.reportMetricsError(FacebookCampaignMetricsService.java:369) ~[classes/:na]
		at com.marketinghub.facebookadsworker.facebookcampaign.FacebookCampaignMetricsService.processTarget(FacebookCampaignMetricsService.java:130) ~[classes/:na]
		at com.marketinghub.facebookadsworker.facebookcampaign.FacebookCampaignMetricsService.syncCampaignMetrics(FacebookCampaignMetricsService.java:94) ~[classes/:na]
		at com.marketinghub.facebookadsworker.facebookcampaign.FacebookCampaignMetricsScheduler.scheduleMetricsSync(FacebookCampaignMetricsScheduler.java:16) ~[classes/:na]
		at java.base/jdk.internal.reflect.DirectMethodHandleAccessor.invoke(DirectMethodHandleAccessor.java:103) ~[na:na]
		at java.base/java.lang.reflect.Method.invoke(Method.java:580) ~[na:na]
		at org.springframework.scheduling.support.ScheduledMethodRunnable.runInternal(ScheduledMethodRunnable.java:130) ~[spring-context-6.1.6.jar:6.1.6]
		at org.springframework.scheduling.support.ScheduledMethodRunnable.lambda$run$2(ScheduledMethodRunnable.java:124) ~[spring-context-6.1.6.jar:6.1.6]
		at io.micrometer.observation.Observation.observe(Observation.java:499) ~[micrometer-observation-1.12.5.jar:1.12.5]
		at org.springframework.scheduling.support.ScheduledMethodRunnable.run(ScheduledMethodRunnable.java:124) ~[spring-context-6.1.6.jar:6.1.6]
		at org.springframework.scheduling.support.DelegatingErrorHandlingRunnable.run(DelegatingErrorHandlingRunnable.java:54) ~[spring-context-6.1.6.jar:6.1.6]
		at java.base/java.util.concurrent.Executors$RunnableAdapter.call(Executors.java:572) ~[na:na]
		at java.base/java.util.concurrent.FutureTask.runAndReset(FutureTask.java:358) ~[na:na]
		at java.base/java.util.concurrent.ScheduledThreadPoolExecutor$ScheduledFutureTask.run(ScheduledThreadPoolExecutor.java:305) ~[na:na]
		at java.base/java.util.concurrent.ThreadPoolExecutor.runWorker(ThreadPoolExecutor.java:1144) ~[na:na]
		at java.base/java.util.concurrent.ThreadPoolExecutor$Worker.run(ThreadPoolExecutor.java:642) ~[na:na]
		at java.base/java.lang.Thread.run(Thread.java:1583) ~[na:na]

2026-07-12T10:33:39.017Z  INFO 33104 --- [facebook-ads-worker] [scheduling-1] .m.f.c.FacebookWorkerConfigurationClient : Requesting Facebook worker configuration from backend: url==>http://191.252.181.168/api/accounts/facebook/worker-config, params={}
2026-07-12T10:33:39.154Z  INFO 33104 --- [facebook-ads-worker] [scheduling-1] .m.f.c.FacebookWorkerConfigurationClient : Received Facebook worker configuration response from backend: url<==http://191.252.181.168/api/accounts/facebook/worker-config, response={"accountId":1,"adAccountId":"939323521124952","accessToken":"EAALKZCklBIpoBRp8TLLvqERh459ZBdy2L3H1NAzasViZAGa9FLJJxH227vaJ99xvqjr9SbWqbQavpNDwiyXghDm3GZAq3qa5cDl5M7eLPRsw6MrxFLLlxanSLOgrQUWAZBT0OMYZC70DXZBobQzLhKZAT2UyiqNIZCpb0jAAfZA2RZAojXXmlxYyjgoCYJAJfen4sfGJnJb1Iqn","systemUserAccessToken":"EAALKZCklBIpoBRPrMY5ZBnwKiqZAavOWuAOdDZBE69CD5YC7L1t6B7AVEyw5BwE9TJaySajAlR2DoYoMC4Q2ZBbLcOYmuRqG3BhRgxdx2iwniUKd48S2CyZCaY22e9JJMvPefi8CoSZBc2juarNGTGVumExY2qTdA9ZC8lgcV69ZCeCCh2MmCzqEyKU0QR9N5NwZDZD","pixelOwnerBusinessId":"1337293866974593","appId":"786143452930714","appSecret":"050a9e2d05d33c783ebef4c0d12c095d","defaultPageId":null,"defaultInstagramActorId":null,"defaultWebsiteUrl":"http://191.252.92.222:3000/accounts/facebook","defaultLeadGenFormId":null,"defaultCreativeMessageTemplate":"%s","defaultCallToActionType":"LEARN_MORE","adSetDailyBudget":"2000","adSetBillingEvent":"IMPRESSIONS","adSetOptimizationGoal":"LINK_CLICKS","adSetDestinationType":"WEBSITE","adSetBidStrategy":"LOWEST_COST_WITHOUT_CAP","adSetBidAmount":null,"adSetTargetCountry":"BR"}
2026-07-12T10:33:39.154Z  INFO 33104 --- [facebook-ads-worker] [scheduling-1] c.m.f.f.FacebookCampaignService          : Requesting experiments ready for Facebook campaigns from backend: url==>http://191.252.181.168/api/facebook-campaigns/experiments-ready, params={}
2026-07-12T10:33:40.211Z  INFO 33104 --- [facebook-ads-worker] [scheduling-1] c.m.f.f.FacebookCampaignService          : Received experiments response from backend: url<==http://191.252.181.168/api/facebook-campaigns/experiments-ready, response=[]
2026-07-12T10:33:40.212Z  INFO 33104 --- [facebook-ads-worker] [scheduling-1] .m.f.c.FacebookWorkerConfigurationClient : Requesting Facebook worker configuration from backend: url==>http://191.252.181.168/api/accounts/facebook/worker-config, params={}
2026-07-12T10:33:40.355Z  INFO 33104 --- [facebook-ads-worker] [scheduling-1] .m.f.c.FacebookWorkerConfigurationClient : Received Facebook worker configuration response from backend: url<==http://191.252.181.168/api/accounts/facebook/worker-config, response={"accountId":1,"adAccountId":"939323521124952","accessToken":"EAALKZCklBIpoBRp8TLLvqERh459ZBdy2L3H1NAzasViZAGa9FLJJxH227vaJ99xvqjr9SbWqbQavpNDwiyXghDm3GZAq3qa5cDl5M7eLPRsw6MrxFLLlxanSLOgrQUWAZBT0OMYZC70DXZBobQzLhKZAT2UyiqNIZCpb0jAAfZA2RZAojXXmlxYyjgoCYJAJfen4sfGJnJb1Iqn","systemUserAccessToken":"EAALKZCklBIpoBRPrMY5ZBnwKiqZAavOWuAOdDZBE69CD5YC7L1t6B7AVEyw5BwE9TJaySajAlR2DoYoMC4Q2ZBbLcOYmuRqG3BhRgxdx2iwniUKd48S2CyZCaY22e9JJMvPefi8CoSZBc2juarNGTGVumExY2qTdA9ZC8lgcV69ZCeCCh2MmCzqEyKU0QR9N5NwZDZD","pixelOwnerBusinessId":"1337293866974593","appId":"786143452930714","appSecret":"050a9e2d05d33c783ebef4c0d12c095d","defaultPageId":null,"defaultInstagramActorId":null,"defaultWebsiteUrl":"http://191.252.92.222:3000/accounts/facebook","defaultLeadGenFormId":null,"defaultCreativeMessageTemplate":"%s","defaultCallToActionType":"LEARN_MORE","adSetDailyBudget":"2000","adSetBillingEvent":"IMPRESSIONS","adSetOptimizationGoal":"LINK_CLICKS","adSetDestinationType":"WEBSITE","adSetBidStrategy":"LOWEST_COST_WITHOUT_CAP","adSetBidAmount":null,"adSetTargetCountry":"BR"}
2026-07-12T10:33:40.355Z  INFO 33104 --- [facebook-ads-worker] [scheduling-1] c.m.f.f.FacebookCampaignService          : Requesting Facebook campaign stop requests from backend: url==>http://191.252.181.168/api/facebook-campaigns/stop-requests, params={}
2026-07-12T10:33:40.507Z  INFO 33104 --- [facebook-ads-worker] [scheduling-1] c.m.f.f.FacebookCampaignService          : Received stop requests from backend: url<==http://191.252.181.168/api/facebook-campaigns/stop-requests, response=[{"id":"120250219212720326","externalId":"120250219212720326","adAccountId":"939323521124952","experimentId":63,"stopReason":"ADMIN_EXPERIMENT_PAUSED"}]
2026-07-12T10:33:40.509Z  INFO 33104 --- [facebook-ads-worker] [scheduling-1] c.m.f.FacebookAdsService                 : Sending POST request to Facebook API: path==>/v23.0/120250219212720326, body={"access_token":"EAA...Iqn","status":"PAUSED"}
2026-07-12T10:33:41.453Z  INFO 33104 --- [facebook-ads-worker] [scheduling-1] c.m.f.FacebookAdsService                 : Facebook API response received: method=POST, path<==/v23.0/120250219212720326, status=200 200 OK, headers={"x-fb-request-id":["AU_...QF-"],"x-fb-trace-id":["AUC...ex+"],"X-FB-Connection-Quality":["EXC...t=0"],"Alt-Svc":["h3=...400"],"Access-Control-Allow-Origin":["***"],"Connection":["kee...ive"],"x-fb-rev":["104...507"],"x-ad-api-version-warning":["The...ed."],"Pragma":["no-...che"],"x-business-use-case-usage":["{\"9...}]}"],"Date":["Sun...GMT"],"Strict-Transport-Security":["max...oad"],"Cache-Control":["pri...ate"],"Vary":["***"],"Expires":["Sat...GMT"],"X-FB-Debug":["Lk9...w=="],"Content-Length":["***"],"facebook-api-version":["***"],"Content-Type":["app...F-8"]}, body={"success":true}
2026-07-12T10:33:41.454Z  INFO 33104 --- [facebook-ads-worker] [scheduling-1] c.m.f.f.FacebookCampaignService          : Paused Facebook campaign 120250219212720326 requested for experiment 63
2026-07-12T10:33:41.454Z  INFO 33104 --- [facebook-ads-worker] [scheduling-1] c.m.f.f.FacebookCampaignService          : Reporting Facebook campaign stop result to backend: url==>http://191.252.181.168/api/facebook-campaigns/120250219212720326/stop-results, payload={"success":true,"message":null}
2026-07-12T10:33:41.617Z  INFO 33104 --- [facebook-ads-worker] [scheduling-1] .m.f.f.FacebookInterestValidationService : Requesting pending Facebook interests for validation: url==>http://191.252.181.168/api/facebook-interests/pending, params={}
2026-07-12T10:33:41.765Z  INFO 33104 --- [facebook-ads-worker] [scheduling-1] .m.f.f.FacebookInterestValidationService : Received pending Facebook interests from backend: url<==http://191.252.181.168/api/facebook-interests/pending, response=[]
2026-07-12T10:33:41.766Z  INFO 33104 --- [facebook-ads-worker] [scheduling-1] .m.f.c.FacebookWorkerConfigurationClient : Requesting Facebook worker configuration from backend: url==>http://191.252.181.168/api/accounts/facebook/worker-config, params={}
2026-07-12T10:33:41.929Z  INFO 33104 --- [facebook-ads-worker] [scheduling-1] .m.f.c.FacebookWorkerConfigurationClient : Received Facebook worker configuration response from backend: url<==http://191.252.181.168/api/accounts/facebook/worker-config, response={"accountId":1,"adAccountId":"939323521124952","accessToken":"EAALKZCklBIpoBRp8TLLvqERh459ZBdy2L3H1NAzasViZAGa9FLJJxH227vaJ99xvqjr9SbWqbQavpNDwiyXghDm3GZAq3qa5cDl5M7eLPRsw6MrxFLLlxanSLOgrQUWAZBT0OMYZC70DXZBobQzLhKZAT2UyiqNIZCpb0jAAfZA2RZAojXXmlxYyjgoCYJAJfen4sfGJnJb1Iqn","systemUserAccessToken":"EAALKZCklBIpoBRPrMY5ZBnwKiqZAavOWuAOdDZBE69CD5YC7L1t6B7AVEyw5BwE9TJaySajAlR2DoYoMC4Q2ZBbLcOYmuRqG3BhRgxdx2iwniUKd48S2CyZCaY22e9JJMvPefi8CoSZBc2juarNGTGVumExY2qTdA9ZC8lgcV69ZCeCCh2MmCzqEyKU0QR9N5NwZDZD","pixelOwnerBusinessId":"1337293866974593","appId":"786143452930714","appSecret":"050a9e2d05d33c783ebef4c0d12c095d","defaultPageId":null,"defaultInstagramActorId":null,"defaultWebsiteUrl":"http://191.252.92.222:3000/accounts/facebook","defaultLeadGenFormId":null,"defaultCreativeMessageTemplate":"%s","defaultCallToActionType":"LEARN_MORE","adSetDailyBudget":"2000","adSetBillingEvent":"IMPRESSIONS","adSetOptimizationGoal":"LINK_CLICKS","adSetDestinationType":"WEBSITE","adSetBidStrategy":"LOWEST_COST_WITHOUT_CAP","adSetBidAmount":null,"adSetTargetCountry":"BR"}
2026-07-12T10:33:41.930Z  INFO 33104 --- [facebook-ads-worker] [scheduling-1] c.m.f.FacebookAdsService                 : Facebook access token updated: previousToken=EAA...Iqn, newToken=EAA...Iqn
2026-07-12T10:33:41.930Z  INFO 33104 --- [facebook-ads-worker] [scheduling-1] c.m.f.f.FacebookPixelService             : Requesting pending pixel creation requests: url==>http://191.252.181.168/api/facebook-pixels/pending, params={}
2026-07-12T10:33:42.067Z  INFO 33104 --- [facebook-ads-worker] [scheduling-1] c.m.f.f.FacebookPixelService             : Received pending pixel creation requests: url<==http://191.252.181.168/api/facebook-pixels/pending, response=[]
2026-07-12T10:33:42.068Z  INFO 33104 --- [facebook-ads-worker] [scheduling-1] c.m.f.f.FacebookPixelService             : Requesting approved purchases pending pixel conversion: url==>http://191.252.181.168/api/facebook-pixels/conversions-ready
2026-07-12T10:33:42.201Z  INFO 33104 --- [facebook-ads-worker] [scheduling-1] c.m.f.f.FacebookPixelService             : Received pixel conversion candidates: url<==http://191.252.181.168/api/facebook-pixels/conversions-ready, response=[]
2026-07-12T10:33:42.201Z  INFO 33104 --- [facebook-ads-worker] [scheduling-1] c.m.f.f.TargetingBackendClient           : Requesting targeting elements pending Meta Ads enrichment: url==>http://191.252.181.168/api/internal/targeting/elements/metaads-pending, params=limit=100
2026-07-12T10:33:42.330Z  INFO 33104 --- [facebook-ads-worker] [scheduling-1] c.m.f.f.TargetingBackendClient           : Received targeting elements pending Meta Ads enrichment: url<==http://191.252.181.168/api/internal/targeting/elements/metaads-pending, response=[]
2026-07-12T10:33:42.331Z  INFO 33104 --- [facebook-ads-worker] [scheduling-1] c.m.f.f.FacebookTokenRenewalService      : Requesting Facebook accounts eligible for token renewal from backend: url==>http://191.252.181.168/api/accounts/facebook/renewal/eligible, params={}
2026-07-12T10:33:42.467Z  INFO 33104 --- [facebook-ads-worker] [scheduling-1] c.m.f.f.FacebookTokenRenewalService      : Received eligible Facebook accounts response from backend: url<==http://191.252.181.168/api/accounts/facebook/renewal/eligible, response=[]
2026-07-12T10:33:42.468Z  INFO 33104 --- [facebook-ads-worker] [scheduling-1] c.m.f.m.MetaAudienceBackendClient        : Requesting pending Meta audiences: url==>http://191.252.181.168/api/internal/meta-audiences/pending?limit=5
2026-07-12T10:33:42.657Z  INFO 33104 --- [facebook-ads-worker] [scheduling-1] c.m.f.m.MetaAudienceBackendClient        : Received pending Meta audiences: url<==http://191.252.181.168/api/internal/meta-audiences/pending?limit=5, response=[]
2026-07-12T10:33:46.617Z  INFO 33104 --- [facebook-ads-worker] [scheduling-1] .m.f.c.FacebookWorkerConfigurationClient : Requesting Facebook worker configuration from backend: url==>http://191.252.181.168/api/accounts/facebook/worker-config, params={}
2026-07-12T10:33:46.754Z  INFO 33104 --- [facebook-ads-worker] [scheduling-1] .m.f.c.FacebookWorkerConfigurationClient : Received Facebook worker configuration response from backend: url<==http://191.252.181.168/api/accounts/facebook/worker-config, response={"accountId":1,"adAccountId":"939323521124952","accessToken":"EAALKZCklBIpoBRp8TLLvqERh459ZBdy2L3H1NAzasViZAGa9FLJJxH227vaJ99xvqjr9SbWqbQavpNDwiyXghDm3GZAq3qa5cDl5M7eLPRsw6MrxFLLlxanSLOgrQUWAZBT0OMYZC70DXZBobQzLhKZAT2UyiqNIZCpb0jAAfZA2RZAojXXmlxYyjgoCYJAJfen4sfGJnJb1Iqn","systemUserAccessToken":"EAALKZCklBIpoBRPrMY5ZBnwKiqZAavOWuAOdDZBE69CD5YC7L1t6B7AVEyw5BwE9TJaySajAlR2DoYoMC4Q2ZBbLcOYmuRqG3BhRgxdx2iwniUKd48S2CyZCaY22e9JJMvPefi8CoSZBc2juarNGTGVumExY2qTdA9ZC8lgcV69ZCeCCh2MmCzqEyKU0QR9N5NwZDZD","pixelOwnerBusinessId":"1337293866974593","appId":"786143452930714","appSecret":"050a9e2d05d33c783ebef4c0d12c095d","defaultPageId":null,"defaultInstagramActorId":null,"defaultWebsiteUrl":"http://191.252.92.222:3000/accounts/facebook","defaultLeadGenFormId":null,"defaultCreativeMessageTemplate":"%s","defaultCallToActionType":"LEARN_MORE","adSetDailyBudget":"2000","adSetBillingEvent":"IMPRESSIONS","adSetOptimizationGoal":"LINK_CLICKS","adSetDestinationType":"WEBSITE","adSetBidStrategy":"LOWEST_COST_WITHOUT_CAP","adSetBidAmount":null,"adSetTargetCountry":"BR"}
2026-07-12T10:33:46.755Z  INFO 33104 --- [facebook-ads-worker] [scheduling-1] c.m.f.f.FacebookCampaignService          : Requesting Facebook campaign stop requests from backend: url==>http://191.252.181.168/api/facebook-campaigns/stop-requests, params={}
2026-07-12T10:33:46.885Z  INFO 33104 --- [facebook-ads-worker] [scheduling-1] c.m.f.f.FacebookCampaignService          : Received stop requests from backend: url<==http://191.252.181.168/api/facebook-campaigns/stop-requests, response=[]
2026-07-12T10:33:51.885Z  INFO 33104 --- [facebook-ads-worker] [scheduling-1] .m.f.c.FacebookWorkerConfigurationClient : Requesting Facebook worker configuration from backend: url==>http://191.252.181.168/api/accounts/facebook/worker-config, params={}
2026-07-12T10:33:52.022Z  INFO 33104 --- [facebook-ads-worker] [scheduling-1] .m.f.c.FacebookWorkerConfigurationClient : Received Facebook worker configuration response from backend: url<==http://191.252.181.168/api/accounts/facebook/worker-config, response={"accountId":1,"adAccountId":"939323521124952","accessToken":"EAALKZCklBIpoBRp8TLLvqERh459ZBdy2L3H1NAzasViZAGa9FLJJxH227vaJ99xvqjr9SbWqbQavpNDwiyXghDm3GZAq3qa5cDl5M7eLPRsw6MrxFLLlxanSLOgrQUWAZBT0OMYZC70DXZBobQzLhKZAT2UyiqNIZCpb0jAAfZA2RZAojXXmlxYyjgoCYJAJfen4sfGJnJb1Iqn","systemUserAccessToken":"EAALKZCklBIpoBRPrMY5ZBnwKiqZAavOWuAOdDZBE69CD5YC7L1t6B7AVEyw5BwE9TJaySajAlR2DoYoMC4Q2ZBbLcOYmuRqG3BhRgxdx2iwniUKd48S2CyZCaY22e9JJMvPefi8CoSZBc2juarNGTGVumExY2qTdA9ZC8lgcV69ZCeCCh2MmCzqEyKU0QR9N5NwZDZD","pixelOwnerBusinessId":"1337293866974593","appId":"786143452930714","appSecret":"050a9e2d05d33c783ebef4c0d12c095d","defaultPageId":null,"defaultInstagramActorId":null,"defaultWebsiteUrl":"http://191.252.92.222:3000/accounts/facebook","defaultLeadGenFormId":null,"defaultCreativeMessageTemplate":"%s","defaultCallToActionType":"LEARN_MORE","adSetDailyBudget":"2000","adSetBillingEvent":"IMPRESSIONS","adSetOptimizationGoal":"LINK_CLICKS","adSetDestinationType":"WEBSITE","adSetBidStrategy":"LOWEST_COST_WITHOUT_CAP","adSetBidAmount":null,"adSetTargetCountry":"BR"}
2026-07-12T10:33:52.022Z  INFO 33104 --- [facebook-ads-worker] [scheduling-1] c.m.f.f.FacebookCampaignService          : Requesting Facebook campaign stop requests from backend: url==>http://191.252.181.168/api/facebook-campaigns/stop-requests, params={}
2026-07-12T10:33:52.157Z  INFO 33104 --- [facebook-ads-worker] [scheduling-1] c.m.f.f.FacebookCampaignService          : Received stop requests from backend: url<==http://191.252.181.168/api/facebook-campaigns/stop-requests, response=[]
2026-07-12T10:33:57.158Z  INFO 33104 --- [facebook-ads-worker] [scheduling-1] .m.f.c.FacebookWorkerConfigurationClient : Requesting Facebook worker configuration from backend: url==>http://191.252.181.168/api/accounts/facebook/worker-config, params={}
2026-07-12T10:33:57.294Z  INFO 33104 --- [facebook-ads-worker] [scheduling-1] .m.f.c.FacebookWorkerConfigurationClient : Received Facebook worker configuration response from backend: url<==http://191.252.181.168/api/accounts/facebook/worker-config, response={"accountId":1,"adAccountId":"939323521124952","accessToken":"EAALKZCklBIpoBRp8TLLvqERh459ZBdy2L3H1NAzasViZAGa9FLJJxH227vaJ99xvqjr9SbWqbQavpNDwiyXghDm3GZAq3qa5cDl5M7eLPRsw6MrxFLLlxanSLOgrQUWAZBT0OMYZC70DXZBobQzLhKZAT2UyiqNIZCpb0jAAfZA2RZAojXXmlxYyjgoCYJAJfen4sfGJnJb1Iqn","systemUserAccessToken":"EAALKZCklBIpoBRPrMY5ZBnwKiqZAavOWuAOdDZBE69CD5YC7L1t6B7AVEyw5BwE9TJaySajAlR2DoYoMC4Q2ZBbLcOYmuRqG3BhRgxdx2iwniUKd48S2CyZCaY22e9JJMvPefi8CoSZBc2juarNGTGVumExY2qTdA9ZC8lgcV69ZCeCCh2MmCzqEyKU0QR9N5NwZDZD","pixelOwnerBusinessId":"1337293866974593","appId":"786143452930714","appSecret":"050a9e2d05d33c783ebef4c0d12c095d","defaultPageId":null,"defaultInstagramActorId":null,"defaultWebsiteUrl":"http://191.252.92.222:3000/accounts/facebook","defaultLeadGenFormId":null,"defaultCreativeMessageTemplate":"%s","defaultCallToActionType":"LEARN_MORE","adSetDailyBudget":"2000","adSetBillingEvent":"IMPRESSIONS","adSetOptimizationGoal":"LINK_CLICKS","adSetDestinationType":"WEBSITE","adSetBidStrategy":"LOWEST_COST_WITHOUT_CAP","adSetBidAmount":null,"adSetTargetCountry":"BR"}
2026-07-12T10:33:57.294Z  INFO 33104 --- [facebook-ads-worker] [scheduling-1] c.m.f.f.FacebookCampaignService          : Requesting Facebook campaign stop requests from backend: url==>http://191.252.181.168/api/facebook-campaigns/stop-requests, params={}
2026-07-12T10:33:57.424Z  INFO 33104 --- [facebook-ads-worker] [scheduling-1] c.m.f.f.FacebookCampaignService          : Received stop requests from backend: url<==http://191.252.181.168/api/facebook-campaigns/stop-requests, response=[]
2026-07-12T10:34:02.425Z  INFO 33104 --- [facebook-ads-worker] [scheduling-1] .m.f.c.FacebookWorkerConfigurationClient : Requesting Facebook worker configuration from backend: url==>http://191.252.181.168/api/accounts/facebook/worker-config, params={}
2026-07-12T10:34:02.561Z  INFO 33104 --- [facebook-ads-worker] [scheduling-1] .m.f.c.FacebookWorkerConfigurationClient : Received Facebook worker configuration response from backend: url<==http://191.252.181.168/api/accounts/facebook/worker-config, response={"accountId":1,"adAccountId":"939323521124952","accessToken":"EAALKZCklBIpoBRp8TLLvqERh459ZBdy2L3H1NAzasViZAGa9FLJJxH227vaJ99xvqjr9SbWqbQavpNDwiyXghDm3GZAq3qa5cDl5M7eLPRsw6MrxFLLlxanSLOgrQUWAZBT0OMYZC70DXZBobQzLhKZAT2UyiqNIZCpb0jAAfZA2RZAojXXmlxYyjgoCYJAJfen4sfGJnJb1Iqn","systemUserAccessToken":"EAALKZCklBIpoBRPrMY5ZBnwKiqZAavOWuAOdDZBE69CD5YC7L1t6B7AVEyw5BwE9TJaySajAlR2DoYoMC4Q2ZBbLcOYmuRqG3BhRgxdx2iwniUKd48S2CyZCaY22e9JJMvPefi8CoSZBc2juarNGTGVumExY2qTdA9ZC8lgcV69ZCeCCh2MmCzqEyKU0QR9N5NwZDZD","pixelOwnerBusinessId":"1337293866974593","appId":"786143452930714","appSecret":"050a9e2d05d33c783ebef4c0d12c095d","defaultPageId":null,"defaultInstagramActorId":null,"defaultWebsiteUrl":"http://191.252.92.222:3000/accounts/facebook","defaultLeadGenFormId":null,"defaultCreativeMessageTemplate":"%s","defaultCallToActionType":"LEARN_MORE","adSetDailyBudget":"2000","adSetBillingEvent":"IMPRESSIONS","adSetOptimizationGoal":"LINK_CLICKS","adSetDestinationType":"WEBSITE","adSetBidStrategy":"LOWEST_COST_WITHOUT_CAP","adSetBidAmount":null,"adSetTargetCountry":"BR"}
2026-07-12T10:34:02.561Z  INFO 33104 --- [facebook-ads-worker] [scheduling-1] c.m.f.f.FacebookCampaignService          : Requesting Facebook campaign stop requests from backend: url==>http://191.252.181.168/api/facebook-campaigns/stop-requests, params={}
2026-07-12T10:34:02.693Z  INFO 33104 --- [facebook-ads-worker] [scheduling-1] c.m.f.f.FacebookCampaignService          : Received stop requests from backend: url<==http://191.252.181.168/api/facebook-campaigns/stop-requests, response=[]
2026-07-12T10:34:05.746Z  INFO 33104 --- [facebook-ads-worker] [SpringApplicationShutdownHook] com.zaxxer.hikari.HikariDataSource       : marketingHubPool - Shutdown initiated...
2026-07-12T10:34:05.749Z  INFO 33104 --- [facebook-ads-worker] [SpringApplicationShutdownHook] com.zaxxer.hikari.HikariDataSource       : marketingHubPool - Shutdown completed.
2026-07-12T10:40:49.561Z  INFO 33998 --- [facebook-ads-worker] [main] c.m.f.FacebookAdsWorkerApplication       : Starting FacebookAdsWorkerApplication using Java 21.0.11 with PID 33998 (/root/ai-hub/src/ai-hub-475e0f7d-99a3-41a0-9f67-59f7532dec6d-XTOgaA/repo/facebook-ads-worker/target/classes started by root in /root/ai-hub/src/ai-hub-475e0f7d-99a3-41a0-9f67-59f7532dec6d-XTOgaA/repo/facebook-ads-worker)
2026-07-12T10:40:49.562Z  INFO 33998 --- [facebook-ads-worker] [main] c.m.f.FacebookAdsWorkerApplication       : No active profile set, falling back to 1 default profile: "default"
2026-07-12T10:40:50.305Z  INFO 33998 --- [facebook-ads-worker] [main] .s.d.r.c.RepositoryConfigurationDelegate : Bootstrapping Spring Data JDBC repositories in DEFAULT mode.
2026-07-12T10:40:50.330Z  INFO 33998 --- [facebook-ads-worker] [main] .s.d.r.c.RepositoryConfigurationDelegate : Finished Spring Data repository scanning in 21 ms. Found 0 JDBC repository interfaces.
2026-07-12T10:40:50.682Z  INFO 33998 --- [facebook-ads-worker] [main] o.s.b.w.embedded.tomcat.TomcatWebServer  : Tomcat initialized with port 4568 (http)
2026-07-12T10:40:50.689Z  INFO 33998 --- [facebook-ads-worker] [main] o.apache.catalina.core.StandardService   : Starting service [Tomcat]
2026-07-12T10:40:50.689Z  INFO 33998 --- [facebook-ads-worker] [main] o.apache.catalina.core.StandardEngine    : Starting Servlet engine: [Apache Tomcat/10.1.20]
2026-07-12T10:40:50.714Z  INFO 33998 --- [facebook-ads-worker] [main] o.a.c.c.C.[Tomcat].[localhost].[/]       : Initializing Spring embedded WebApplicationContext
2026-07-12T10:40:50.715Z  INFO 33998 --- [facebook-ads-worker] [main] w.s.c.ServletWebServerApplicationContext : Root WebApplicationContext: initialization completed in 1127 ms
2026-07-12T10:40:51.008Z  INFO 33998 --- [facebook-ads-worker] [main] c.m.f.FacebookAdsService                 : Configured Facebook Graph API version: v23.0
2026-07-12T10:40:51.675Z  INFO 33998 --- [facebook-ads-worker] [main] com.zaxxer.hikari.HikariDataSource       : marketingHubPool - Starting...
2026-07-12T10:40:56.016Z  INFO 33998 --- [facebook-ads-worker] [main] com.zaxxer.hikari.pool.HikariPool        : marketingHubPool - Added connection com.mysql.cj.jdbc.ConnectionImpl@21e39b82
2026-07-12T10:40:56.017Z  INFO 33998 --- [facebook-ads-worker] [main] com.zaxxer.hikari.HikariDataSource       : marketingHubPool - Start completed.
2026-07-12T10:40:56.088Z  INFO 33998 --- [facebook-ads-worker] [main] o.s.b.a.e.web.EndpointLinksResolver      : Exposing 4 endpoint(s) beneath base path '/worker-observability'
2026-07-12T10:40:56.125Z  INFO 33998 --- [facebook-ads-worker] [main] o.s.b.w.embedded.tomcat.TomcatWebServer  : Tomcat started on port 4568 (http) with context path ''
2026-07-12T10:40:56.134Z  INFO 33998 --- [facebook-ads-worker] [main] c.m.f.FacebookAdsWorkerApplication       : Started FacebookAdsWorkerApplication in 6.806 seconds (process running for 6.98)
2026-07-12T10:40:56.140Z  INFO 33998 --- [facebook-ads-worker] [scheduling-1] .m.f.c.FacebookWorkerConfigurationClient : Requesting Facebook worker configuration from backend: url==>http://localhost:8001/api/accounts/facebook/worker-config, params={}
2026-07-12T10:40:57.092Z  INFO 33998 --- [facebook-ads-worker] [scheduling-1] .m.f.c.FacebookWorkerConfigurationClient : Received Facebook worker configuration response from backend: url<==http://localhost:8001/api/accounts/facebook/worker-config, response={"accountId":1,"adAccountId":"939323521124952","accessToken":"EAALKZCklBIpoBRp8TLLvqERh459ZBdy2L3H1NAzasViZAGa9FLJJxH227vaJ99xvqjr9SbWqbQavpNDwiyXghDm3GZAq3qa5cDl5M7eLPRsw6MrxFLLlxanSLOgrQUWAZBT0OMYZC70DXZBobQzLhKZAT2UyiqNIZCpb0jAAfZA2RZAojXXmlxYyjgoCYJAJfen4sfGJnJb1Iqn","systemUserAccessToken":"EAALKZCklBIpoBRPrMY5ZBnwKiqZAavOWuAOdDZBE69CD5YC7L1t6B7AVEyw5BwE9TJaySajAlR2DoYoMC4Q2ZBbLcOYmuRqG3BhRgxdx2iwniUKd48S2CyZCaY22e9JJMvPefi8CoSZBc2juarNGTGVumExY2qTdA9ZC8lgcV69ZCeCCh2MmCzqEyKU0QR9N5NwZDZD","pixelOwnerBusinessId":"1337293866974593","appId":"786143452930714","appSecret":"050a9e2d05d33c783ebef4c0d12c095d","defaultPageId":null,"defaultInstagramActorId":null,"defaultWebsiteUrl":"http://191.252.92.222:3000/accounts/facebook","defaultLeadGenFormId":null,"defaultCreativeMessageTemplate":"%s","defaultCallToActionType":"LEARN_MORE","adSetDailyBudget":"2000","adSetBillingEvent":"IMPRESSIONS","adSetOptimizationGoal":"LINK_CLICKS","adSetDestinationType":"WEBSITE","adSetBidStrategy":"LOWEST_COST_WITHOUT_CAP","adSetBidAmount":null,"adSetTargetCountry":"BR"}
2026-07-12T10:40:57.098Z  INFO 33998 --- [facebook-ads-worker] [scheduling-1] c.m.f.FacebookAdsService                 : Facebook access token updated: previousToken=null, newToken=EAA...Iqn
2026-07-12T10:40:58.268Z  WARN 33998 --- [facebook-ads-worker] [scheduling-1] c.m.f.f.FacebookCampaignMetricsService   : Could not sync Facebook status snapshot for campaign : 400 Bad Request from GET https://graph.facebook.com/v23.0/

org.springframework.web.reactive.function.client.WebClientResponseException$BadRequest: 400 Bad Request from GET https://graph.facebook.com/v23.0/
	at org.springframework.web.reactive.function.client.WebClientResponseException.create(WebClientResponseException.java:307) ~[spring-webflux-6.1.6.jar:6.1.6]
	Suppressed: reactor.core.publisher.FluxOnAssembly$OnAssemblyException: 
Error has been observed at the following site(s):
	*__checkpoint ⇢ 400 BAD_REQUEST from GET https://graph.facebook.com/v23.0/ [DefaultWebClient]
Original Stack Trace:
		at org.springframework.web.reactive.function.client.WebClientResponseException.create(WebClientResponseException.java:307) ~[spring-webflux-6.1.6.jar:6.1.6]
		at org.springframework.web.reactive.function.client.DefaultClientResponse.lambda$createException$1(DefaultClientResponse.java:214) ~[spring-webflux-6.1.6.jar:6.1.6]
		at reactor.core.publisher.FluxMap$MapSubscriber.onNext(FluxMap.java:106) ~[reactor-core-3.6.5.jar:3.6.5]
		at reactor.core.publisher.FluxOnErrorReturn$ReturnSubscriber.onNext(FluxOnErrorReturn.java:162) ~[reactor-core-3.6.5.jar:3.6.5]
		at reactor.core.publisher.FluxDefaultIfEmpty$DefaultIfEmptySubscriber.onNext(FluxDefaultIfEmpty.java:122) ~[reactor-core-3.6.5.jar:3.6.5]
		at reactor.core.publisher.FluxMapFuseable$MapFuseableSubscriber.onNext(FluxMapFuseable.java:129) ~[reactor-core-3.6.5.jar:3.6.5]
		at reactor.core.publisher.FluxContextWrite$ContextWriteSubscriber.onNext(FluxContextWrite.java:107) ~[reactor-core-3.6.5.jar:3.6.5]
		at reactor.core.publisher.FluxMapFuseable$MapFuseableConditionalSubscriber.onNext(FluxMapFuseable.java:299) ~[reactor-core-3.6.5.jar:3.6.5]
		at reactor.core.publisher.FluxFilterFuseable$FilterFuseableConditionalSubscriber.onNext(FluxFilterFuseable.java:337) ~[reactor-core-3.6.5.jar:3.6.5]
		at reactor.core.publisher.Operators$BaseFluxToMonoOperator.completePossiblyEmpty(Operators.java:2097) ~[reactor-core-3.6.5.jar:3.6.5]
		at reactor.core.publisher.MonoCollect$CollectSubscriber.onComplete(MonoCollect.java:145) ~[reactor-core-3.6.5.jar:3.6.5]
		at reactor.core.publisher.FluxMap$MapSubscriber.onComplete(FluxMap.java:144) ~[reactor-core-3.6.5.jar:3.6.5]
		at reactor.core.publisher.FluxPeek$PeekSubscriber.onComplete(FluxPeek.java:260) ~[reactor-core-3.6.5.jar:3.6.5]
		at reactor.core.publisher.FluxMap$MapSubscriber.onComplete(FluxMap.java:144) ~[reactor-core-3.6.5.jar:3.6.5]
		at reactor.netty.channel.FluxReceive.onInboundComplete(FluxReceive.java:415) ~[reactor-netty-core-1.1.18.jar:1.1.18]
		at reactor.netty.channel.ChannelOperations.onInboundComplete(ChannelOperations.java:446) ~[reactor-netty-core-1.1.18.jar:1.1.18]
		at reactor.netty.channel.ChannelOperations.terminate(ChannelOperations.java:500) ~[reactor-netty-core-1.1.18.jar:1.1.18]
		at reactor.netty.http.client.HttpClientOperations.onInboundNext(HttpClientOperations.java:793) ~[reactor-netty-http-1.1.18.jar:1.1.18]
		at reactor.netty.channel.ChannelOperationsHandler.channelRead(ChannelOperationsHandler.java:114) ~[reactor-netty-core-1.1.18.jar:1.1.18]
		at io.netty.channel.AbstractChannelHandlerContext.invokeChannelRead(AbstractChannelHandlerContext.java:444) ~[netty-transport-4.1.109.Final.jar:4.1.109.Final]
		at io.netty.channel.AbstractChannelHandlerContext.invokeChannelRead(AbstractChannelHandlerContext.java:420) ~[netty-transport-4.1.109.Final.jar:4.1.109.Final]
		at io.netty.channel.AbstractChannelHandlerContext.fireChannelRead(AbstractChannelHandlerContext.java:412) ~[netty-transport-4.1.109.Final.jar:4.1.109.Final]
		at io.netty.handler.codec.MessageToMessageDecoder.channelRead(MessageToMessageDecoder.java:103) ~[netty-codec-4.1.109.Final.jar:4.1.109.Final]
		at io.netty.channel.AbstractChannelHandlerContext.invokeChannelRead(AbstractChannelHandlerContext.java:444) ~[netty-transport-4.1.109.Final.jar:4.1.109.Final]
		at io.netty.channel.AbstractChannelHandlerContext.invokeChannelRead(AbstractChannelHandlerContext.java:420) ~[netty-transport-4.1.109.Final.jar:4.1.109.Final]
		at io.netty.channel.AbstractChannelHandlerContext.fireChannelRead(AbstractChannelHandlerContext.java:412) ~[netty-transport-4.1.109.Final.jar:4.1.109.Final]
		at io.netty.channel.CombinedChannelDuplexHandler$DelegatingChannelHandlerContext.fireChannelRead(CombinedChannelDuplexHandler.java:436) ~[netty-transport-4.1.109.Final.jar:4.1.109.Final]
		at io.netty.handler.codec.ByteToMessageDecoder.fireChannelRead(ByteToMessageDecoder.java:346) ~[netty-codec-4.1.109.Final.jar:4.1.109.Final]
		at io.netty.handler.codec.ByteToMessageDecoder.channelRead(ByteToMessageDecoder.java:318) ~[netty-codec-4.1.109.Final.jar:4.1.109.Final]
		at io.netty.channel.CombinedChannelDuplexHandler.channelRead(CombinedChannelDuplexHandler.java:251) ~[netty-transport-4.1.109.Final.jar:4.1.109.Final]
		at io.netty.channel.AbstractChannelHandlerContext.invokeChannelRead(AbstractChannelHandlerContext.java:442) ~[netty-transport-4.1.109.Final.jar:4.1.109.Final]
		at io.netty.channel.AbstractChannelHandlerContext.invokeChannelRead(AbstractChannelHandlerContext.java:420) ~[netty-transport-4.1.109.Final.jar:4.1.109.Final]
		at io.netty.channel.AbstractChannelHandlerContext.fireChannelRead(AbstractChannelHandlerContext.java:412) ~[netty-transport-4.1.109.Final.jar:4.1.109.Final]
		at io.netty.handler.ssl.SslHandler.unwrap(SslHandler.java:1475) ~[netty-handler-4.1.109.Final.jar:4.1.109.Final]
		at io.netty.handler.ssl.SslHandler.decodeJdkCompatible(SslHandler.java:1338) ~[netty-handler-4.1.109.Final.jar:4.1.109.Final]
		at io.netty.handler.ssl.SslHandler.decode(SslHandler.java:1387) ~[netty-handler-4.1.109.Final.jar:4.1.109.Final]
		at io.netty.handler.codec.ByteToMessageDecoder.decodeRemovalReentryProtection(ByteToMessageDecoder.java:530) ~[netty-codec-4.1.109.Final.jar:4.1.109.Final]
		at io.netty.handler.codec.ByteToMessageDecoder.callDecode(ByteToMessageDecoder.java:469) ~[netty-codec-4.1.109.Final.jar:4.1.109.Final]
		at io.netty.handler.codec.ByteToMessageDecoder.channelRead(ByteToMessageDecoder.java:290) ~[netty-codec-4.1.109.Final.jar:4.1.109.Final]
		at io.netty.channel.AbstractChannelHandlerContext.invokeChannelRead(AbstractChannelHandlerContext.java:444) ~[netty-transport-4.1.109.Final.jar:4.1.109.Final]
		at io.netty.channel.AbstractChannelHandlerContext.invokeChannelRead(AbstractChannelHandlerContext.java:420) ~[netty-transport-4.1.109.Final.jar:4.1.109.Final]
		at io.netty.channel.AbstractChannelHandlerContext.fireChannelRead(AbstractChannelHandlerContext.java:412) ~[netty-transport-4.1.109.Final.jar:4.1.109.Final]
		at io.netty.channel.DefaultChannelPipeline$HeadContext.channelRead(DefaultChannelPipeline.java:1410) ~[netty-transport-4.1.109.Final.jar:4.1.109.Final]
		at io.netty.channel.AbstractChannelHandlerContext.invokeChannelRead(AbstractChannelHandlerContext.java:440) ~[netty-transport-4.1.109.Final.jar:4.1.109.Final]
		at io.netty.channel.AbstractChannelHandlerContext.invokeChannelRead(AbstractChannelHandlerContext.java:420) ~[netty-transport-4.1.109.Final.jar:4.1.109.Final]
		at io.netty.channel.DefaultChannelPipeline.fireChannelRead(DefaultChannelPipeline.java:919) ~[netty-transport-4.1.109.Final.jar:4.1.109.Final]
		at io.netty.channel.epoll.AbstractEpollStreamChannel$EpollStreamUnsafe.epollInReady(AbstractEpollStreamChannel.java:801) ~[netty-transport-classes-epoll-4.1.109.Final.jar:4.1.109.Final]
		at io.netty.channel.epoll.EpollEventLoop.processReady(EpollEventLoop.java:501) ~[netty-transport-classes-epoll-4.1.109.Final.jar:4.1.109.Final]
		at io.netty.channel.epoll.EpollEventLoop.run(EpollEventLoop.java:399) ~[netty-transport-classes-epoll-4.1.109.Final.jar:4.1.109.Final]
		at io.netty.util.concurrent.SingleThreadEventExecutor$4.run(SingleThreadEventExecutor.java:997) ~[netty-common-4.1.109.Final.jar:4.1.109.Final]
		at io.netty.util.internal.ThreadExecutorMap$2.run(ThreadExecutorMap.java:74) ~[netty-common-4.1.109.Final.jar:4.1.109.Final]
		at io.netty.util.concurrent.FastThreadLocalRunnable.run(FastThreadLocalRunnable.java:30) ~[netty-common-4.1.109.Final.jar:4.1.109.Final]
		at java.base/java.lang.Thread.run(Thread.java:1583) ~[na:na]
	Suppressed: java.lang.Exception: #block terminated with an error
		at reactor.core.publisher.BlockingSingleSubscriber.blockingGet(BlockingSingleSubscriber.java:104) ~[reactor-core-3.6.5.jar:3.6.5]
		at reactor.core.publisher.Mono.block(Mono.java:1779) ~[reactor-core-3.6.5.jar:3.6.5]
		at com.marketinghub.facebookadsworker.facebookcampaign.FacebookCampaignStatusSnapshotClient.fetch(FacebookCampaignStatusSnapshotClient.java:34) ~[classes/:na]
		at com.marketinghub.facebookadsworker.facebookcampaign.FacebookCampaignMetricsService.syncStatusSnapshot(FacebookCampaignMetricsService.java:139) ~[classes/:na]
		at com.marketinghub.facebookadsworker.facebookcampaign.FacebookCampaignMetricsService.processTarget(FacebookCampaignMetricsService.java:103) ~[classes/:na]
		at com.marketinghub.facebookadsworker.facebookcampaign.FacebookCampaignMetricsService.syncCampaignMetrics(FacebookCampaignMetricsService.java:94) ~[classes/:na]
		at com.marketinghub.facebookadsworker.facebookcampaign.FacebookCampaignMetricsScheduler.scheduleMetricsSync(FacebookCampaignMetricsScheduler.java:16) ~[classes/:na]
		at java.base/jdk.internal.reflect.DirectMethodHandleAccessor.invoke(DirectMethodHandleAccessor.java:103) ~[na:na]
		at java.base/java.lang.reflect.Method.invoke(Method.java:580) ~[na:na]
		at org.springframework.scheduling.support.ScheduledMethodRunnable.runInternal(ScheduledMethodRunnable.java:130) ~[spring-context-6.1.6.jar:6.1.6]
		at org.springframework.scheduling.support.ScheduledMethodRunnable.lambda$run$2(ScheduledMethodRunnable.java:124) ~[spring-context-6.1.6.jar:6.1.6]
		at io.micrometer.observation.Observation.observe(Observation.java:499) ~[micrometer-observation-1.12.5.jar:1.12.5]
		at org.springframework.scheduling.support.ScheduledMethodRunnable.run(ScheduledMethodRunnable.java:124) ~[spring-context-6.1.6.jar:6.1.6]
		at org.springframework.scheduling.support.DelegatingErrorHandlingRunnable.run(DelegatingErrorHandlingRunnable.java:54) ~[spring-context-6.1.6.jar:6.1.6]
		at java.base/java.util.concurrent.Executors$RunnableAdapter.call(Executors.java:572) ~[na:na]
		at java.base/java.util.concurrent.FutureTask.runAndReset(FutureTask.java:358) ~[na:na]
		at java.base/java.util.concurrent.ScheduledThreadPoolExecutor$ScheduledFutureTask.run(ScheduledThreadPoolExecutor.java:305) ~[na:na]
		at java.base/java.util.concurrent.ThreadPoolExecutor.runWorker(ThreadPoolExecutor.java:1144) ~[na:na]
		at java.base/java.util.concurrent.ThreadPoolExecutor$Worker.run(ThreadPoolExecutor.java:642) ~[na:na]
		at java.base/java.lang.Thread.run(Thread.java:1583) ~[na:na]

2026-07-12T10:40:58.389Z ERROR 33998 --- [facebook-ads-worker] [scheduling-1] c.m.f.FacebookAdsService                 : Facebook API GET request failed: path<==/v23.0/insights?access_token=EAA...Iqn&date_preset=maximum&fields=campaign_name,reach,impressions,clicks,spend,actions,date_start,date_stop&time_increment=all_days, status=400, responseBody={"e..."}}, errorDetails={"type":"GraphMethodException","code":100,"error_subcode":33,"message":"Unsupported get request. Object with ID 'insights' does not exist, cannot be loaded due to missing permissions, or does not support this operation. Please read the Graph API documentation at https://developers.facebook.com/docs/graph-api","fbtrace_id":"Aik_qfkQkOeBCbM01ZC04UP"}

org.springframework.web.reactive.function.client.WebClientResponseException$BadRequest: 400 Bad Request from GET https://graph.facebook.com/v23.0/insights
	at org.springframework.web.reactive.function.client.WebClientResponseException.create(WebClientResponseException.java:307) ~[spring-webflux-6.1.6.jar:6.1.6]
	at org.springframework.web.reactive.function.client.DefaultClientResponse.lambda$createException$1(DefaultClientResponse.java:214) ~[spring-webflux-6.1.6.jar:6.1.6]
	at reactor.core.publisher.FluxMap$MapSubscriber.onNext(FluxMap.java:106) ~[reactor-core-3.6.5.jar:3.6.5]
	at reactor.core.publisher.FluxOnErrorReturn$ReturnSubscriber.onNext(FluxOnErrorReturn.java:162) ~[reactor-core-3.6.5.jar:3.6.5]
	at reactor.core.publisher.FluxDefaultIfEmpty$DefaultIfEmptySubscriber.onNext(FluxDefaultIfEmpty.java:122) ~[reactor-core-3.6.5.jar:3.6.5]
	at reactor.core.publisher.FluxOnAssembly$OnAssemblySubscriber.onNext(FluxOnAssembly.java:539) ~[reactor-core-3.6.5.jar:3.6.5]
	at reactor.core.publisher.FluxMapFuseable$MapFuseableSubscriber.onNext(FluxMapFuseable.java:129) ~[reactor-core-3.6.5.jar:3.6.5]
	at reactor.core.publisher.FluxContextWrite$ContextWriteSubscriber.onNext(FluxContextWrite.java:107) ~[reactor-core-3.6.5.jar:3.6.5]
	at reactor.core.publisher.FluxMapFuseable$MapFuseableConditionalSubscriber.onNext(FluxMapFuseable.java:299) ~[reactor-core-3.6.5.jar:3.6.5]
	at reactor.core.publisher.FluxFilterFuseable$FilterFuseableConditionalSubscriber.onNext(FluxFilterFuseable.java:337) ~[reactor-core-3.6.5.jar:3.6.5]
	at reactor.core.publisher.Operators$BaseFluxToMonoOperator.completePossiblyEmpty(Operators.java:2097) ~[reactor-core-3.6.5.jar:3.6.5]
	at reactor.core.publisher.MonoCollect$CollectSubscriber.onComplete(MonoCollect.java:145) ~[reactor-core-3.6.5.jar:3.6.5]
	at reactor.core.publisher.FluxMap$MapSubscriber.onComplete(FluxMap.java:144) ~[reactor-core-3.6.5.jar:3.6.5]
	at reactor.core.publisher.FluxPeek$PeekSubscriber.onComplete(FluxPeek.java:260) ~[reactor-core-3.6.5.jar:3.6.5]
	at reactor.core.publisher.FluxMap$MapSubscriber.onComplete(FluxMap.java:144) ~[reactor-core-3.6.5.jar:3.6.5]
	at reactor.netty.channel.FluxReceive.onInboundComplete(FluxReceive.java:415) ~[reactor-netty-core-1.1.18.jar:1.1.18]
	at reactor.netty.channel.ChannelOperations.onInboundComplete(ChannelOperations.java:446) ~[reactor-netty-core-1.1.18.jar:1.1.18]
	at reactor.netty.channel.ChannelOperations.terminate(ChannelOperations.java:500) ~[reactor-netty-core-1.1.18.jar:1.1.18]
	at reactor.netty.http.client.HttpClientOperations.onInboundNext(HttpClientOperations.java:793) ~[reactor-netty-http-1.1.18.jar:1.1.18]
	at reactor.netty.channel.ChannelOperationsHandler.channelRead(ChannelOperationsHandler.java:114) ~[reactor-netty-core-1.1.18.jar:1.1.18]
	at io.netty.channel.AbstractChannelHandlerContext.invokeChannelRead(AbstractChannelHandlerContext.java:444) ~[netty-transport-4.1.109.Final.jar:4.1.109.Final]
	at io.netty.channel.AbstractChannelHandlerContext.invokeChannelRead(AbstractChannelHandlerContext.java:420) ~[netty-transport-4.1.109.Final.jar:4.1.109.Final]
	at io.netty.channel.AbstractChannelHandlerContext.fireChannelRead(AbstractChannelHandlerContext.java:412) ~[netty-transport-4.1.109.Final.jar:4.1.109.Final]
	at io.netty.handler.codec.MessageToMessageDecoder.channelRead(MessageToMessageDecoder.java:103) ~[netty-codec-4.1.109.Final.jar:4.1.109.Final]
	at io.netty.channel.AbstractChannelHandlerContext.invokeChannelRead(AbstractChannelHandlerContext.java:444) ~[netty-transport-4.1.109.Final.jar:4.1.109.Final]
	at io.netty.channel.AbstractChannelHandlerContext.invokeChannelRead(AbstractChannelHandlerContext.java:420) ~[netty-transport-4.1.109.Final.jar:4.1.109.Final]
	at io.netty.channel.AbstractChannelHandlerContext.fireChannelRead(AbstractChannelHandlerContext.java:412) ~[netty-transport-4.1.109.Final.jar:4.1.109.Final]
	at io.netty.channel.CombinedChannelDuplexHandler$DelegatingChannelHandlerContext.fireChannelRead(CombinedChannelDuplexHandler.java:436) ~[netty-transport-4.1.109.Final.jar:4.1.109.Final]
	at io.netty.handler.codec.ByteToMessageDecoder.fireChannelRead(ByteToMessageDecoder.java:346) ~[netty-codec-4.1.109.Final.jar:4.1.109.Final]
	at io.netty.handler.codec.ByteToMessageDecoder.channelRead(ByteToMessageDecoder.java:318) ~[netty-codec-4.1.109.Final.jar:4.1.109.Final]
	at io.netty.channel.CombinedChannelDuplexHandler.channelRead(CombinedChannelDuplexHandler.java:251) ~[netty-transport-4.1.109.Final.jar:4.1.109.Final]
	at io.netty.channel.AbstractChannelHandlerContext.invokeChannelRead(AbstractChannelHandlerContext.java:442) ~[netty-transport-4.1.109.Final.jar:4.1.109.Final]
	at io.netty.channel.AbstractChannelHandlerContext.invokeChannelRead(AbstractChannelHandlerContext.java:420) ~[netty-transport-4.1.109.Final.jar:4.1.109.Final]
	at io.netty.channel.AbstractChannelHandlerContext.fireChannelRead(AbstractChannelHandlerContext.java:412) ~[netty-transport-4.1.109.Final.jar:4.1.109.Final]
	at io.netty.handler.ssl.SslHandler.unwrap(SslHandler.java:1475) ~[netty-handler-4.1.109.Final.jar:4.1.109.Final]
	at io.netty.handler.ssl.SslHandler.decodeJdkCompatible(SslHandler.java:1338) ~[netty-handler-4.1.109.Final.jar:4.1.109.Final]
	at io.netty.handler.ssl.SslHandler.decode(SslHandler.java:1387) ~[netty-handler-4.1.109.Final.jar:4.1.109.Final]
	at io.netty.handler.codec.ByteToMessageDecoder.decodeRemovalReentryProtection(ByteToMessageDecoder.java:530) ~[netty-codec-4.1.109.Final.jar:4.1.109.Final]
	at io.netty.handler.codec.ByteToMessageDecoder.callDecode(ByteToMessageDecoder.java:469) ~[netty-codec-4.1.109.Final.jar:4.1.109.Final]
	at io.netty.handler.codec.ByteToMessageDecoder.channelRead(ByteToMessageDecoder.java:290) ~[netty-codec-4.1.109.Final.jar:4.1.109.Final]
	at io.netty.channel.AbstractChannelHandlerContext.invokeChannelRead(AbstractChannelHandlerContext.java:444) ~[netty-transport-4.1.109.Final.jar:4.1.109.Final]
	at io.netty.channel.AbstractChannelHandlerContext.invokeChannelRead(AbstractChannelHandlerContext.java:420) ~[netty-transport-4.1.109.Final.jar:4.1.109.Final]
	at io.netty.channel.AbstractChannelHandlerContext.fireChannelRead(AbstractChannelHandlerContext.java:412) ~[netty-transport-4.1.109.Final.jar:4.1.109.Final]
	at io.netty.channel.DefaultChannelPipeline$HeadContext.channelRead(DefaultChannelPipeline.java:1410) ~[netty-transport-4.1.109.Final.jar:4.1.109.Final]
	at io.netty.channel.AbstractChannelHandlerContext.invokeChannelRead(AbstractChannelHandlerContext.java:440) ~[netty-transport-4.1.109.Final.jar:4.1.109.Final]
	at io.netty.channel.AbstractChannelHandlerContext.invokeChannelRead(AbstractChannelHandlerContext.java:420) ~[netty-transport-4.1.109.Final.jar:4.1.109.Final]
	at io.netty.channel.DefaultChannelPipeline.fireChannelRead(DefaultChannelPipeline.java:919) ~[netty-transport-4.1.109.Final.jar:4.1.109.Final]
	at io.netty.channel.epoll.AbstractEpollStreamChannel$EpollStreamUnsafe.epollInReady(AbstractEpollStreamChannel.java:801) ~[netty-transport-classes-epoll-4.1.109.Final.jar:4.1.109.Final]
	at io.netty.channel.epoll.EpollEventLoop.processReady(EpollEventLoop.java:501) ~[netty-transport-classes-epoll-4.1.109.Final.jar:4.1.109.Final]
	at io.netty.channel.epoll.EpollEventLoop.run(EpollEventLoop.java:399) ~[netty-transport-classes-epoll-4.1.109.Final.jar:4.1.109.Final]
	at io.netty.util.concurrent.SingleThreadEventExecutor$4.run(SingleThreadEventExecutor.java:997) ~[netty-common-4.1.109.Final.jar:4.1.109.Final]
	at io.netty.util.internal.ThreadExecutorMap$2.run(ThreadExecutorMap.java:74) ~[netty-common-4.1.109.Final.jar:4.1.109.Final]
	at io.netty.util.concurrent.FastThreadLocalRunnable.run(FastThreadLocalRunnable.java:30) ~[netty-common-4.1.109.Final.jar:4.1.109.Final]
	at java.base/java.lang.Thread.run(Thread.java:1583) ~[na:na]
	Suppressed: java.lang.Exception: #block terminated with an error
		at reactor.core.publisher.BlockingSingleSubscriber.blockingGet(BlockingSingleSubscriber.java:104) ~[reactor-core-3.6.5.jar:3.6.5]
		at reactor.core.publisher.Mono.block(Mono.java:1779) ~[reactor-core-3.6.5.jar:3.6.5]
		at com.marketinghub.facebookadsworker.FacebookAdsService.executeGet(FacebookAdsService.java:2702) ~[classes/:na]
		at com.marketinghub.facebookadsworker.FacebookAdsService.getCampaignInsights(FacebookAdsService.java:2289) ~[classes/:na]
		at com.marketinghub.facebookadsworker.facebookcampaign.FacebookCampaignMetricsService.processTarget(FacebookCampaignMetricsService.java:104) ~[classes/:na]
		at com.marketinghub.facebookadsworker.facebookcampaign.FacebookCampaignMetricsService.syncCampaignMetrics(FacebookCampaignMetricsService.java:94) ~[classes/:na]
		at com.marketinghub.facebookadsworker.facebookcampaign.FacebookCampaignMetricsScheduler.scheduleMetricsSync(FacebookCampaignMetricsScheduler.java:16) ~[classes/:na]
		at java.base/jdk.internal.reflect.DirectMethodHandleAccessor.invoke(DirectMethodHandleAccessor.java:103) ~[na:na]
		at java.base/java.lang.reflect.Method.invoke(Method.java:580) ~[na:na]
		at org.springframework.scheduling.support.ScheduledMethodRunnable.runInternal(ScheduledMethodRunnable.java:130) ~[spring-context-6.1.6.jar:6.1.6]
		at org.springframework.scheduling.support.ScheduledMethodRunnable.lambda$run$2(ScheduledMethodRunnable.java:124) ~[spring-context-6.1.6.jar:6.1.6]
		at io.micrometer.observation.Observation.observe(Observation.java:499) ~[micrometer-observation-1.12.5.jar:1.12.5]
		at org.springframework.scheduling.support.ScheduledMethodRunnable.run(ScheduledMethodRunnable.java:124) ~[spring-context-6.1.6.jar:6.1.6]
		at org.springframework.scheduling.support.DelegatingErrorHandlingRunnable.run(DelegatingErrorHandlingRunnable.java:54) ~[spring-context-6.1.6.jar:6.1.6]
		at java.base/java.util.concurrent.Executors$RunnableAdapter.call(Executors.java:572) ~[na:na]
		at java.base/java.util.concurrent.FutureTask.runAndReset(FutureTask.java:358) ~[na:na]
		at java.base/java.util.concurrent.ScheduledThreadPoolExecutor$ScheduledFutureTask.run(ScheduledThreadPoolExecutor.java:305) ~[na:na]
		at java.base/java.util.concurrent.ThreadPoolExecutor.runWorker(ThreadPoolExecutor.java:1144) ~[na:na]
		at java.base/java.util.concurrent.ThreadPoolExecutor$Worker.run(ThreadPoolExecutor.java:642) ~[na:na]
		... 1 common frames omitted

2026-07-12T10:40:58.391Z  WARN 33998 --- [facebook-ads-worker] [scheduling-1] c.m.f.f.FacebookCampaignMetricsService   : Unexpected error while syncing metrics for campaign : 400 Bad Request from GET https://graph.facebook.com/v23.0/insights

org.springframework.web.reactive.function.client.WebClientResponseException$BadRequest: 400 Bad Request from GET https://graph.facebook.com/v23.0/insights
	at org.springframework.web.reactive.function.client.WebClientResponseException.create(WebClientResponseException.java:307) ~[spring-webflux-6.1.6.jar:6.1.6]
	at org.springframework.web.reactive.function.client.DefaultClientResponse.lambda$createException$1(DefaultClientResponse.java:214) ~[spring-webflux-6.1.6.jar:6.1.6]
	at reactor.core.publisher.FluxMap$MapSubscriber.onNext(FluxMap.java:106) ~[reactor-core-3.6.5.jar:3.6.5]
	at reactor.core.publisher.FluxOnErrorReturn$ReturnSubscriber.onNext(FluxOnErrorReturn.java:162) ~[reactor-core-3.6.5.jar:3.6.5]
	at reactor.core.publisher.FluxDefaultIfEmpty$DefaultIfEmptySubscriber.onNext(FluxDefaultIfEmpty.java:122) ~[reactor-core-3.6.5.jar:3.6.5]
	at reactor.core.publisher.FluxOnAssembly$OnAssemblySubscriber.onNext(FluxOnAssembly.java:539) ~[reactor-core-3.6.5.jar:3.6.5]
	at reactor.core.publisher.FluxMapFuseable$MapFuseableSubscriber.onNext(FluxMapFuseable.java:129) ~[reactor-core-3.6.5.jar:3.6.5]
	at reactor.core.publisher.FluxContextWrite$ContextWriteSubscriber.onNext(FluxContextWrite.java:107) ~[reactor-core-3.6.5.jar:3.6.5]
	at reactor.core.publisher.FluxMapFuseable$MapFuseableConditionalSubscriber.onNext(FluxMapFuseable.java:299) ~[reactor-core-3.6.5.jar:3.6.5]
	at reactor.core.publisher.FluxFilterFuseable$FilterFuseableConditionalSubscriber.onNext(FluxFilterFuseable.java:337) ~[reactor-core-3.6.5.jar:3.6.5]
	at reactor.core.publisher.Operators$BaseFluxToMonoOperator.completePossiblyEmpty(Operators.java:2097) ~[reactor-core-3.6.5.jar:3.6.5]
	at reactor.core.publisher.MonoCollect$CollectSubscriber.onComplete(MonoCollect.java:145) ~[reactor-core-3.6.5.jar:3.6.5]
	at reactor.core.publisher.FluxMap$MapSubscriber.onComplete(FluxMap.java:144) ~[reactor-core-3.6.5.jar:3.6.5]
	at reactor.core.publisher.FluxPeek$PeekSubscriber.onComplete(FluxPeek.java:260) ~[reactor-core-3.6.5.jar:3.6.5]
	at reactor.core.publisher.FluxMap$MapSubscriber.onComplete(FluxMap.java:144) ~[reactor-core-3.6.5.jar:3.6.5]
	at reactor.netty.channel.FluxReceive.onInboundComplete(FluxReceive.java:415) ~[reactor-netty-core-1.1.18.jar:1.1.18]
	at reactor.netty.channel.ChannelOperations.onInboundComplete(ChannelOperations.java:446) ~[reactor-netty-core-1.1.18.jar:1.1.18]
	at reactor.netty.channel.ChannelOperations.terminate(ChannelOperations.java:500) ~[reactor-netty-core-1.1.18.jar:1.1.18]
	at reactor.netty.http.client.HttpClientOperations.onInboundNext(HttpClientOperations.java:793) ~[reactor-netty-http-1.1.18.jar:1.1.18]
	at reactor.netty.channel.ChannelOperationsHandler.channelRead(ChannelOperationsHandler.java:114) ~[reactor-netty-core-1.1.18.jar:1.1.18]
	at io.netty.channel.AbstractChannelHandlerContext.invokeChannelRead(AbstractChannelHandlerContext.java:444) ~[netty-transport-4.1.109.Final.jar:4.1.109.Final]
	at io.netty.channel.AbstractChannelHandlerContext.invokeChannelRead(AbstractChannelHandlerContext.java:420) ~[netty-transport-4.1.109.Final.jar:4.1.109.Final]
	at io.netty.channel.AbstractChannelHandlerContext.fireChannelRead(AbstractChannelHandlerContext.java:412) ~[netty-transport-4.1.109.Final.jar:4.1.109.Final]
	at io.netty.handler.codec.MessageToMessageDecoder.channelRead(MessageToMessageDecoder.java:103) ~[netty-codec-4.1.109.Final.jar:4.1.109.Final]
	at io.netty.channel.AbstractChannelHandlerContext.invokeChannelRead(AbstractChannelHandlerContext.java:444) ~[netty-transport-4.1.109.Final.jar:4.1.109.Final]
	at io.netty.channel.AbstractChannelHandlerContext.invokeChannelRead(AbstractChannelHandlerContext.java:420) ~[netty-transport-4.1.109.Final.jar:4.1.109.Final]
	at io.netty.channel.AbstractChannelHandlerContext.fireChannelRead(AbstractChannelHandlerContext.java:412) ~[netty-transport-4.1.109.Final.jar:4.1.109.Final]
	at io.netty.channel.CombinedChannelDuplexHandler$DelegatingChannelHandlerContext.fireChannelRead(CombinedChannelDuplexHandler.java:436) ~[netty-transport-4.1.109.Final.jar:4.1.109.Final]
	at io.netty.handler.codec.ByteToMessageDecoder.fireChannelRead(ByteToMessageDecoder.java:346) ~[netty-codec-4.1.109.Final.jar:4.1.109.Final]
	at io.netty.handler.codec.ByteToMessageDecoder.channelRead(ByteToMessageDecoder.java:318) ~[netty-codec-4.1.109.Final.jar:4.1.109.Final]
	at io.netty.channel.CombinedChannelDuplexHandler.channelRead(CombinedChannelDuplexHandler.java:251) ~[netty-transport-4.1.109.Final.jar:4.1.109.Final]
	at io.netty.channel.AbstractChannelHandlerContext.invokeChannelRead(AbstractChannelHandlerContext.java:442) ~[netty-transport-4.1.109.Final.jar:4.1.109.Final]
	at io.netty.channel.AbstractChannelHandlerContext.invokeChannelRead(AbstractChannelHandlerContext.java:420) ~[netty-transport-4.1.109.Final.jar:4.1.109.Final]
	at io.netty.channel.AbstractChannelHandlerContext.fireChannelRead(AbstractChannelHandlerContext.java:412) ~[netty-transport-4.1.109.Final.jar:4.1.109.Final]
	at io.netty.handler.ssl.SslHandler.unwrap(SslHandler.java:1475) ~[netty-handler-4.1.109.Final.jar:4.1.109.Final]
	at io.netty.handler.ssl.SslHandler.decodeJdkCompatible(SslHandler.java:1338) ~[netty-handler-4.1.109.Final.jar:4.1.109.Final]
	at io.netty.handler.ssl.SslHandler.decode(SslHandler.java:1387) ~[netty-handler-4.1.109.Final.jar:4.1.109.Final]
	at io.netty.handler.codec.ByteToMessageDecoder.decodeRemovalReentryProtection(ByteToMessageDecoder.java:530) ~[netty-codec-4.1.109.Final.jar:4.1.109.Final]
	at io.netty.handler.codec.ByteToMessageDecoder.callDecode(ByteToMessageDecoder.java:469) ~[netty-codec-4.1.109.Final.jar:4.1.109.Final]
	at io.netty.handler.codec.ByteToMessageDecoder.channelRead(ByteToMessageDecoder.java:290) ~[netty-codec-4.1.109.Final.jar:4.1.109.Final]
	at io.netty.channel.AbstractChannelHandlerContext.invokeChannelRead(AbstractChannelHandlerContext.java:444) ~[netty-transport-4.1.109.Final.jar:4.1.109.Final]
	at io.netty.channel.AbstractChannelHandlerContext.invokeChannelRead(AbstractChannelHandlerContext.java:420) ~[netty-transport-4.1.109.Final.jar:4.1.109.Final]
	at io.netty.channel.AbstractChannelHandlerContext.fireChannelRead(AbstractChannelHandlerContext.java:412) ~[netty-transport-4.1.109.Final.jar:4.1.109.Final]
	at io.netty.channel.DefaultChannelPipeline$HeadContext.channelRead(DefaultChannelPipeline.java:1410) ~[netty-transport-4.1.109.Final.jar:4.1.109.Final]
	at io.netty.channel.AbstractChannelHandlerContext.invokeChannelRead(AbstractChannelHandlerContext.java:440) ~[netty-transport-4.1.109.Final.jar:4.1.109.Final]
	at io.netty.channel.AbstractChannelHandlerContext.invokeChannelRead(AbstractChannelHandlerContext.java:420) ~[netty-transport-4.1.109.Final.jar:4.1.109.Final]
	at io.netty.channel.DefaultChannelPipeline.fireChannelRead(DefaultChannelPipeline.java:919) ~[netty-transport-4.1.109.Final.jar:4.1.109.Final]
	at io.netty.channel.epoll.AbstractEpollStreamChannel$EpollStreamUnsafe.epollInReady(AbstractEpollStreamChannel.java:801) ~[netty-transport-classes-epoll-4.1.109.Final.jar:4.1.109.Final]
	at io.netty.channel.epoll.EpollEventLoop.processReady(EpollEventLoop.java:501) ~[netty-transport-classes-epoll-4.1.109.Final.jar:4.1.109.Final]
	at io.netty.channel.epoll.EpollEventLoop.run(EpollEventLoop.java:399) ~[netty-transport-classes-epoll-4.1.109.Final.jar:4.1.109.Final]
	at io.netty.util.concurrent.SingleThreadEventExecutor$4.run(SingleThreadEventExecutor.java:997) ~[netty-common-4.1.109.Final.jar:4.1.109.Final]
	at io.netty.util.internal.ThreadExecutorMap$2.run(ThreadExecutorMap.java:74) ~[netty-common-4.1.109.Final.jar:4.1.109.Final]
	at io.netty.util.concurrent.FastThreadLocalRunnable.run(FastThreadLocalRunnable.java:30) ~[netty-common-4.1.109.Final.jar:4.1.109.Final]
	at java.base/java.lang.Thread.run(Thread.java:1583) ~[na:na]
	Suppressed: java.lang.Exception: #block terminated with an error
		at reactor.core.publisher.BlockingSingleSubscriber.blockingGet(BlockingSingleSubscriber.java:104) ~[reactor-core-3.6.5.jar:3.6.5]
		at reactor.core.publisher.Mono.block(Mono.java:1779) ~[reactor-core-3.6.5.jar:3.6.5]
		at com.marketinghub.facebookadsworker.FacebookAdsService.executeGet(FacebookAdsService.java:2702) ~[classes/:na]
		at com.marketinghub.facebookadsworker.FacebookAdsService.getCampaignInsights(FacebookAdsService.java:2289) ~[classes/:na]
		at com.marketinghub.facebookadsworker.facebookcampaign.FacebookCampaignMetricsService.processTarget(FacebookCampaignMetricsService.java:104) ~[classes/:na]
		at com.marketinghub.facebookadsworker.facebookcampaign.FacebookCampaignMetricsService.syncCampaignMetrics(FacebookCampaignMetricsService.java:94) ~[classes/:na]
		at com.marketinghub.facebookadsworker.facebookcampaign.FacebookCampaignMetricsScheduler.scheduleMetricsSync(FacebookCampaignMetricsScheduler.java:16) ~[classes/:na]
		at java.base/jdk.internal.reflect.DirectMethodHandleAccessor.invoke(DirectMethodHandleAccessor.java:103) ~[na:na]
		at java.base/java.lang.reflect.Method.invoke(Method.java:580) ~[na:na]
		at org.springframework.scheduling.support.ScheduledMethodRunnable.runInternal(ScheduledMethodRunnable.java:130) ~[spring-context-6.1.6.jar:6.1.6]
		at org.springframework.scheduling.support.ScheduledMethodRunnable.lambda$run$2(ScheduledMethodRunnable.java:124) ~[spring-context-6.1.6.jar:6.1.6]
		at io.micrometer.observation.Observation.observe(Observation.java:499) ~[micrometer-observation-1.12.5.jar:1.12.5]
		at org.springframework.scheduling.support.ScheduledMethodRunnable.run(ScheduledMethodRunnable.java:124) ~[spring-context-6.1.6.jar:6.1.6]
		at org.springframework.scheduling.support.DelegatingErrorHandlingRunnable.run(DelegatingErrorHandlingRunnable.java:54) ~[spring-context-6.1.6.jar:6.1.6]
		at java.base/java.util.concurrent.Executors$RunnableAdapter.call(Executors.java:572) ~[na:na]
		at java.base/java.util.concurrent.FutureTask.runAndReset(FutureTask.java:358) ~[na:na]
		at java.base/java.util.concurrent.ScheduledThreadPoolExecutor$ScheduledFutureTask.run(ScheduledThreadPoolExecutor.java:305) ~[na:na]
		at java.base/java.util.concurrent.ThreadPoolExecutor.runWorker(ThreadPoolExecutor.java:1144) ~[na:na]
		at java.base/java.util.concurrent.ThreadPoolExecutor$Worker.run(ThreadPoolExecutor.java:642) ~[na:na]
		... 1 common frames omitted

2026-07-12T10:40:58.406Z  WARN 33998 --- [facebook-ads-worker] [scheduling-1] c.m.f.f.FacebookCampaignMetricsService   : Could not report metrics error for campaign : 404 Not Found from POST http://localhost:8001/api/facebook-campaigns/metrics-error

org.springframework.web.reactive.function.client.WebClientResponseException$NotFound: 404 Not Found from POST http://localhost:8001/api/facebook-campaigns/metrics-error
	at org.springframework.web.reactive.function.client.WebClientResponseException.create(WebClientResponseException.java:310) ~[spring-webflux-6.1.6.jar:6.1.6]
	Suppressed: reactor.core.publisher.FluxOnAssembly$OnAssemblyException: 
Error has been observed at the following site(s):
	*__checkpoint ⇢ 404 NOT_FOUND from POST http://localhost:8001/api/facebook-campaigns/metrics-error [DefaultWebClient]
Original Stack Trace:
		at org.springframework.web.reactive.function.client.WebClientResponseException.create(WebClientResponseException.java:310) ~[spring-webflux-6.1.6.jar:6.1.6]
		at org.springframework.web.reactive.function.client.DefaultClientResponse.lambda$createException$1(DefaultClientResponse.java:214) ~[spring-webflux-6.1.6.jar:6.1.6]
		at reactor.core.publisher.FluxMap$MapSubscriber.onNext(FluxMap.java:106) ~[reactor-core-3.6.5.jar:3.6.5]
		at reactor.core.publisher.FluxOnErrorReturn$ReturnSubscriber.onNext(FluxOnErrorReturn.java:162) ~[reactor-core-3.6.5.jar:3.6.5]
		at reactor.core.publisher.FluxDefaultIfEmpty$DefaultIfEmptySubscriber.onNext(FluxDefaultIfEmpty.java:122) ~[reactor-core-3.6.5.jar:3.6.5]
		at reactor.core.publisher.FluxMapFuseable$MapFuseableSubscriber.onNext(FluxMapFuseable.java:129) ~[reactor-core-3.6.5.jar:3.6.5]
		at reactor.core.publisher.FluxContextWrite$ContextWriteSubscriber.onNext(FluxContextWrite.java:107) ~[reactor-core-3.6.5.jar:3.6.5]
		at reactor.core.publisher.FluxMapFuseable$MapFuseableConditionalSubscriber.onNext(FluxMapFuseable.java:299) ~[reactor-core-3.6.5.jar:3.6.5]
		at reactor.core.publisher.FluxFilterFuseable$FilterFuseableConditionalSubscriber.onNext(FluxFilterFuseable.java:337) ~[reactor-core-3.6.5.jar:3.6.5]
		at reactor.core.publisher.Operators$BaseFluxToMonoOperator.completePossiblyEmpty(Operators.java:2097) ~[reactor-core-3.6.5.jar:3.6.5]
		at reactor.core.publisher.MonoCollect$CollectSubscriber.onComplete(MonoCollect.java:145) ~[reactor-core-3.6.5.jar:3.6.5]
		at reactor.core.publisher.FluxMap$MapSubscriber.onComplete(FluxMap.java:144) ~[reactor-core-3.6.5.jar:3.6.5]
		at reactor.core.publisher.FluxPeek$PeekSubscriber.onComplete(FluxPeek.java:260) ~[reactor-core-3.6.5.jar:3.6.5]
		at reactor.core.publisher.FluxMap$MapSubscriber.onComplete(FluxMap.java:144) ~[reactor-core-3.6.5.jar:3.6.5]
		at reactor.netty.channel.FluxReceive.onInboundComplete(FluxReceive.java:415) ~[reactor-netty-core-1.1.18.jar:1.1.18]
		at reactor.netty.channel.ChannelOperations.onInboundComplete(ChannelOperations.java:446) ~[reactor-netty-core-1.1.18.jar:1.1.18]
		at reactor.netty.channel.ChannelOperations.terminate(ChannelOperations.java:500) ~[reactor-netty-core-1.1.18.jar:1.1.18]
		at reactor.netty.http.client.HttpClientOperations.onInboundNext(HttpClientOperations.java:793) ~[reactor-netty-http-1.1.18.jar:1.1.18]
		at reactor.netty.channel.ChannelOperationsHandler.channelRead(ChannelOperationsHandler.java:114) ~[reactor-netty-core-1.1.18.jar:1.1.18]
		at io.netty.channel.AbstractChannelHandlerContext.invokeChannelRead(AbstractChannelHandlerContext.java:444) ~[netty-transport-4.1.109.Final.jar:4.1.109.Final]
		at io.netty.channel.AbstractChannelHandlerContext.invokeChannelRead(AbstractChannelHandlerContext.java:420) ~[netty-transport-4.1.109.Final.jar:4.1.109.Final]
		at io.netty.channel.AbstractChannelHandlerContext.fireChannelRead(AbstractChannelHandlerContext.java:412) ~[netty-transport-4.1.109.Final.jar:4.1.109.Final]
		at io.netty.handler.codec.MessageToMessageDecoder.channelRead(MessageToMessageDecoder.java:103) ~[netty-codec-4.1.109.Final.jar:4.1.109.Final]
		at io.netty.channel.AbstractChannelHandlerContext.invokeChannelRead(AbstractChannelHandlerContext.java:444) ~[netty-transport-4.1.109.Final.jar:4.1.109.Final]
		at io.netty.channel.AbstractChannelHandlerContext.invokeChannelRead(AbstractChannelHandlerContext.java:420) ~[netty-transport-4.1.109.Final.jar:4.1.109.Final]
		at io.netty.channel.AbstractChannelHandlerContext.fireChannelRead(AbstractChannelHandlerContext.java:412) ~[netty-transport-4.1.109.Final.jar:4.1.109.Final]
		at io.netty.channel.CombinedChannelDuplexHandler$DelegatingChannelHandlerContext.fireChannelRead(CombinedChannelDuplexHandler.java:436) ~[netty-transport-4.1.109.Final.jar:4.1.109.Final]
		at io.netty.handler.codec.ByteToMessageDecoder.fireChannelRead(ByteToMessageDecoder.java:346) ~[netty-codec-4.1.109.Final.jar:4.1.109.Final]
		at io.netty.handler.codec.ByteToMessageDecoder.channelRead(ByteToMessageDecoder.java:318) ~[netty-codec-4.1.109.Final.jar:4.1.109.Final]
		at io.netty.channel.CombinedChannelDuplexHandler.channelRead(CombinedChannelDuplexHandler.java:251) ~[netty-transport-4.1.109.Final.jar:4.1.109.Final]
		at io.netty.channel.AbstractChannelHandlerContext.invokeChannelRead(AbstractChannelHandlerContext.java:442) ~[netty-transport-4.1.109.Final.jar:4.1.109.Final]
		at io.netty.channel.AbstractChannelHandlerContext.invokeChannelRead(AbstractChannelHandlerContext.java:420) ~[netty-transport-4.1.109.Final.jar:4.1.109.Final]
		at io.netty.channel.AbstractChannelHandlerContext.fireChannelRead(AbstractChannelHandlerContext.java:412) ~[netty-transport-4.1.109.Final.jar:4.1.109.Final]
		at io.netty.channel.DefaultChannelPipeline$HeadContext.channelRead(DefaultChannelPipeline.java:1410) ~[netty-transport-4.1.109.Final.jar:4.1.109.Final]
		at io.netty.channel.AbstractChannelHandlerContext.invokeChannelRead(AbstractChannelHandlerContext.java:440) ~[netty-transport-4.1.109.Final.jar:4.1.109.Final]
		at io.netty.channel.AbstractChannelHandlerContext.invokeChannelRead(AbstractChannelHandlerContext.java:420) ~[netty-transport-4.1.109.Final.jar:4.1.109.Final]
		at io.netty.channel.DefaultChannelPipeline.fireChannelRead(DefaultChannelPipeline.java:919) ~[netty-transport-4.1.109.Final.jar:4.1.109.Final]
		at io.netty.channel.epoll.AbstractEpollStreamChannel$EpollStreamUnsafe.epollInReady(AbstractEpollStreamChannel.java:801) ~[netty-transport-classes-epoll-4.1.109.Final.jar:4.1.109.Final]
		at io.netty.channel.epoll.EpollEventLoop.processReady(EpollEventLoop.java:501) ~[netty-transport-classes-epoll-4.1.109.Final.jar:4.1.109.Final]
		at io.netty.channel.epoll.EpollEventLoop.run(EpollEventLoop.java:399) ~[netty-transport-classes-epoll-4.1.109.Final.jar:4.1.109.Final]
		at io.netty.util.concurrent.SingleThreadEventExecutor$4.run(SingleThreadEventExecutor.java:997) ~[netty-common-4.1.109.Final.jar:4.1.109.Final]
		at io.netty.util.internal.ThreadExecutorMap$2.run(ThreadExecutorMap.java:74) ~[netty-common-4.1.109.Final.jar:4.1.109.Final]
		at io.netty.util.concurrent.FastThreadLocalRunnable.run(FastThreadLocalRunnable.java:30) ~[netty-common-4.1.109.Final.jar:4.1.109.Final]
		at java.base/java.lang.Thread.run(Thread.java:1583) ~[na:na]
	Suppressed: java.lang.Exception: #block terminated with an error
		at reactor.core.publisher.BlockingSingleSubscriber.blockingGet(BlockingSingleSubscriber.java:104) ~[reactor-core-3.6.5.jar:3.6.5]
		at reactor.core.publisher.Mono.block(Mono.java:1779) ~[reactor-core-3.6.5.jar:3.6.5]
		at com.marketinghub.facebookadsworker.facebookcampaign.FacebookCampaignMetricsService.reportMetricsError(FacebookCampaignMetricsService.java:369) ~[classes/:na]
		at com.marketinghub.facebookadsworker.facebookcampaign.FacebookCampaignMetricsService.processTarget(FacebookCampaignMetricsService.java:130) ~[classes/:na]
		at com.marketinghub.facebookadsworker.facebookcampaign.FacebookCampaignMetricsService.syncCampaignMetrics(FacebookCampaignMetricsService.java:94) ~[classes/:na]
		at com.marketinghub.facebookadsworker.facebookcampaign.FacebookCampaignMetricsScheduler.scheduleMetricsSync(FacebookCampaignMetricsScheduler.java:16) ~[classes/:na]
		at java.base/jdk.internal.reflect.DirectMethodHandleAccessor.invoke(DirectMethodHandleAccessor.java:103) ~[na:na]
		at java.base/java.lang.reflect.Method.invoke(Method.java:580) ~[na:na]
		at org.springframework.scheduling.support.ScheduledMethodRunnable.runInternal(ScheduledMethodRunnable.java:130) ~[spring-context-6.1.6.jar:6.1.6]
		at org.springframework.scheduling.support.ScheduledMethodRunnable.lambda$run$2(ScheduledMethodRunnable.java:124) ~[spring-context-6.1.6.jar:6.1.6]
		at io.micrometer.observation.Observation.observe(Observation.java:499) ~[micrometer-observation-1.12.5.jar:1.12.5]
		at org.springframework.scheduling.support.ScheduledMethodRunnable.run(ScheduledMethodRunnable.java:124) ~[spring-context-6.1.6.jar:6.1.6]
		at org.springframework.scheduling.support.DelegatingErrorHandlingRunnable.run(DelegatingErrorHandlingRunnable.java:54) ~[spring-context-6.1.6.jar:6.1.6]
		at java.base/java.util.concurrent.Executors$RunnableAdapter.call(Executors.java:572) ~[na:na]
		at java.base/java.util.concurrent.FutureTask.runAndReset(FutureTask.java:358) ~[na:na]
		at java.base/java.util.concurrent.ScheduledThreadPoolExecutor$ScheduledFutureTask.run(ScheduledThreadPoolExecutor.java:305) ~[na:na]
		at java.base/java.util.concurrent.ThreadPoolExecutor.runWorker(ThreadPoolExecutor.java:1144) ~[na:na]
		at java.base/java.util.concurrent.ThreadPoolExecutor$Worker.run(ThreadPoolExecutor.java:642) ~[na:na]
		at java.base/java.lang.Thread.run(Thread.java:1583) ~[na:na]

2026-07-12T10:41:04.151Z  INFO 33998 --- [facebook-ads-worker] [scheduling-1] .m.f.c.FacebookWorkerConfigurationClient : Requesting Facebook worker configuration from backend: url==>http://localhost:8001/api/accounts/facebook/worker-config, params={}
2026-07-12T10:41:04.757Z  INFO 33998 --- [facebook-ads-worker] [scheduling-1] .m.f.c.FacebookWorkerConfigurationClient : Received Facebook worker configuration response from backend: url<==http://localhost:8001/api/accounts/facebook/worker-config, response={"accountId":1,"adAccountId":"939323521124952","accessToken":"EAALKZCklBIpoBRp8TLLvqERh459ZBdy2L3H1NAzasViZAGa9FLJJxH227vaJ99xvqjr9SbWqbQavpNDwiyXghDm3GZAq3qa5cDl5M7eLPRsw6MrxFLLlxanSLOgrQUWAZBT0OMYZC70DXZBobQzLhKZAT2UyiqNIZCpb0jAAfZA2RZAojXXmlxYyjgoCYJAJfen4sfGJnJb1Iqn","systemUserAccessToken":"EAALKZCklBIpoBRPrMY5ZBnwKiqZAavOWuAOdDZBE69CD5YC7L1t6B7AVEyw5BwE9TJaySajAlR2DoYoMC4Q2ZBbLcOYmuRqG3BhRgxdx2iwniUKd48S2CyZCaY22e9JJMvPefi8CoSZBc2juarNGTGVumExY2qTdA9ZC8lgcV69ZCeCCh2MmCzqEyKU0QR9N5NwZDZD","pixelOwnerBusinessId":"1337293866974593","appId":"786143452930714","appSecret":"050a9e2d05d33c783ebef4c0d12c095d","defaultPageId":null,"defaultInstagramActorId":null,"defaultWebsiteUrl":"http://191.252.92.222:3000/accounts/facebook","defaultLeadGenFormId":null,"defaultCreativeMessageTemplate":"%s","defaultCallToActionType":"LEARN_MORE","adSetDailyBudget":"2000","adSetBillingEvent":"IMPRESSIONS","adSetOptimizationGoal":"LINK_CLICKS","adSetDestinationType":"WEBSITE","adSetBidStrategy":"LOWEST_COST_WITHOUT_CAP","adSetBidAmount":null,"adSetTargetCountry":"BR"}
2026-07-12T10:41:04.758Z  INFO 33998 --- [facebook-ads-worker] [scheduling-1] c.m.f.f.FacebookCampaignService          : Requesting experiments ready for Facebook campaigns from backend: url==>http://localhost:8001/api/facebook-campaigns/experiments-ready, params={}
2026-07-12T10:41:09.147Z  INFO 33998 --- [facebook-ads-worker] [scheduling-1] c.m.f.f.FacebookCampaignService          : Received experiments response from backend: url<==http://localhost:8001/api/facebook-campaigns/experiments-ready, response=[]
2026-07-12T10:41:09.149Z  INFO 33998 --- [facebook-ads-worker] [scheduling-1] .m.f.c.FacebookWorkerConfigurationClient : Requesting Facebook worker configuration from backend: url==>http://localhost:8001/api/accounts/facebook/worker-config, params={}
2026-07-12T10:41:09.744Z  INFO 33998 --- [facebook-ads-worker] [scheduling-1] .m.f.c.FacebookWorkerConfigurationClient : Received Facebook worker configuration response from backend: url<==http://localhost:8001/api/accounts/facebook/worker-config, response={"accountId":1,"adAccountId":"939323521124952","accessToken":"EAALKZCklBIpoBRp8TLLvqERh459ZBdy2L3H1NAzasViZAGa9FLJJxH227vaJ99xvqjr9SbWqbQavpNDwiyXghDm3GZAq3qa5cDl5M7eLPRsw6MrxFLLlxanSLOgrQUWAZBT0OMYZC70DXZBobQzLhKZAT2UyiqNIZCpb0jAAfZA2RZAojXXmlxYyjgoCYJAJfen4sfGJnJb1Iqn","systemUserAccessToken":"EAALKZCklBIpoBRPrMY5ZBnwKiqZAavOWuAOdDZBE69CD5YC7L1t6B7AVEyw5BwE9TJaySajAlR2DoYoMC4Q2ZBbLcOYmuRqG3BhRgxdx2iwniUKd48S2CyZCaY22e9JJMvPefi8CoSZBc2juarNGTGVumExY2qTdA9ZC8lgcV69ZCeCCh2MmCzqEyKU0QR9N5NwZDZD","pixelOwnerBusinessId":"1337293866974593","appId":"786143452930714","appSecret":"050a9e2d05d33c783ebef4c0d12c095d","defaultPageId":null,"defaultInstagramActorId":null,"defaultWebsiteUrl":"http://191.252.92.222:3000/accounts/facebook","defaultLeadGenFormId":null,"defaultCreativeMessageTemplate":"%s","defaultCallToActionType":"LEARN_MORE","adSetDailyBudget":"2000","adSetBillingEvent":"IMPRESSIONS","adSetOptimizationGoal":"LINK_CLICKS","adSetDestinationType":"WEBSITE","adSetBidStrategy":"LOWEST_COST_WITHOUT_CAP","adSetBidAmount":null,"adSetTargetCountry":"BR"}
2026-07-12T10:41:09.744Z  INFO 33998 --- [facebook-ads-worker] [scheduling-1] c.m.f.f.FacebookCampaignService          : Requesting Facebook campaign stop requests from backend: url==>http://localhost:8001/api/facebook-campaigns/stop-requests, params={}
2026-07-12T10:41:10.457Z  INFO 33998 --- [facebook-ads-worker] [scheduling-1] c.m.f.f.FacebookCampaignService          : Received stop requests from backend: url<==http://localhost:8001/api/facebook-campaigns/stop-requests, response=[]
2026-07-12T10:41:10.457Z  INFO 33998 --- [facebook-ads-worker] [scheduling-1] .m.f.f.FacebookInterestValidationService : Requesting pending Facebook interests for validation: url==>http://localhost:8001/api/facebook-interests/pending, params={}
2026-07-12T10:41:10.582Z  INFO 33998 --- [facebook-ads-worker] [scheduling-1] .m.f.f.FacebookInterestValidationService : Received pending Facebook interests from backend: url<==http://localhost:8001/api/facebook-interests/pending, response=[]
2026-07-12T10:41:10.582Z  INFO 33998 --- [facebook-ads-worker] [scheduling-1] .m.f.c.FacebookWorkerConfigurationClient : Requesting Facebook worker configuration from backend: url==>http://localhost:8001/api/accounts/facebook/worker-config, params={}
2026-07-12T10:41:11.178Z  INFO 33998 --- [facebook-ads-worker] [scheduling-1] .m.f.c.FacebookWorkerConfigurationClient : Received Facebook worker configuration response from backend: url<==http://localhost:8001/api/accounts/facebook/worker-config, response={"accountId":1,"adAccountId":"939323521124952","accessToken":"EAALKZCklBIpoBRp8TLLvqERh459ZBdy2L3H1NAzasViZAGa9FLJJxH227vaJ99xvqjr9SbWqbQavpNDwiyXghDm3GZAq3qa5cDl5M7eLPRsw6MrxFLLlxanSLOgrQUWAZBT0OMYZC70DXZBobQzLhKZAT2UyiqNIZCpb0jAAfZA2RZAojXXmlxYyjgoCYJAJfen4sfGJnJb1Iqn","systemUserAccessToken":"EAALKZCklBIpoBRPrMY5ZBnwKiqZAavOWuAOdDZBE69CD5YC7L1t6B7AVEyw5BwE9TJaySajAlR2DoYoMC4Q2ZBbLcOYmuRqG3BhRgxdx2iwniUKd48S2CyZCaY22e9JJMvPefi8CoSZBc2juarNGTGVumExY2qTdA9ZC8lgcV69ZCeCCh2MmCzqEyKU0QR9N5NwZDZD","pixelOwnerBusinessId":"1337293866974593","appId":"786143452930714","appSecret":"050a9e2d05d33c783ebef4c0d12c095d","defaultPageId":null,"defaultInstagramActorId":null,"defaultWebsiteUrl":"http://191.252.92.222:3000/accounts/facebook","defaultLeadGenFormId":null,"defaultCreativeMessageTemplate":"%s","defaultCallToActionType":"LEARN_MORE","adSetDailyBudget":"2000","adSetBillingEvent":"IMPRESSIONS","adSetOptimizationGoal":"LINK_CLICKS","adSetDestinationType":"WEBSITE","adSetBidStrategy":"LOWEST_COST_WITHOUT_CAP","adSetBidAmount":null,"adSetTargetCountry":"BR"}
2026-07-12T10:41:11.179Z  INFO 33998 --- [facebook-ads-worker] [scheduling-1] c.m.f.FacebookAdsService                 : Facebook access token updated: previousToken=EAA...Iqn, newToken=EAA...Iqn
2026-07-12T10:41:11.179Z  INFO 33998 --- [facebook-ads-worker] [scheduling-1] c.m.f.f.FacebookPixelService             : Requesting pending pixel creation requests: url==>http://localhost:8001/api/facebook-pixels/pending, params={}
2026-07-12T10:41:11.307Z  INFO 33998 --- [facebook-ads-worker] [scheduling-1] c.m.f.f.FacebookPixelService             : Received pending pixel creation requests: url<==http://localhost:8001/api/facebook-pixels/pending, response=[]
2026-07-12T10:41:11.307Z  INFO 33998 --- [facebook-ads-worker] [scheduling-1] c.m.f.f.FacebookPixelService             : Requesting approved purchases pending pixel conversion: url==>http://localhost:8001/api/facebook-pixels/conversions-ready
2026-07-12T10:41:11.436Z  INFO 33998 --- [facebook-ads-worker] [scheduling-1] c.m.f.f.FacebookPixelService             : Received pixel conversion candidates: url<==http://localhost:8001/api/facebook-pixels/conversions-ready, response=[]
2026-07-12T10:41:11.437Z  INFO 33998 --- [facebook-ads-worker] [scheduling-1] c.m.f.f.TargetingBackendClient           : Requesting targeting elements pending Meta Ads enrichment: url==>http://localhost:8001/api/internal/targeting/elements/metaads-pending, params=limit=100
2026-07-12T10:41:11.565Z  INFO 33998 --- [facebook-ads-worker] [scheduling-1] c.m.f.f.TargetingBackendClient           : Received targeting elements pending Meta Ads enrichment: url<==http://localhost:8001/api/internal/targeting/elements/metaads-pending, response=[]
2026-07-12T10:41:11.566Z  INFO 33998 --- [facebook-ads-worker] [scheduling-1] c.m.f.f.FacebookTokenRenewalService      : Requesting Facebook accounts eligible for token renewal from backend: url==>http://localhost:8001/api/accounts/facebook/renewal/eligible, params={}
2026-07-12T10:41:12.275Z  INFO 33998 --- [facebook-ads-worker] [scheduling-1] c.m.f.f.FacebookTokenRenewalService      : Received eligible Facebook accounts response from backend: url<==http://localhost:8001/api/accounts/facebook/renewal/eligible, response=[]
2026-07-12T10:41:12.275Z  INFO 33998 --- [facebook-ads-worker] [scheduling-1] c.m.f.m.MetaAudienceBackendClient        : Requesting pending Meta audiences: url==>http://localhost:8001/api/internal/meta-audiences/pending?limit=5
2026-07-12T10:41:12.986Z  INFO 33998 --- [facebook-ads-worker] [scheduling-1] c.m.f.m.MetaAudienceBackendClient        : Received pending Meta audiences: url<==http://localhost:8001/api/internal/meta-audiences/pending?limit=5, response=[]
2026-07-12T10:41:14.149Z  INFO 33998 --- [facebook-ads-worker] [scheduling-1] .m.f.c.FacebookWorkerConfigurationClient : Requesting Facebook worker configuration from backend: url==>http://localhost:8001/api/accounts/facebook/worker-config, params={}
2026-07-12T10:41:14.857Z  INFO 33998 --- [facebook-ads-worker] [scheduling-1] .m.f.c.FacebookWorkerConfigurationClient : Received Facebook worker configuration response from backend: url<==http://localhost:8001/api/accounts/facebook/worker-config, response={"accountId":1,"adAccountId":"939323521124952","accessToken":"EAALKZCklBIpoBRp8TLLvqERh459ZBdy2L3H1NAzasViZAGa9FLJJxH227vaJ99xvqjr9SbWqbQavpNDwiyXghDm3GZAq3qa5cDl5M7eLPRsw6MrxFLLlxanSLOgrQUWAZBT0OMYZC70DXZBobQzLhKZAT2UyiqNIZCpb0jAAfZA2RZAojXXmlxYyjgoCYJAJfen4sfGJnJb1Iqn","systemUserAccessToken":"EAALKZCklBIpoBRPrMY5ZBnwKiqZAavOWuAOdDZBE69CD5YC7L1t6B7AVEyw5BwE9TJaySajAlR2DoYoMC4Q2ZBbLcOYmuRqG3BhRgxdx2iwniUKd48S2CyZCaY22e9JJMvPefi8CoSZBc2juarNGTGVumExY2qTdA9ZC8lgcV69ZCeCCh2MmCzqEyKU0QR9N5NwZDZD","pixelOwnerBusinessId":"1337293866974593","appId":"786143452930714","appSecret":"050a9e2d05d33c783ebef4c0d12c095d","defaultPageId":null,"defaultInstagramActorId":null,"defaultWebsiteUrl":"http://191.252.92.222:3000/accounts/facebook","defaultLeadGenFormId":null,"defaultCreativeMessageTemplate":"%s","defaultCallToActionType":"LEARN_MORE","adSetDailyBudget":"2000","adSetBillingEvent":"IMPRESSIONS","adSetOptimizationGoal":"LINK_CLICKS","adSetDestinationType":"WEBSITE","adSetBidStrategy":"LOWEST_COST_WITHOUT_CAP","adSetBidAmount":null,"adSetTargetCountry":"BR"}
2026-07-12T10:41:14.858Z  INFO 33998 --- [facebook-ads-worker] [scheduling-1] c.m.f.f.FacebookCampaignService          : Requesting experiments ready for Facebook campaigns from backend: url==>http://localhost:8001/api/facebook-campaigns/experiments-ready, params={}
2026-07-12T10:41:19.155Z  INFO 33998 --- [facebook-ads-worker] [scheduling-1] c.m.f.f.FacebookCampaignService          : Received experiments response from backend: url<==http://localhost:8001/api/facebook-campaigns/experiments-ready, response=[]
2026-07-12T10:41:24.156Z  INFO 33998 --- [facebook-ads-worker] [scheduling-1] .m.f.c.FacebookWorkerConfigurationClient : Requesting Facebook worker configuration from backend: url==>http://localhost:8001/api/accounts/facebook/worker-config, params={}
2026-07-12T10:41:24.865Z  INFO 33998 --- [facebook-ads-worker] [scheduling-1] .m.f.c.FacebookWorkerConfigurationClient : Received Facebook worker configuration response from backend: url<==http://localhost:8001/api/accounts/facebook/worker-config, response={"accountId":1,"adAccountId":"939323521124952","accessToken":"EAALKZCklBIpoBRp8TLLvqERh459ZBdy2L3H1NAzasViZAGa9FLJJxH227vaJ99xvqjr9SbWqbQavpNDwiyXghDm3GZAq3qa5cDl5M7eLPRsw6MrxFLLlxanSLOgrQUWAZBT0OMYZC70DXZBobQzLhKZAT2UyiqNIZCpb0jAAfZA2RZAojXXmlxYyjgoCYJAJfen4sfGJnJb1Iqn","systemUserAccessToken":"EAALKZCklBIpoBRPrMY5ZBnwKiqZAavOWuAOdDZBE69CD5YC7L1t6B7AVEyw5BwE9TJaySajAlR2DoYoMC4Q2ZBbLcOYmuRqG3BhRgxdx2iwniUKd48S2CyZCaY22e9JJMvPefi8CoSZBc2juarNGTGVumExY2qTdA9ZC8lgcV69ZCeCCh2MmCzqEyKU0QR9N5NwZDZD","pixelOwnerBusinessId":"1337293866974593","appId":"786143452930714","appSecret":"050a9e2d05d33c783ebef4c0d12c095d","defaultPageId":null,"defaultInstagramActorId":null,"defaultWebsiteUrl":"http://191.252.92.222:3000/accounts/facebook","defaultLeadGenFormId":null,"defaultCreativeMessageTemplate":"%s","defaultCallToActionType":"LEARN_MORE","adSetDailyBudget":"2000","adSetBillingEvent":"IMPRESSIONS","adSetOptimizationGoal":"LINK_CLICKS","adSetDestinationType":"WEBSITE","adSetBidStrategy":"LOWEST_COST_WITHOUT_CAP","adSetBidAmount":null,"adSetTargetCountry":"BR"}
2026-07-12T10:41:24.866Z  INFO 33998 --- [facebook-ads-worker] [scheduling-1] c.m.f.f.FacebookCampaignService          : Requesting experiments ready for Facebook campaigns from backend: url==>http://localhost:8001/api/facebook-campaigns/experiments-ready, params={}
2026-07-12T10:41:29.637Z  INFO 33998 --- [facebook-ads-worker] [scheduling-1] c.m.f.f.FacebookCampaignService          : Received experiments response from backend: url<==http://localhost:8001/api/facebook-campaigns/experiments-ready, response=[]
2026-07-12T10:41:34.638Z  INFO 33998 --- [facebook-ads-worker] [scheduling-1] .m.f.c.FacebookWorkerConfigurationClient : Requesting Facebook worker configuration from backend: url==>http://localhost:8001/api/accounts/facebook/worker-config, params={}
2026-07-12T10:41:35.350Z  INFO 33998 --- [facebook-ads-worker] [scheduling-1] .m.f.c.FacebookWorkerConfigurationClient : Received Facebook worker configuration response from backend: url<==http://localhost:8001/api/accounts/facebook/worker-config, response={"accountId":1,"adAccountId":"939323521124952","accessToken":"EAALKZCklBIpoBRp8TLLvqERh459ZBdy2L3H1NAzasViZAGa9FLJJxH227vaJ99xvqjr9SbWqbQavpNDwiyXghDm3GZAq3qa5cDl5M7eLPRsw6MrxFLLlxanSLOgrQUWAZBT0OMYZC70DXZBobQzLhKZAT2UyiqNIZCpb0jAAfZA2RZAojXXmlxYyjgoCYJAJfen4sfGJnJb1Iqn","systemUserAccessToken":"EAALKZCklBIpoBRPrMY5ZBnwKiqZAavOWuAOdDZBE69CD5YC7L1t6B7AVEyw5BwE9TJaySajAlR2DoYoMC4Q2ZBbLcOYmuRqG3BhRgxdx2iwniUKd48S2CyZCaY22e9JJMvPefi8CoSZBc2juarNGTGVumExY2qTdA9ZC8lgcV69ZCeCCh2MmCzqEyKU0QR9N5NwZDZD","pixelOwnerBusinessId":"1337293866974593","appId":"786143452930714","appSecret":"050a9e2d05d33c783ebef4c0d12c095d","defaultPageId":null,"defaultInstagramActorId":null,"defaultWebsiteUrl":"http://191.252.92.222:3000/accounts/facebook","defaultLeadGenFormId":null,"defaultCreativeMessageTemplate":"%s","defaultCallToActionType":"LEARN_MORE","adSetDailyBudget":"2000","adSetBillingEvent":"IMPRESSIONS","adSetOptimizationGoal":"LINK_CLICKS","adSetDestinationType":"WEBSITE","adSetBidStrategy":"LOWEST_COST_WITHOUT_CAP","adSetBidAmount":null,"adSetTargetCountry":"BR"}
2026-07-12T10:41:35.351Z  INFO 33998 --- [facebook-ads-worker] [scheduling-1] c.m.f.f.FacebookCampaignService          : Requesting experiments ready for Facebook campaigns from backend: url==>http://localhost:8001/api/facebook-campaigns/experiments-ready, params={}
2026-07-12T10:41:40.136Z  INFO 33998 --- [facebook-ads-worker] [scheduling-1] c.m.f.f.FacebookCampaignService          : Received experiments response from backend: url<==http://localhost:8001/api/facebook-campaigns/experiments-ready, response=[]
2026-07-12T10:41:45.137Z  INFO 33998 --- [facebook-ads-worker] [scheduling-1] .m.f.c.FacebookWorkerConfigurationClient : Requesting Facebook worker configuration from backend: url==>http://localhost:8001/api/accounts/facebook/worker-config, params={}
2026-07-12T10:41:45.848Z  INFO 33998 --- [facebook-ads-worker] [scheduling-1] .m.f.c.FacebookWorkerConfigurationClient : Received Facebook worker configuration response from backend: url<==http://localhost:8001/api/accounts/facebook/worker-config, response={"accountId":1,"adAccountId":"939323521124952","accessToken":"EAALKZCklBIpoBRp8TLLvqERh459ZBdy2L3H1NAzasViZAGa9FLJJxH227vaJ99xvqjr9SbWqbQavpNDwiyXghDm3GZAq3qa5cDl5M7eLPRsw6MrxFLLlxanSLOgrQUWAZBT0OMYZC70DXZBobQzLhKZAT2UyiqNIZCpb0jAAfZA2RZAojXXmlxYyjgoCYJAJfen4sfGJnJb1Iqn","systemUserAccessToken":"EAALKZCklBIpoBRPrMY5ZBnwKiqZAavOWuAOdDZBE69CD5YC7L1t6B7AVEyw5BwE9TJaySajAlR2DoYoMC4Q2ZBbLcOYmuRqG3BhRgxdx2iwniUKd48S2CyZCaY22e9JJMvPefi8CoSZBc2juarNGTGVumExY2qTdA9ZC8lgcV69ZCeCCh2MmCzqEyKU0QR9N5NwZDZD","pixelOwnerBusinessId":"1337293866974593","appId":"786143452930714","appSecret":"050a9e2d05d33c783ebef4c0d12c095d","defaultPageId":null,"defaultInstagramActorId":null,"defaultWebsiteUrl":"http://191.252.92.222:3000/accounts/facebook","defaultLeadGenFormId":null,"defaultCreativeMessageTemplate":"%s","defaultCallToActionType":"LEARN_MORE","adSetDailyBudget":"2000","adSetBillingEvent":"IMPRESSIONS","adSetOptimizationGoal":"LINK_CLICKS","adSetDestinationType":"WEBSITE","adSetBidStrategy":"LOWEST_COST_WITHOUT_CAP","adSetBidAmount":null,"adSetTargetCountry":"BR"}
2026-07-12T10:41:45.848Z  INFO 33998 --- [facebook-ads-worker] [scheduling-1] c.m.f.f.FacebookCampaignService          : Requesting experiments ready for Facebook campaigns from backend: url==>http://localhost:8001/api/facebook-campaigns/experiments-ready, params={}
2026-07-12T10:41:51.050Z  INFO 33998 --- [facebook-ads-worker] [scheduling-1] c.m.f.f.FacebookCampaignService          : Received experiments response from backend: url<==http://localhost:8001/api/facebook-campaigns/experiments-ready, response=[]
2026-07-12T10:41:56.051Z  INFO 33998 --- [facebook-ads-worker] [scheduling-1] .m.f.c.FacebookWorkerConfigurationClient : Requesting Facebook worker configuration from backend: url==>http://localhost:8001/api/accounts/facebook/worker-config, params={}
2026-07-12T10:41:56.760Z  INFO 33998 --- [facebook-ads-worker] [scheduling-1] .m.f.c.FacebookWorkerConfigurationClient : Received Facebook worker configuration response from backend: url<==http://localhost:8001/api/accounts/facebook/worker-config, response={"accountId":1,"adAccountId":"939323521124952","accessToken":"EAALKZCklBIpoBRp8TLLvqERh459ZBdy2L3H1NAzasViZAGa9FLJJxH227vaJ99xvqjr9SbWqbQavpNDwiyXghDm3GZAq3qa5cDl5M7eLPRsw6MrxFLLlxanSLOgrQUWAZBT0OMYZC70DXZBobQzLhKZAT2UyiqNIZCpb0jAAfZA2RZAojXXmlxYyjgoCYJAJfen4sfGJnJb1Iqn","systemUserAccessToken":"EAALKZCklBIpoBRPrMY5ZBnwKiqZAavOWuAOdDZBE69CD5YC7L1t6B7AVEyw5BwE9TJaySajAlR2DoYoMC4Q2ZBbLcOYmuRqG3BhRgxdx2iwniUKd48S2CyZCaY22e9JJMvPefi8CoSZBc2juarNGTGVumExY2qTdA9ZC8lgcV69ZCeCCh2MmCzqEyKU0QR9N5NwZDZD","pixelOwnerBusinessId":"1337293866974593","appId":"786143452930714","appSecret":"050a9e2d05d33c783ebef4c0d12c095d","defaultPageId":null,"defaultInstagramActorId":null,"defaultWebsiteUrl":"http://191.252.92.222:3000/accounts/facebook","defaultLeadGenFormId":null,"defaultCreativeMessageTemplate":"%s","defaultCallToActionType":"LEARN_MORE","adSetDailyBudget":"2000","adSetBillingEvent":"IMPRESSIONS","adSetOptimizationGoal":"LINK_CLICKS","adSetDestinationType":"WEBSITE","adSetBidStrategy":"LOWEST_COST_WITHOUT_CAP","adSetBidAmount":null,"adSetTargetCountry":"BR"}
2026-07-12T10:41:56.760Z  INFO 33998 --- [facebook-ads-worker] [scheduling-1] c.m.f.f.FacebookCampaignService          : Requesting experiments ready for Facebook campaigns from backend: url==>http://localhost:8001/api/facebook-campaigns/experiments-ready, params={}
2026-07-12T10:42:01.535Z  INFO 33998 --- [facebook-ads-worker] [scheduling-1] c.m.f.f.FacebookCampaignService          : Received experiments response from backend: url<==http://localhost:8001/api/facebook-campaigns/experiments-ready, response=[]
2026-07-12T10:42:03.547Z  INFO 33998 --- [facebook-ads-worker] [SpringApplicationShutdownHook] com.zaxxer.hikari.HikariDataSource       : marketingHubPool - Shutdown initiated...
2026-07-12T10:42:03.549Z  INFO 33998 --- [facebook-ads-worker] [SpringApplicationShutdownHook] com.zaxxer.hikari.HikariDataSource       : marketingHubPool - Shutdown completed.
2026-07-12T10:43:31.887Z  INFO 34498 --- [facebook-ads-worker] [main] c.m.f.FacebookAdsWorkerApplication       : Starting FacebookAdsWorkerApplication using Java 21.0.11 with PID 34498 (/root/ai-hub/src/ai-hub-475e0f7d-99a3-41a0-9f67-59f7532dec6d-XTOgaA/repo/facebook-ads-worker/target/classes started by root in /root/ai-hub/src/ai-hub-475e0f7d-99a3-41a0-9f67-59f7532dec6d-XTOgaA/repo/facebook-ads-worker)
2026-07-12T10:43:31.889Z  INFO 34498 --- [facebook-ads-worker] [main] c.m.f.FacebookAdsWorkerApplication       : No active profile set, falling back to 1 default profile: "default"
2026-07-12T10:43:32.379Z  INFO 34498 --- [facebook-ads-worker] [main] .s.d.r.c.RepositoryConfigurationDelegate : Bootstrapping Spring Data JDBC repositories in DEFAULT mode.
2026-07-12T10:43:32.394Z  INFO 34498 --- [facebook-ads-worker] [main] .s.d.r.c.RepositoryConfigurationDelegate : Finished Spring Data repository scanning in 13 ms. Found 0 JDBC repository interfaces.
2026-07-12T10:43:32.663Z  INFO 34498 --- [facebook-ads-worker] [main] o.s.b.w.embedded.tomcat.TomcatWebServer  : Tomcat initialized with port 4568 (http)
2026-07-12T10:43:32.671Z  INFO 34498 --- [facebook-ads-worker] [main] o.apache.catalina.core.StandardService   : Starting service [Tomcat]
2026-07-12T10:43:32.671Z  INFO 34498 --- [facebook-ads-worker] [main] o.apache.catalina.core.StandardEngine    : Starting Servlet engine: [Apache Tomcat/10.1.20]
2026-07-12T10:43:32.697Z  INFO 34498 --- [facebook-ads-worker] [main] o.a.c.c.C.[Tomcat].[localhost].[/]       : Initializing Spring embedded WebApplicationContext
2026-07-12T10:43:32.698Z  INFO 34498 --- [facebook-ads-worker] [main] w.s.c.ServletWebServerApplicationContext : Root WebApplicationContext: initialization completed in 783 ms
2026-07-12T10:43:32.950Z  INFO 34498 --- [facebook-ads-worker] [main] c.m.f.FacebookAdsService                 : Configured Facebook Graph API version: v23.0
2026-07-12T10:43:33.333Z  INFO 34498 --- [facebook-ads-worker] [main] com.zaxxer.hikari.HikariDataSource       : marketingHubPool - Starting...
2026-07-12T10:43:36.869Z  INFO 34498 --- [facebook-ads-worker] [main] com.zaxxer.hikari.pool.HikariPool        : marketingHubPool - Added connection com.mysql.cj.jdbc.ConnectionImpl@16ef1160
2026-07-12T10:43:36.870Z  INFO 34498 --- [facebook-ads-worker] [main] com.zaxxer.hikari.HikariDataSource       : marketingHubPool - Start completed.
2026-07-12T10:43:36.936Z  INFO 34498 --- [facebook-ads-worker] [main] o.s.b.a.e.web.EndpointLinksResolver      : Exposing 4 endpoint(s) beneath base path '/worker-observability'
2026-07-12T10:43:36.976Z  INFO 34498 --- [facebook-ads-worker] [main] o.s.b.w.embedded.tomcat.TomcatWebServer  : Tomcat started on port 4568 (http) with context path ''
2026-07-12T10:43:36.984Z  INFO 34498 --- [facebook-ads-worker] [main] c.m.f.FacebookAdsWorkerApplication       : Started FacebookAdsWorkerApplication in 5.331 seconds (process running for 5.534)
2026-07-12T10:43:36.990Z  INFO 34498 --- [facebook-ads-worker] [scheduling-1] .m.f.c.FacebookWorkerConfigurationClient : Requesting Facebook worker configuration from backend: url==>http://localhost:8001/api/accounts/facebook/worker-config, params={}
2026-07-12T10:43:37.878Z  INFO 34498 --- [facebook-ads-worker] [scheduling-1] .m.f.c.FacebookWorkerConfigurationClient : Received Facebook worker configuration response from backend: url<==http://localhost:8001/api/accounts/facebook/worker-config, response={"accountId":1,"adAccountId":"939323521124952","accessToken":"EAALKZCklBIpoBRp8TLLvqERh459ZBdy2L3H1NAzasViZAGa9FLJJxH227vaJ99xvqjr9SbWqbQavpNDwiyXghDm3GZAq3qa5cDl5M7eLPRsw6MrxFLLlxanSLOgrQUWAZBT0OMYZC70DXZBobQzLhKZAT2UyiqNIZCpb0jAAfZA2RZAojXXmlxYyjgoCYJAJfen4sfGJnJb1Iqn","systemUserAccessToken":"EAALKZCklBIpoBRPrMY5ZBnwKiqZAavOWuAOdDZBE69CD5YC7L1t6B7AVEyw5BwE9TJaySajAlR2DoYoMC4Q2ZBbLcOYmuRqG3BhRgxdx2iwniUKd48S2CyZCaY22e9JJMvPefi8CoSZBc2juarNGTGVumExY2qTdA9ZC8lgcV69ZCeCCh2MmCzqEyKU0QR9N5NwZDZD","pixelOwnerBusinessId":"1337293866974593","appId":"786143452930714","appSecret":"050a9e2d05d33c783ebef4c0d12c095d","defaultPageId":null,"defaultInstagramActorId":null,"defaultWebsiteUrl":"http://191.252.92.222:3000/accounts/facebook","defaultLeadGenFormId":null,"defaultCreativeMessageTemplate":"%s","defaultCallToActionType":"LEARN_MORE","adSetDailyBudget":"2000","adSetBillingEvent":"IMPRESSIONS","adSetOptimizationGoal":"LINK_CLICKS","adSetDestinationType":"WEBSITE","adSetBidStrategy":"LOWEST_COST_WITHOUT_CAP","adSetBidAmount":null,"adSetTargetCountry":"BR"}
2026-07-12T10:43:37.883Z  INFO 34498 --- [facebook-ads-worker] [scheduling-1] c.m.f.FacebookAdsService                 : Facebook access token updated: previousToken=null, newToken=EAA...Iqn
2026-07-12T10:43:38.367Z  WARN 34498 --- [facebook-ads-worker] [scheduling-1] c.m.f.f.FacebookCampaignMetricsService   : Could not sync Facebook status snapshot for campaign : 400 Bad Request from GET https://graph.facebook.com/v23.0/

org.springframework.web.reactive.function.client.WebClientResponseException$BadRequest: 400 Bad Request from GET https://graph.facebook.com/v23.0/
	at org.springframework.web.reactive.function.client.WebClientResponseException.create(WebClientResponseException.java:307) ~[spring-webflux-6.1.6.jar:6.1.6]
	Suppressed: reactor.core.publisher.FluxOnAssembly$OnAssemblyException: 
Error has been observed at the following site(s):
	*__checkpoint ⇢ 400 BAD_REQUEST from GET https://graph.facebook.com/v23.0/ [DefaultWebClient]
Original Stack Trace:
		at org.springframework.web.reactive.function.client.WebClientResponseException.create(WebClientResponseException.java:307) ~[spring-webflux-6.1.6.jar:6.1.6]
		at org.springframework.web.reactive.function.client.DefaultClientResponse.lambda$createException$1(DefaultClientResponse.java:214) ~[spring-webflux-6.1.6.jar:6.1.6]
		at reactor.core.publisher.FluxMap$MapSubscriber.onNext(FluxMap.java:106) ~[reactor-core-3.6.5.jar:3.6.5]
		at reactor.core.publisher.FluxOnErrorReturn$ReturnSubscriber.onNext(FluxOnErrorReturn.java:162) ~[reactor-core-3.6.5.jar:3.6.5]
		at reactor.core.publisher.FluxDefaultIfEmpty$DefaultIfEmptySubscriber.onNext(FluxDefaultIfEmpty.java:122) ~[reactor-core-3.6.5.jar:3.6.5]
		at reactor.core.publisher.FluxMapFuseable$MapFuseableSubscriber.onNext(FluxMapFuseable.java:129) ~[reactor-core-3.6.5.jar:3.6.5]
		at reactor.core.publisher.FluxContextWrite$ContextWriteSubscriber.onNext(FluxContextWrite.java:107) ~[reactor-core-3.6.5.jar:3.6.5]
		at reactor.core.publisher.FluxMapFuseable$MapFuseableConditionalSubscriber.onNext(FluxMapFuseable.java:299) ~[reactor-core-3.6.5.jar:3.6.5]
		at reactor.core.publisher.FluxFilterFuseable$FilterFuseableConditionalSubscriber.onNext(FluxFilterFuseable.java:337) ~[reactor-core-3.6.5.jar:3.6.5]
		at reactor.core.publisher.Operators$BaseFluxToMonoOperator.completePossiblyEmpty(Operators.java:2097) ~[reactor-core-3.6.5.jar:3.6.5]
		at reactor.core.publisher.MonoCollect$CollectSubscriber.onComplete(MonoCollect.java:145) ~[reactor-core-3.6.5.jar:3.6.5]
		at reactor.core.publisher.FluxMap$MapSubscriber.onComplete(FluxMap.java:144) ~[reactor-core-3.6.5.jar:3.6.5]
		at reactor.core.publisher.FluxPeek$PeekSubscriber.onComplete(FluxPeek.java:260) ~[reactor-core-3.6.5.jar:3.6.5]
		at reactor.core.publisher.FluxMap$MapSubscriber.onComplete(FluxMap.java:144) ~[reactor-core-3.6.5.jar:3.6.5]
		at reactor.netty.channel.FluxReceive.onInboundComplete(FluxReceive.java:415) ~[reactor-netty-core-1.1.18.jar:1.1.18]
		at reactor.netty.channel.ChannelOperations.onInboundComplete(ChannelOperations.java:446) ~[reactor-netty-core-1.1.18.jar:1.1.18]
		at reactor.netty.channel.ChannelOperations.terminate(ChannelOperations.java:500) ~[reactor-netty-core-1.1.18.jar:1.1.18]
		at reactor.netty.http.client.HttpClientOperations.onInboundNext(HttpClientOperations.java:793) ~[reactor-netty-http-1.1.18.jar:1.1.18]
		at reactor.netty.channel.ChannelOperationsHandler.channelRead(ChannelOperationsHandler.java:114) ~[reactor-netty-core-1.1.18.jar:1.1.18]
		at io.netty.channel.AbstractChannelHandlerContext.invokeChannelRead(AbstractChannelHandlerContext.java:444) ~[netty-transport-4.1.109.Final.jar:4.1.109.Final]
		at io.netty.channel.AbstractChannelHandlerContext.invokeChannelRead(AbstractChannelHandlerContext.java:420) ~[netty-transport-4.1.109.Final.jar:4.1.109.Final]
		at io.netty.channel.AbstractChannelHandlerContext.fireChannelRead(AbstractChannelHandlerContext.java:412) ~[netty-transport-4.1.109.Final.jar:4.1.109.Final]
		at io.netty.handler.codec.MessageToMessageDecoder.channelRead(MessageToMessageDecoder.java:103) ~[netty-codec-4.1.109.Final.jar:4.1.109.Final]
		at io.netty.channel.AbstractChannelHandlerContext.invokeChannelRead(AbstractChannelHandlerContext.java:444) ~[netty-transport-4.1.109.Final.jar:4.1.109.Final]
		at io.netty.channel.AbstractChannelHandlerContext.invokeChannelRead(AbstractChannelHandlerContext.java:420) ~[netty-transport-4.1.109.Final.jar:4.1.109.Final]
		at io.netty.channel.AbstractChannelHandlerContext.fireChannelRead(AbstractChannelHandlerContext.java:412) ~[netty-transport-4.1.109.Final.jar:4.1.109.Final]
		at io.netty.channel.CombinedChannelDuplexHandler$DelegatingChannelHandlerContext.fireChannelRead(CombinedChannelDuplexHandler.java:436) ~[netty-transport-4.1.109.Final.jar:4.1.109.Final]
		at io.netty.handler.codec.ByteToMessageDecoder.fireChannelRead(ByteToMessageDecoder.java:346) ~[netty-codec-4.1.109.Final.jar:4.1.109.Final]
		at io.netty.handler.codec.ByteToMessageDecoder.channelRead(ByteToMessageDecoder.java:318) ~[netty-codec-4.1.109.Final.jar:4.1.109.Final]
		at io.netty.channel.CombinedChannelDuplexHandler.channelRead(CombinedChannelDuplexHandler.java:251) ~[netty-transport-4.1.109.Final.jar:4.1.109.Final]
		at io.netty.channel.AbstractChannelHandlerContext.invokeChannelRead(AbstractChannelHandlerContext.java:442) ~[netty-transport-4.1.109.Final.jar:4.1.109.Final]
		at io.netty.channel.AbstractChannelHandlerContext.invokeChannelRead(AbstractChannelHandlerContext.java:420) ~[netty-transport-4.1.109.Final.jar:4.1.109.Final]
		at io.netty.channel.AbstractChannelHandlerContext.fireChannelRead(AbstractChannelHandlerContext.java:412) ~[netty-transport-4.1.109.Final.jar:4.1.109.Final]
		at io.netty.handler.ssl.SslHandler.unwrap(SslHandler.java:1475) ~[netty-handler-4.1.109.Final.jar:4.1.109.Final]
		at io.netty.handler.ssl.SslHandler.decodeJdkCompatible(SslHandler.java:1338) ~[netty-handler-4.1.109.Final.jar:4.1.109.Final]
		at io.netty.handler.ssl.SslHandler.decode(SslHandler.java:1387) ~[netty-handler-4.1.109.Final.jar:4.1.109.Final]
		at io.netty.handler.codec.ByteToMessageDecoder.decodeRemovalReentryProtection(ByteToMessageDecoder.java:530) ~[netty-codec-4.1.109.Final.jar:4.1.109.Final]
		at io.netty.handler.codec.ByteToMessageDecoder.callDecode(ByteToMessageDecoder.java:469) ~[netty-codec-4.1.109.Final.jar:4.1.109.Final]
		at io.netty.handler.codec.ByteToMessageDecoder.channelRead(ByteToMessageDecoder.java:290) ~[netty-codec-4.1.109.Final.jar:4.1.109.Final]
		at io.netty.channel.AbstractChannelHandlerContext.invokeChannelRead(AbstractChannelHandlerContext.java:444) ~[netty-transport-4.1.109.Final.jar:4.1.109.Final]
		at io.netty.channel.AbstractChannelHandlerContext.invokeChannelRead(AbstractChannelHandlerContext.java:420) ~[netty-transport-4.1.109.Final.jar:4.1.109.Final]
		at io.netty.channel.AbstractChannelHandlerContext.fireChannelRead(AbstractChannelHandlerContext.java:412) ~[netty-transport-4.1.109.Final.jar:4.1.109.Final]
		at io.netty.channel.DefaultChannelPipeline$HeadContext.channelRead(DefaultChannelPipeline.java:1410) ~[netty-transport-4.1.109.Final.jar:4.1.109.Final]
		at io.netty.channel.AbstractChannelHandlerContext.invokeChannelRead(AbstractChannelHandlerContext.java:440) ~[netty-transport-4.1.109.Final.jar:4.1.109.Final]
		at io.netty.channel.AbstractChannelHandlerContext.invokeChannelRead(AbstractChannelHandlerContext.java:420) ~[netty-transport-4.1.109.Final.jar:4.1.109.Final]
		at io.netty.channel.DefaultChannelPipeline.fireChannelRead(DefaultChannelPipeline.java:919) ~[netty-transport-4.1.109.Final.jar:4.1.109.Final]
		at io.netty.channel.epoll.AbstractEpollStreamChannel$EpollStreamUnsafe.epollInReady(AbstractEpollStreamChannel.java:801) ~[netty-transport-classes-epoll-4.1.109.Final.jar:4.1.109.Final]
		at io.netty.channel.epoll.EpollEventLoop.processReady(EpollEventLoop.java:501) ~[netty-transport-classes-epoll-4.1.109.Final.jar:4.1.109.Final]
		at io.netty.channel.epoll.EpollEventLoop.run(EpollEventLoop.java:399) ~[netty-transport-classes-epoll-4.1.109.Final.jar:4.1.109.Final]
		at io.netty.util.concurrent.SingleThreadEventExecutor$4.run(SingleThreadEventExecutor.java:997) ~[netty-common-4.1.109.Final.jar:4.1.109.Final]
		at io.netty.util.internal.ThreadExecutorMap$2.run(ThreadExecutorMap.java:74) ~[netty-common-4.1.109.Final.jar:4.1.109.Final]
		at io.netty.util.concurrent.FastThreadLocalRunnable.run(FastThreadLocalRunnable.java:30) ~[netty-common-4.1.109.Final.jar:4.1.109.Final]
		at java.base/java.lang.Thread.run(Thread.java:1583) ~[na:na]
	Suppressed: java.lang.Exception: #block terminated with an error
		at reactor.core.publisher.BlockingSingleSubscriber.blockingGet(BlockingSingleSubscriber.java:104) ~[reactor-core-3.6.5.jar:3.6.5]
		at reactor.core.publisher.Mono.block(Mono.java:1779) ~[reactor-core-3.6.5.jar:3.6.5]
		at com.marketinghub.facebookadsworker.facebookcampaign.FacebookCampaignStatusSnapshotClient.fetch(FacebookCampaignStatusSnapshotClient.java:34) ~[classes/:na]
		at com.marketinghub.facebookadsworker.facebookcampaign.FacebookCampaignMetricsService.syncStatusSnapshot(FacebookCampaignMetricsService.java:139) ~[classes/:na]
		at com.marketinghub.facebookadsworker.facebookcampaign.FacebookCampaignMetricsService.processTarget(FacebookCampaignMetricsService.java:103) ~[classes/:na]
		at com.marketinghub.facebookadsworker.facebookcampaign.FacebookCampaignMetricsService.syncCampaignMetrics(FacebookCampaignMetricsService.java:94) ~[classes/:na]
		at com.marketinghub.facebookadsworker.facebookcampaign.FacebookCampaignMetricsScheduler.scheduleMetricsSync(FacebookCampaignMetricsScheduler.java:16) ~[classes/:na]
		at java.base/jdk.internal.reflect.DirectMethodHandleAccessor.invoke(DirectMethodHandleAccessor.java:103) ~[na:na]
		at java.base/java.lang.reflect.Method.invoke(Method.java:580) ~[na:na]
		at org.springframework.scheduling.support.ScheduledMethodRunnable.runInternal(ScheduledMethodRunnable.java:130) ~[spring-context-6.1.6.jar:6.1.6]
		at org.springframework.scheduling.support.ScheduledMethodRunnable.lambda$run$2(ScheduledMethodRunnable.java:124) ~[spring-context-6.1.6.jar:6.1.6]
		at io.micrometer.observation.Observation.observe(Observation.java:499) ~[micrometer-observation-1.12.5.jar:1.12.5]
		at org.springframework.scheduling.support.ScheduledMethodRunnable.run(ScheduledMethodRunnable.java:124) ~[spring-context-6.1.6.jar:6.1.6]
		at org.springframework.scheduling.support.DelegatingErrorHandlingRunnable.run(DelegatingErrorHandlingRunnable.java:54) ~[spring-context-6.1.6.jar:6.1.6]
		at java.base/java.util.concurrent.Executors$RunnableAdapter.call(Executors.java:572) ~[na:na]
		at java.base/java.util.concurrent.FutureTask.runAndReset(FutureTask.java:358) ~[na:na]
		at java.base/java.util.concurrent.ScheduledThreadPoolExecutor$ScheduledFutureTask.run(ScheduledThreadPoolExecutor.java:305) ~[na:na]
		at java.base/java.util.concurrent.ThreadPoolExecutor.runWorker(ThreadPoolExecutor.java:1144) ~[na:na]
		at java.base/java.util.concurrent.ThreadPoolExecutor$Worker.run(ThreadPoolExecutor.java:642) ~[na:na]
		at java.base/java.lang.Thread.run(Thread.java:1583) ~[na:na]

2026-07-12T10:43:38.481Z ERROR 34498 --- [facebook-ads-worker] [scheduling-1] c.m.f.FacebookAdsService                 : Facebook API GET request failed: path<==/v23.0/insights?access_token=EAA...Iqn&date_preset=maximum&fields=campaign_name,reach,impressions,clicks,spend,actions,date_start,date_stop&time_increment=all_days, status=400, responseBody={"e..."}}, errorDetails={"type":"GraphMethodException","code":100,"error_subcode":33,"message":"Unsupported get request. Object with ID 'insights' does not exist, cannot be loaded due to missing permissions, or does not support this operation. Please read the Graph API documentation at https://developers.facebook.com/docs/graph-api","fbtrace_id":"AMIaCfdm28XyQ8idrM6mC2z"}

org.springframework.web.reactive.function.client.WebClientResponseException$BadRequest: 400 Bad Request from GET https://graph.facebook.com/v23.0/insights
	at org.springframework.web.reactive.function.client.WebClientResponseException.create(WebClientResponseException.java:307) ~[spring-webflux-6.1.6.jar:6.1.6]
	at org.springframework.web.reactive.function.client.DefaultClientResponse.lambda$createException$1(DefaultClientResponse.java:214) ~[spring-webflux-6.1.6.jar:6.1.6]
	at reactor.core.publisher.FluxMap$MapSubscriber.onNext(FluxMap.java:106) ~[reactor-core-3.6.5.jar:3.6.5]
	at reactor.core.publisher.FluxOnErrorReturn$ReturnSubscriber.onNext(FluxOnErrorReturn.java:162) ~[reactor-core-3.6.5.jar:3.6.5]
	at reactor.core.publisher.FluxDefaultIfEmpty$DefaultIfEmptySubscriber.onNext(FluxDefaultIfEmpty.java:122) ~[reactor-core-3.6.5.jar:3.6.5]
	at reactor.core.publisher.FluxOnAssembly$OnAssemblySubscriber.onNext(FluxOnAssembly.java:539) ~[reactor-core-3.6.5.jar:3.6.5]
	at reactor.core.publisher.FluxMapFuseable$MapFuseableSubscriber.onNext(FluxMapFuseable.java:129) ~[reactor-core-3.6.5.jar:3.6.5]
	at reactor.core.publisher.FluxContextWrite$ContextWriteSubscriber.onNext(FluxContextWrite.java:107) ~[reactor-core-3.6.5.jar:3.6.5]
	at reactor.core.publisher.FluxMapFuseable$MapFuseableConditionalSubscriber.onNext(FluxMapFuseable.java:299) ~[reactor-core-3.6.5.jar:3.6.5]
	at reactor.core.publisher.FluxFilterFuseable$FilterFuseableConditionalSubscriber.onNext(FluxFilterFuseable.java:337) ~[reactor-core-3.6.5.jar:3.6.5]
	at reactor.core.publisher.Operators$BaseFluxToMonoOperator.completePossiblyEmpty(Operators.java:2097) ~[reactor-core-3.6.5.jar:3.6.5]
	at reactor.core.publisher.MonoCollect$CollectSubscriber.onComplete(MonoCollect.java:145) ~[reactor-core-3.6.5.jar:3.6.5]
	at reactor.core.publisher.FluxMap$MapSubscriber.onComplete(FluxMap.java:144) ~[reactor-core-3.6.5.jar:3.6.5]
	at reactor.core.publisher.FluxPeek$PeekSubscriber.onComplete(FluxPeek.java:260) ~[reactor-core-3.6.5.jar:3.6.5]
	at reactor.core.publisher.FluxMap$MapSubscriber.onComplete(FluxMap.java:144) ~[reactor-core-3.6.5.jar:3.6.5]
	at reactor.netty.channel.FluxReceive.onInboundComplete(FluxReceive.java:415) ~[reactor-netty-core-1.1.18.jar:1.1.18]
	at reactor.netty.channel.ChannelOperations.onInboundComplete(ChannelOperations.java:446) ~[reactor-netty-core-1.1.18.jar:1.1.18]
	at reactor.netty.channel.ChannelOperations.terminate(ChannelOperations.java:500) ~[reactor-netty-core-1.1.18.jar:1.1.18]
	at reactor.netty.http.client.HttpClientOperations.onInboundNext(HttpClientOperations.java:793) ~[reactor-netty-http-1.1.18.jar:1.1.18]
	at reactor.netty.channel.ChannelOperationsHandler.channelRead(ChannelOperationsHandler.java:114) ~[reactor-netty-core-1.1.18.jar:1.1.18]
	at io.netty.channel.AbstractChannelHandlerContext.invokeChannelRead(AbstractChannelHandlerContext.java:444) ~[netty-transport-4.1.109.Final.jar:4.1.109.Final]
	at io.netty.channel.AbstractChannelHandlerContext.invokeChannelRead(AbstractChannelHandlerContext.java:420) ~[netty-transport-4.1.109.Final.jar:4.1.109.Final]
	at io.netty.channel.AbstractChannelHandlerContext.fireChannelRead(AbstractChannelHandlerContext.java:412) ~[netty-transport-4.1.109.Final.jar:4.1.109.Final]
	at io.netty.handler.codec.MessageToMessageDecoder.channelRead(MessageToMessageDecoder.java:103) ~[netty-codec-4.1.109.Final.jar:4.1.109.Final]
	at io.netty.channel.AbstractChannelHandlerContext.invokeChannelRead(AbstractChannelHandlerContext.java:444) ~[netty-transport-4.1.109.Final.jar:4.1.109.Final]
	at io.netty.channel.AbstractChannelHandlerContext.invokeChannelRead(AbstractChannelHandlerContext.java:420) ~[netty-transport-4.1.109.Final.jar:4.1.109.Final]
	at io.netty.channel.AbstractChannelHandlerContext.fireChannelRead(AbstractChannelHandlerContext.java:412) ~[netty-transport-4.1.109.Final.jar:4.1.109.Final]
	at io.netty.channel.CombinedChannelDuplexHandler$DelegatingChannelHandlerContext.fireChannelRead(CombinedChannelDuplexHandler.java:436) ~[netty-transport-4.1.109.Final.jar:4.1.109.Final]
	at io.netty.handler.codec.ByteToMessageDecoder.fireChannelRead(ByteToMessageDecoder.java:346) ~[netty-codec-4.1.109.Final.jar:4.1.109.Final]
	at io.netty.handler.codec.ByteToMessageDecoder.channelRead(ByteToMessageDecoder.java:318) ~[netty-codec-4.1.109.Final.jar:4.1.109.Final]
	at io.netty.channel.CombinedChannelDuplexHandler.channelRead(CombinedChannelDuplexHandler.java:251) ~[netty-transport-4.1.109.Final.jar:4.1.109.Final]
	at io.netty.channel.AbstractChannelHandlerContext.invokeChannelRead(AbstractChannelHandlerContext.java:442) ~[netty-transport-4.1.109.Final.jar:4.1.109.Final]
	at io.netty.channel.AbstractChannelHandlerContext.invokeChannelRead(AbstractChannelHandlerContext.java:420) ~[netty-transport-4.1.109.Final.jar:4.1.109.Final]
	at io.netty.channel.AbstractChannelHandlerContext.fireChannelRead(AbstractChannelHandlerContext.java:412) ~[netty-transport-4.1.109.Final.jar:4.1.109.Final]
	at io.netty.handler.ssl.SslHandler.unwrap(SslHandler.java:1475) ~[netty-handler-4.1.109.Final.jar:4.1.109.Final]
	at io.netty.handler.ssl.SslHandler.decodeJdkCompatible(SslHandler.java:1338) ~[netty-handler-4.1.109.Final.jar:4.1.109.Final]
	at io.netty.handler.ssl.SslHandler.decode(SslHandler.java:1387) ~[netty-handler-4.1.109.Final.jar:4.1.109.Final]
	at io.netty.handler.codec.ByteToMessageDecoder.decodeRemovalReentryProtection(ByteToMessageDecoder.java:530) ~[netty-codec-4.1.109.Final.jar:4.1.109.Final]
	at io.netty.handler.codec.ByteToMessageDecoder.callDecode(ByteToMessageDecoder.java:469) ~[netty-codec-4.1.109.Final.jar:4.1.109.Final]
	at io.netty.handler.codec.ByteToMessageDecoder.channelRead(ByteToMessageDecoder.java:290) ~[netty-codec-4.1.109.Final.jar:4.1.109.Final]
	at io.netty.channel.AbstractChannelHandlerContext.invokeChannelRead(AbstractChannelHandlerContext.java:444) ~[netty-transport-4.1.109.Final.jar:4.1.109.Final]
	at io.netty.channel.AbstractChannelHandlerContext.invokeChannelRead(AbstractChannelHandlerContext.java:420) ~[netty-transport-4.1.109.Final.jar:4.1.109.Final]
	at io.netty.channel.AbstractChannelHandlerContext.fireChannelRead(AbstractChannelHandlerContext.java:412) ~[netty-transport-4.1.109.Final.jar:4.1.109.Final]
	at io.netty.channel.DefaultChannelPipeline$HeadContext.channelRead(DefaultChannelPipeline.java:1410) ~[netty-transport-4.1.109.Final.jar:4.1.109.Final]
	at io.netty.channel.AbstractChannelHandlerContext.invokeChannelRead(AbstractChannelHandlerContext.java:440) ~[netty-transport-4.1.109.Final.jar:4.1.109.Final]
	at io.netty.channel.AbstractChannelHandlerContext.invokeChannelRead(AbstractChannelHandlerContext.java:420) ~[netty-transport-4.1.109.Final.jar:4.1.109.Final]
	at io.netty.channel.DefaultChannelPipeline.fireChannelRead(DefaultChannelPipeline.java:919) ~[netty-transport-4.1.109.Final.jar:4.1.109.Final]
	at io.netty.channel.epoll.AbstractEpollStreamChannel$EpollStreamUnsafe.epollInReady(AbstractEpollStreamChannel.java:801) ~[netty-transport-classes-epoll-4.1.109.Final.jar:4.1.109.Final]
	at io.netty.channel.epoll.EpollEventLoop.processReady(EpollEventLoop.java:501) ~[netty-transport-classes-epoll-4.1.109.Final.jar:4.1.109.Final]
	at io.netty.channel.epoll.EpollEventLoop.run(EpollEventLoop.java:399) ~[netty-transport-classes-epoll-4.1.109.Final.jar:4.1.109.Final]
	at io.netty.util.concurrent.SingleThreadEventExecutor$4.run(SingleThreadEventExecutor.java:997) ~[netty-common-4.1.109.Final.jar:4.1.109.Final]
	at io.netty.util.internal.ThreadExecutorMap$2.run(ThreadExecutorMap.java:74) ~[netty-common-4.1.109.Final.jar:4.1.109.Final]
	at io.netty.util.concurrent.FastThreadLocalRunnable.run(FastThreadLocalRunnable.java:30) ~[netty-common-4.1.109.Final.jar:4.1.109.Final]
	at java.base/java.lang.Thread.run(Thread.java:1583) ~[na:na]
	Suppressed: java.lang.Exception: #block terminated with an error
		at reactor.core.publisher.BlockingSingleSubscriber.blockingGet(BlockingSingleSubscriber.java:104) ~[reactor-core-3.6.5.jar:3.6.5]
		at reactor.core.publisher.Mono.block(Mono.java:1779) ~[reactor-core-3.6.5.jar:3.6.5]
		at com.marketinghub.facebookadsworker.FacebookAdsService.executeGet(FacebookAdsService.java:2702) ~[classes/:na]
		at com.marketinghub.facebookadsworker.FacebookAdsService.getCampaignInsights(FacebookAdsService.java:2289) ~[classes/:na]
		at com.marketinghub.facebookadsworker.facebookcampaign.FacebookCampaignMetricsService.processTarget(FacebookCampaignMetricsService.java:104) ~[classes/:na]
		at com.marketinghub.facebookadsworker.facebookcampaign.FacebookCampaignMetricsService.syncCampaignMetrics(FacebookCampaignMetricsService.java:94) ~[classes/:na]
		at com.marketinghub.facebookadsworker.facebookcampaign.FacebookCampaignMetricsScheduler.scheduleMetricsSync(FacebookCampaignMetricsScheduler.java:16) ~[classes/:na]
		at java.base/jdk.internal.reflect.DirectMethodHandleAccessor.invoke(DirectMethodHandleAccessor.java:103) ~[na:na]
		at java.base/java.lang.reflect.Method.invoke(Method.java:580) ~[na:na]
		at org.springframework.scheduling.support.ScheduledMethodRunnable.runInternal(ScheduledMethodRunnable.java:130) ~[spring-context-6.1.6.jar:6.1.6]
		at org.springframework.scheduling.support.ScheduledMethodRunnable.lambda$run$2(ScheduledMethodRunnable.java:124) ~[spring-context-6.1.6.jar:6.1.6]
		at io.micrometer.observation.Observation.observe(Observation.java:499) ~[micrometer-observation-1.12.5.jar:1.12.5]
		at org.springframework.scheduling.support.ScheduledMethodRunnable.run(ScheduledMethodRunnable.java:124) ~[spring-context-6.1.6.jar:6.1.6]
		at org.springframework.scheduling.support.DelegatingErrorHandlingRunnable.run(DelegatingErrorHandlingRunnable.java:54) ~[spring-context-6.1.6.jar:6.1.6]
		at java.base/java.util.concurrent.Executors$RunnableAdapter.call(Executors.java:572) ~[na:na]
		at java.base/java.util.concurrent.FutureTask.runAndReset(FutureTask.java:358) ~[na:na]
		at java.base/java.util.concurrent.ScheduledThreadPoolExecutor$ScheduledFutureTask.run(ScheduledThreadPoolExecutor.java:305) ~[na:na]
		at java.base/java.util.concurrent.ThreadPoolExecutor.runWorker(ThreadPoolExecutor.java:1144) ~[na:na]
		at java.base/java.util.concurrent.ThreadPoolExecutor$Worker.run(ThreadPoolExecutor.java:642) ~[na:na]
		... 1 common frames omitted

2026-07-12T10:43:38.483Z  WARN 34498 --- [facebook-ads-worker] [scheduling-1] c.m.f.f.FacebookCampaignMetricsService   : Unexpected error while syncing metrics for campaign : 400 Bad Request from GET https://graph.facebook.com/v23.0/insights

org.springframework.web.reactive.function.client.WebClientResponseException$BadRequest: 400 Bad Request from GET https://graph.facebook.com/v23.0/insights
	at org.springframework.web.reactive.function.client.WebClientResponseException.create(WebClientResponseException.java:307) ~[spring-webflux-6.1.6.jar:6.1.6]
	at org.springframework.web.reactive.function.client.DefaultClientResponse.lambda$createException$1(DefaultClientResponse.java:214) ~[spring-webflux-6.1.6.jar:6.1.6]
	at reactor.core.publisher.FluxMap$MapSubscriber.onNext(FluxMap.java:106) ~[reactor-core-3.6.5.jar:3.6.5]
	at reactor.core.publisher.FluxOnErrorReturn$ReturnSubscriber.onNext(FluxOnErrorReturn.java:162) ~[reactor-core-3.6.5.jar:3.6.5]
	at reactor.core.publisher.FluxDefaultIfEmpty$DefaultIfEmptySubscriber.onNext(FluxDefaultIfEmpty.java:122) ~[reactor-core-3.6.5.jar:3.6.5]
	at reactor.core.publisher.FluxOnAssembly$OnAssemblySubscriber.onNext(FluxOnAssembly.java:539) ~[reactor-core-3.6.5.jar:3.6.5]
	at reactor.core.publisher.FluxMapFuseable$MapFuseableSubscriber.onNext(FluxMapFuseable.java:129) ~[reactor-core-3.6.5.jar:3.6.5]
	at reactor.core.publisher.FluxContextWrite$ContextWriteSubscriber.onNext(FluxContextWrite.java:107) ~[reactor-core-3.6.5.jar:3.6.5]
	at reactor.core.publisher.FluxMapFuseable$MapFuseableConditionalSubscriber.onNext(FluxMapFuseable.java:299) ~[reactor-core-3.6.5.jar:3.6.5]
	at reactor.core.publisher.FluxFilterFuseable$FilterFuseableConditionalSubscriber.onNext(FluxFilterFuseable.java:337) ~[reactor-core-3.6.5.jar:3.6.5]
	at reactor.core.publisher.Operators$BaseFluxToMonoOperator.completePossiblyEmpty(Operators.java:2097) ~[reactor-core-3.6.5.jar:3.6.5]
	at reactor.core.publisher.MonoCollect$CollectSubscriber.onComplete(MonoCollect.java:145) ~[reactor-core-3.6.5.jar:3.6.5]
	at reactor.core.publisher.FluxMap$MapSubscriber.onComplete(FluxMap.java:144) ~[reactor-core-3.6.5.jar:3.6.5]
	at reactor.core.publisher.FluxPeek$PeekSubscriber.onComplete(FluxPeek.java:260) ~[reactor-core-3.6.5.jar:3.6.5]
	at reactor.core.publisher.FluxMap$MapSubscriber.onComplete(FluxMap.java:144) ~[reactor-core-3.6.5.jar:3.6.5]
	at reactor.netty.channel.FluxReceive.onInboundComplete(FluxReceive.java:415) ~[reactor-netty-core-1.1.18.jar:1.1.18]
	at reactor.netty.channel.ChannelOperations.onInboundComplete(ChannelOperations.java:446) ~[reactor-netty-core-1.1.18.jar:1.1.18]
	at reactor.netty.channel.ChannelOperations.terminate(ChannelOperations.java:500) ~[reactor-netty-core-1.1.18.jar:1.1.18]
	at reactor.netty.http.client.HttpClientOperations.onInboundNext(HttpClientOperations.java:793) ~[reactor-netty-http-1.1.18.jar:1.1.18]
	at reactor.netty.channel.ChannelOperationsHandler.channelRead(ChannelOperationsHandler.java:114) ~[reactor-netty-core-1.1.18.jar:1.1.18]
	at io.netty.channel.AbstractChannelHandlerContext.invokeChannelRead(AbstractChannelHandlerContext.java:444) ~[netty-transport-4.1.109.Final.jar:4.1.109.Final]
	at io.netty.channel.AbstractChannelHandlerContext.invokeChannelRead(AbstractChannelHandlerContext.java:420) ~[netty-transport-4.1.109.Final.jar:4.1.109.Final]
	at io.netty.channel.AbstractChannelHandlerContext.fireChannelRead(AbstractChannelHandlerContext.java:412) ~[netty-transport-4.1.109.Final.jar:4.1.109.Final]
	at io.netty.handler.codec.MessageToMessageDecoder.channelRead(MessageToMessageDecoder.java:103) ~[netty-codec-4.1.109.Final.jar:4.1.109.Final]
	at io.netty.channel.AbstractChannelHandlerContext.invokeChannelRead(AbstractChannelHandlerContext.java:444) ~[netty-transport-4.1.109.Final.jar:4.1.109.Final]
	at io.netty.channel.AbstractChannelHandlerContext.invokeChannelRead(AbstractChannelHandlerContext.java:420) ~[netty-transport-4.1.109.Final.jar:4.1.109.Final]
	at io.netty.channel.AbstractChannelHandlerContext.fireChannelRead(AbstractChannelHandlerContext.java:412) ~[netty-transport-4.1.109.Final.jar:4.1.109.Final]
	at io.netty.channel.CombinedChannelDuplexHandler$DelegatingChannelHandlerContext.fireChannelRead(CombinedChannelDuplexHandler.java:436) ~[netty-transport-4.1.109.Final.jar:4.1.109.Final]
	at io.netty.handler.codec.ByteToMessageDecoder.fireChannelRead(ByteToMessageDecoder.java:346) ~[netty-codec-4.1.109.Final.jar:4.1.109.Final]
	at io.netty.handler.codec.ByteToMessageDecoder.channelRead(ByteToMessageDecoder.java:318) ~[netty-codec-4.1.109.Final.jar:4.1.109.Final]
	at io.netty.channel.CombinedChannelDuplexHandler.channelRead(CombinedChannelDuplexHandler.java:251) ~[netty-transport-4.1.109.Final.jar:4.1.109.Final]
	at io.netty.channel.AbstractChannelHandlerContext.invokeChannelRead(AbstractChannelHandlerContext.java:442) ~[netty-transport-4.1.109.Final.jar:4.1.109.Final]
	at io.netty.channel.AbstractChannelHandlerContext.invokeChannelRead(AbstractChannelHandlerContext.java:420) ~[netty-transport-4.1.109.Final.jar:4.1.109.Final]
	at io.netty.channel.AbstractChannelHandlerContext.fireChannelRead(AbstractChannelHandlerContext.java:412) ~[netty-transport-4.1.109.Final.jar:4.1.109.Final]
	at io.netty.handler.ssl.SslHandler.unwrap(SslHandler.java:1475) ~[netty-handler-4.1.109.Final.jar:4.1.109.Final]
	at io.netty.handler.ssl.SslHandler.decodeJdkCompatible(SslHandler.java:1338) ~[netty-handler-4.1.109.Final.jar:4.1.109.Final]
	at io.netty.handler.ssl.SslHandler.decode(SslHandler.java:1387) ~[netty-handler-4.1.109.Final.jar:4.1.109.Final]
	at io.netty.handler.codec.ByteToMessageDecoder.decodeRemovalReentryProtection(ByteToMessageDecoder.java:530) ~[netty-codec-4.1.109.Final.jar:4.1.109.Final]
	at io.netty.handler.codec.ByteToMessageDecoder.callDecode(ByteToMessageDecoder.java:469) ~[netty-codec-4.1.109.Final.jar:4.1.109.Final]
	at io.netty.handler.codec.ByteToMessageDecoder.channelRead(ByteToMessageDecoder.java:290) ~[netty-codec-4.1.109.Final.jar:4.1.109.Final]
	at io.netty.channel.AbstractChannelHandlerContext.invokeChannelRead(AbstractChannelHandlerContext.java:444) ~[netty-transport-4.1.109.Final.jar:4.1.109.Final]
	at io.netty.channel.AbstractChannelHandlerContext.invokeChannelRead(AbstractChannelHandlerContext.java:420) ~[netty-transport-4.1.109.Final.jar:4.1.109.Final]
	at io.netty.channel.AbstractChannelHandlerContext.fireChannelRead(AbstractChannelHandlerContext.java:412) ~[netty-transport-4.1.109.Final.jar:4.1.109.Final]
	at io.netty.channel.DefaultChannelPipeline$HeadContext.channelRead(DefaultChannelPipeline.java:1410) ~[netty-transport-4.1.109.Final.jar:4.1.109.Final]
	at io.netty.channel.AbstractChannelHandlerContext.invokeChannelRead(AbstractChannelHandlerContext.java:440) ~[netty-transport-4.1.109.Final.jar:4.1.109.Final]
	at io.netty.channel.AbstractChannelHandlerContext.invokeChannelRead(AbstractChannelHandlerContext.java:420) ~[netty-transport-4.1.109.Final.jar:4.1.109.Final]
	at io.netty.channel.DefaultChannelPipeline.fireChannelRead(DefaultChannelPipeline.java:919) ~[netty-transport-4.1.109.Final.jar:4.1.109.Final]
	at io.netty.channel.epoll.AbstractEpollStreamChannel$EpollStreamUnsafe.epollInReady(AbstractEpollStreamChannel.java:801) ~[netty-transport-classes-epoll-4.1.109.Final.jar:4.1.109.Final]
	at io.netty.channel.epoll.EpollEventLoop.processReady(EpollEventLoop.java:501) ~[netty-transport-classes-epoll-4.1.109.Final.jar:4.1.109.Final]
	at io.netty.channel.epoll.EpollEventLoop.run(EpollEventLoop.java:399) ~[netty-transport-classes-epoll-4.1.109.Final.jar:4.1.109.Final]
	at io.netty.util.concurrent.SingleThreadEventExecutor$4.run(SingleThreadEventExecutor.java:997) ~[netty-common-4.1.109.Final.jar:4.1.109.Final]
	at io.netty.util.internal.ThreadExecutorMap$2.run(ThreadExecutorMap.java:74) ~[netty-common-4.1.109.Final.jar:4.1.109.Final]
	at io.netty.util.concurrent.FastThreadLocalRunnable.run(FastThreadLocalRunnable.java:30) ~[netty-common-4.1.109.Final.jar:4.1.109.Final]
	at java.base/java.lang.Thread.run(Thread.java:1583) ~[na:na]
	Suppressed: java.lang.Exception: #block terminated with an error
		at reactor.core.publisher.BlockingSingleSubscriber.blockingGet(BlockingSingleSubscriber.java:104) ~[reactor-core-3.6.5.jar:3.6.5]
		at reactor.core.publisher.Mono.block(Mono.java:1779) ~[reactor-core-3.6.5.jar:3.6.5]
		at com.marketinghub.facebookadsworker.FacebookAdsService.executeGet(FacebookAdsService.java:2702) ~[classes/:na]
		at com.marketinghub.facebookadsworker.FacebookAdsService.getCampaignInsights(FacebookAdsService.java:2289) ~[classes/:na]
		at com.marketinghub.facebookadsworker.facebookcampaign.FacebookCampaignMetricsService.processTarget(FacebookCampaignMetricsService.java:104) ~[classes/:na]
		at com.marketinghub.facebookadsworker.facebookcampaign.FacebookCampaignMetricsService.syncCampaignMetrics(FacebookCampaignMetricsService.java:94) ~[classes/:na]
		at com.marketinghub.facebookadsworker.facebookcampaign.FacebookCampaignMetricsScheduler.scheduleMetricsSync(FacebookCampaignMetricsScheduler.java:16) ~[classes/:na]
		at java.base/jdk.internal.reflect.DirectMethodHandleAccessor.invoke(DirectMethodHandleAccessor.java:103) ~[na:na]
		at java.base/java.lang.reflect.Method.invoke(Method.java:580) ~[na:na]
		at org.springframework.scheduling.support.ScheduledMethodRunnable.runInternal(ScheduledMethodRunnable.java:130) ~[spring-context-6.1.6.jar:6.1.6]
		at org.springframework.scheduling.support.ScheduledMethodRunnable.lambda$run$2(ScheduledMethodRunnable.java:124) ~[spring-context-6.1.6.jar:6.1.6]
		at io.micrometer.observation.Observation.observe(Observation.java:499) ~[micrometer-observation-1.12.5.jar:1.12.5]
		at org.springframework.scheduling.support.ScheduledMethodRunnable.run(ScheduledMethodRunnable.java:124) ~[spring-context-6.1.6.jar:6.1.6]
		at org.springframework.scheduling.support.DelegatingErrorHandlingRunnable.run(DelegatingErrorHandlingRunnable.java:54) ~[spring-context-6.1.6.jar:6.1.6]
		at java.base/java.util.concurrent.Executors$RunnableAdapter.call(Executors.java:572) ~[na:na]
		at java.base/java.util.concurrent.FutureTask.runAndReset(FutureTask.java:358) ~[na:na]
		at java.base/java.util.concurrent.ScheduledThreadPoolExecutor$ScheduledFutureTask.run(ScheduledThreadPoolExecutor.java:305) ~[na:na]
		at java.base/java.util.concurrent.ThreadPoolExecutor.runWorker(ThreadPoolExecutor.java:1144) ~[na:na]
		at java.base/java.util.concurrent.ThreadPoolExecutor$Worker.run(ThreadPoolExecutor.java:642) ~[na:na]
		... 1 common frames omitted

2026-07-12T10:43:38.496Z  WARN 34498 --- [facebook-ads-worker] [scheduling-1] c.m.f.f.FacebookCampaignMetricsService   : Could not report metrics error for campaign : 404 Not Found from POST http://localhost:8001/api/facebook-campaigns/metrics-error

org.springframework.web.reactive.function.client.WebClientResponseException$NotFound: 404 Not Found from POST http://localhost:8001/api/facebook-campaigns/metrics-error
	at org.springframework.web.reactive.function.client.WebClientResponseException.create(WebClientResponseException.java:310) ~[spring-webflux-6.1.6.jar:6.1.6]
	Suppressed: reactor.core.publisher.FluxOnAssembly$OnAssemblyException: 
Error has been observed at the following site(s):
	*__checkpoint ⇢ 404 NOT_FOUND from POST http://localhost:8001/api/facebook-campaigns/metrics-error [DefaultWebClient]
Original Stack Trace:
		at org.springframework.web.reactive.function.client.WebClientResponseException.create(WebClientResponseException.java:310) ~[spring-webflux-6.1.6.jar:6.1.6]
		at org.springframework.web.reactive.function.client.DefaultClientResponse.lambda$createException$1(DefaultClientResponse.java:214) ~[spring-webflux-6.1.6.jar:6.1.6]
		at reactor.core.publisher.FluxMap$MapSubscriber.onNext(FluxMap.java:106) ~[reactor-core-3.6.5.jar:3.6.5]
		at reactor.core.publisher.FluxOnErrorReturn$ReturnSubscriber.onNext(FluxOnErrorReturn.java:162) ~[reactor-core-3.6.5.jar:3.6.5]
		at reactor.core.publisher.FluxDefaultIfEmpty$DefaultIfEmptySubscriber.onNext(FluxDefaultIfEmpty.java:122) ~[reactor-core-3.6.5.jar:3.6.5]
		at reactor.core.publisher.FluxMapFuseable$MapFuseableSubscriber.onNext(FluxMapFuseable.java:129) ~[reactor-core-3.6.5.jar:3.6.5]
		at reactor.core.publisher.FluxContextWrite$ContextWriteSubscriber.onNext(FluxContextWrite.java:107) ~[reactor-core-3.6.5.jar:3.6.5]
		at reactor.core.publisher.FluxMapFuseable$MapFuseableConditionalSubscriber.onNext(FluxMapFuseable.java:299) ~[reactor-core-3.6.5.jar:3.6.5]
		at reactor.core.publisher.FluxFilterFuseable$FilterFuseableConditionalSubscriber.onNext(FluxFilterFuseable.java:337) ~[reactor-core-3.6.5.jar:3.6.5]
		at reactor.core.publisher.Operators$BaseFluxToMonoOperator.completePossiblyEmpty(Operators.java:2097) ~[reactor-core-3.6.5.jar:3.6.5]
		at reactor.core.publisher.MonoCollect$CollectSubscriber.onComplete(MonoCollect.java:145) ~[reactor-core-3.6.5.jar:3.6.5]
		at reactor.core.publisher.FluxMap$MapSubscriber.onComplete(FluxMap.java:144) ~[reactor-core-3.6.5.jar:3.6.5]
		at reactor.core.publisher.FluxPeek$PeekSubscriber.onComplete(FluxPeek.java:260) ~[reactor-core-3.6.5.jar:3.6.5]
		at reactor.core.publisher.FluxMap$MapSubscriber.onComplete(FluxMap.java:144) ~[reactor-core-3.6.5.jar:3.6.5]
		at reactor.netty.channel.FluxReceive.onInboundComplete(FluxReceive.java:415) ~[reactor-netty-core-1.1.18.jar:1.1.18]
		at reactor.netty.channel.ChannelOperations.onInboundComplete(ChannelOperations.java:446) ~[reactor-netty-core-1.1.18.jar:1.1.18]
		at reactor.netty.channel.ChannelOperations.terminate(ChannelOperations.java:500) ~[reactor-netty-core-1.1.18.jar:1.1.18]
		at reactor.netty.http.client.HttpClientOperations.onInboundNext(HttpClientOperations.java:793) ~[reactor-netty-http-1.1.18.jar:1.1.18]
		at reactor.netty.channel.ChannelOperationsHandler.channelRead(ChannelOperationsHandler.java:114) ~[reactor-netty-core-1.1.18.jar:1.1.18]
		at io.netty.channel.AbstractChannelHandlerContext.invokeChannelRead(AbstractChannelHandlerContext.java:444) ~[netty-transport-4.1.109.Final.jar:4.1.109.Final]
		at io.netty.channel.AbstractChannelHandlerContext.invokeChannelRead(AbstractChannelHandlerContext.java:420) ~[netty-transport-4.1.109.Final.jar:4.1.109.Final]
		at io.netty.channel.AbstractChannelHandlerContext.fireChannelRead(AbstractChannelHandlerContext.java:412) ~[netty-transport-4.1.109.Final.jar:4.1.109.Final]
		at io.netty.handler.codec.MessageToMessageDecoder.channelRead(MessageToMessageDecoder.java:103) ~[netty-codec-4.1.109.Final.jar:4.1.109.Final]
		at io.netty.channel.AbstractChannelHandlerContext.invokeChannelRead(AbstractChannelHandlerContext.java:444) ~[netty-transport-4.1.109.Final.jar:4.1.109.Final]
		at io.netty.channel.AbstractChannelHandlerContext.invokeChannelRead(AbstractChannelHandlerContext.java:420) ~[netty-transport-4.1.109.Final.jar:4.1.109.Final]
		at io.netty.channel.AbstractChannelHandlerContext.fireChannelRead(AbstractChannelHandlerContext.java:412) ~[netty-transport-4.1.109.Final.jar:4.1.109.Final]
		at io.netty.channel.CombinedChannelDuplexHandler$DelegatingChannelHandlerContext.fireChannelRead(CombinedChannelDuplexHandler.java:436) ~[netty-transport-4.1.109.Final.jar:4.1.109.Final]
		at io.netty.handler.codec.ByteToMessageDecoder.fireChannelRead(ByteToMessageDecoder.java:346) ~[netty-codec-4.1.109.Final.jar:4.1.109.Final]
		at io.netty.handler.codec.ByteToMessageDecoder.channelRead(ByteToMessageDecoder.java:318) ~[netty-codec-4.1.109.Final.jar:4.1.109.Final]
		at io.netty.channel.CombinedChannelDuplexHandler.channelRead(CombinedChannelDuplexHandler.java:251) ~[netty-transport-4.1.109.Final.jar:4.1.109.Final]
		at io.netty.channel.AbstractChannelHandlerContext.invokeChannelRead(AbstractChannelHandlerContext.java:442) ~[netty-transport-4.1.109.Final.jar:4.1.109.Final]
		at io.netty.channel.AbstractChannelHandlerContext.invokeChannelRead(AbstractChannelHandlerContext.java:420) ~[netty-transport-4.1.109.Final.jar:4.1.109.Final]
		at io.netty.channel.AbstractChannelHandlerContext.fireChannelRead(AbstractChannelHandlerContext.java:412) ~[netty-transport-4.1.109.Final.jar:4.1.109.Final]
		at io.netty.channel.DefaultChannelPipeline$HeadContext.channelRead(DefaultChannelPipeline.java:1410) ~[netty-transport-4.1.109.Final.jar:4.1.109.Final]
		at io.netty.channel.AbstractChannelHandlerContext.invokeChannelRead(AbstractChannelHandlerContext.java:440) ~[netty-transport-4.1.109.Final.jar:4.1.109.Final]
		at io.netty.channel.AbstractChannelHandlerContext.invokeChannelRead(AbstractChannelHandlerContext.java:420) ~[netty-transport-4.1.109.Final.jar:4.1.109.Final]
		at io.netty.channel.DefaultChannelPipeline.fireChannelRead(DefaultChannelPipeline.java:919) ~[netty-transport-4.1.109.Final.jar:4.1.109.Final]
		at io.netty.channel.epoll.AbstractEpollStreamChannel$EpollStreamUnsafe.epollInReady(AbstractEpollStreamChannel.java:801) ~[netty-transport-classes-epoll-4.1.109.Final.jar:4.1.109.Final]
		at io.netty.channel.epoll.EpollEventLoop.processReady(EpollEventLoop.java:501) ~[netty-transport-classes-epoll-4.1.109.Final.jar:4.1.109.Final]
		at io.netty.channel.epoll.EpollEventLoop.run(EpollEventLoop.java:399) ~[netty-transport-classes-epoll-4.1.109.Final.jar:4.1.109.Final]
		at io.netty.util.concurrent.SingleThreadEventExecutor$4.run(SingleThreadEventExecutor.java:997) ~[netty-common-4.1.109.Final.jar:4.1.109.Final]
		at io.netty.util.internal.ThreadExecutorMap$2.run(ThreadExecutorMap.java:74) ~[netty-common-4.1.109.Final.jar:4.1.109.Final]
		at io.netty.util.concurrent.FastThreadLocalRunnable.run(FastThreadLocalRunnable.java:30) ~[netty-common-4.1.109.Final.jar:4.1.109.Final]
		at java.base/java.lang.Thread.run(Thread.java:1583) ~[na:na]
	Suppressed: java.lang.Exception: #block terminated with an error
		at reactor.core.publisher.BlockingSingleSubscriber.blockingGet(BlockingSingleSubscriber.java:104) ~[reactor-core-3.6.5.jar:3.6.5]
		at reactor.core.publisher.Mono.block(Mono.java:1779) ~[reactor-core-3.6.5.jar:3.6.5]
		at com.marketinghub.facebookadsworker.facebookcampaign.FacebookCampaignMetricsService.reportMetricsError(FacebookCampaignMetricsService.java:369) ~[classes/:na]
		at com.marketinghub.facebookadsworker.facebookcampaign.FacebookCampaignMetricsService.processTarget(FacebookCampaignMetricsService.java:130) ~[classes/:na]
		at com.marketinghub.facebookadsworker.facebookcampaign.FacebookCampaignMetricsService.syncCampaignMetrics(FacebookCampaignMetricsService.java:94) ~[classes/:na]
		at com.marketinghub.facebookadsworker.facebookcampaign.FacebookCampaignMetricsScheduler.scheduleMetricsSync(FacebookCampaignMetricsScheduler.java:16) ~[classes/:na]
		at java.base/jdk.internal.reflect.DirectMethodHandleAccessor.invoke(DirectMethodHandleAccessor.java:103) ~[na:na]
		at java.base/java.lang.reflect.Method.invoke(Method.java:580) ~[na:na]
		at org.springframework.scheduling.support.ScheduledMethodRunnable.runInternal(ScheduledMethodRunnable.java:130) ~[spring-context-6.1.6.jar:6.1.6]
		at org.springframework.scheduling.support.ScheduledMethodRunnable.lambda$run$2(ScheduledMethodRunnable.java:124) ~[spring-context-6.1.6.jar:6.1.6]
		at io.micrometer.observation.Observation.observe(Observation.java:499) ~[micrometer-observation-1.12.5.jar:1.12.5]
		at org.springframework.scheduling.support.ScheduledMethodRunnable.run(ScheduledMethodRunnable.java:124) ~[spring-context-6.1.6.jar:6.1.6]
		at org.springframework.scheduling.support.DelegatingErrorHandlingRunnable.run(DelegatingErrorHandlingRunnable.java:54) ~[spring-context-6.1.6.jar:6.1.6]
		at java.base/java.util.concurrent.Executors$RunnableAdapter.call(Executors.java:572) ~[na:na]
		at java.base/java.util.concurrent.FutureTask.runAndReset(FutureTask.java:358) ~[na:na]
		at java.base/java.util.concurrent.ScheduledThreadPoolExecutor$ScheduledFutureTask.run(ScheduledThreadPoolExecutor.java:305) ~[na:na]
		at java.base/java.util.concurrent.ThreadPoolExecutor.runWorker(ThreadPoolExecutor.java:1144) ~[na:na]
		at java.base/java.util.concurrent.ThreadPoolExecutor$Worker.run(ThreadPoolExecutor.java:642) ~[na:na]
		at java.base/java.lang.Thread.run(Thread.java:1583) ~[na:na]

2026-07-12T10:43:38.498Z  INFO 34498 --- [facebook-ads-worker] [scheduling-1] .m.f.c.FacebookWorkerConfigurationClient : Requesting Facebook worker configuration from backend: url==>http://localhost:8001/api/accounts/facebook/worker-config, params={}
2026-07-12T10:43:39.092Z  INFO 34498 --- [facebook-ads-worker] [scheduling-1] .m.f.c.FacebookWorkerConfigurationClient : Received Facebook worker configuration response from backend: url<==http://localhost:8001/api/accounts/facebook/worker-config, response={"accountId":1,"adAccountId":"939323521124952","accessToken":"EAALKZCklBIpoBRp8TLLvqERh459ZBdy2L3H1NAzasViZAGa9FLJJxH227vaJ99xvqjr9SbWqbQavpNDwiyXghDm3GZAq3qa5cDl5M7eLPRsw6MrxFLLlxanSLOgrQUWAZBT0OMYZC70DXZBobQzLhKZAT2UyiqNIZCpb0jAAfZA2RZAojXXmlxYyjgoCYJAJfen4sfGJnJb1Iqn","systemUserAccessToken":"EAALKZCklBIpoBRPrMY5ZBnwKiqZAavOWuAOdDZBE69CD5YC7L1t6B7AVEyw5BwE9TJaySajAlR2DoYoMC4Q2ZBbLcOYmuRqG3BhRgxdx2iwniUKd48S2CyZCaY22e9JJMvPefi8CoSZBc2juarNGTGVumExY2qTdA9ZC8lgcV69ZCeCCh2MmCzqEyKU0QR9N5NwZDZD","pixelOwnerBusinessId":"1337293866974593","appId":"786143452930714","appSecret":"050a9e2d05d33c783ebef4c0d12c095d","defaultPageId":null,"defaultInstagramActorId":null,"defaultWebsiteUrl":"http://191.252.92.222:3000/accounts/facebook","defaultLeadGenFormId":null,"defaultCreativeMessageTemplate":"%s","defaultCallToActionType":"LEARN_MORE","adSetDailyBudget":"2000","adSetBillingEvent":"IMPRESSIONS","adSetOptimizationGoal":"LINK_CLICKS","adSetDestinationType":"WEBSITE","adSetBidStrategy":"LOWEST_COST_WITHOUT_CAP","adSetBidAmount":null,"adSetTargetCountry":"BR"}
2026-07-12T10:43:39.093Z  INFO 34498 --- [facebook-ads-worker] [scheduling-1] c.m.f.f.FacebookCampaignService          : Requesting experiments ready for Facebook campaigns from backend: url==>http://localhost:8001/api/facebook-campaigns/experiments-ready, params={}
2026-07-12T10:43:43.839Z  INFO 34498 --- [facebook-ads-worker] [scheduling-1] c.m.f.f.FacebookCampaignService          : Received experiments response from backend: url<==http://localhost:8001/api/facebook-campaigns/experiments-ready, response=[]
2026-07-12T10:43:43.840Z  INFO 34498 --- [facebook-ads-worker] [scheduling-1] .m.f.c.FacebookWorkerConfigurationClient : Requesting Facebook worker configuration from backend: url==>http://localhost:8001/api/accounts/facebook/worker-config, params={}
2026-07-12T10:43:44.451Z  INFO 34498 --- [facebook-ads-worker] [scheduling-1] .m.f.c.FacebookWorkerConfigurationClient : Received Facebook worker configuration response from backend: url<==http://localhost:8001/api/accounts/facebook/worker-config, response={"accountId":1,"adAccountId":"939323521124952","accessToken":"EAALKZCklBIpoBRp8TLLvqERh459ZBdy2L3H1NAzasViZAGa9FLJJxH227vaJ99xvqjr9SbWqbQavpNDwiyXghDm3GZAq3qa5cDl5M7eLPRsw6MrxFLLlxanSLOgrQUWAZBT0OMYZC70DXZBobQzLhKZAT2UyiqNIZCpb0jAAfZA2RZAojXXmlxYyjgoCYJAJfen4sfGJnJb1Iqn","systemUserAccessToken":"EAALKZCklBIpoBRPrMY5ZBnwKiqZAavOWuAOdDZBE69CD5YC7L1t6B7AVEyw5BwE9TJaySajAlR2DoYoMC4Q2ZBbLcOYmuRqG3BhRgxdx2iwniUKd48S2CyZCaY22e9JJMvPefi8CoSZBc2juarNGTGVumExY2qTdA9ZC8lgcV69ZCeCCh2MmCzqEyKU0QR9N5NwZDZD","pixelOwnerBusinessId":"1337293866974593","appId":"786143452930714","appSecret":"050a9e2d05d33c783ebef4c0d12c095d","defaultPageId":null,"defaultInstagramActorId":null,"defaultWebsiteUrl":"http://191.252.92.222:3000/accounts/facebook","defaultLeadGenFormId":null,"defaultCreativeMessageTemplate":"%s","defaultCallToActionType":"LEARN_MORE","adSetDailyBudget":"2000","adSetBillingEvent":"IMPRESSIONS","adSetOptimizationGoal":"LINK_CLICKS","adSetDestinationType":"WEBSITE","adSetBidStrategy":"LOWEST_COST_WITHOUT_CAP","adSetBidAmount":null,"adSetTargetCountry":"BR"}
2026-07-12T10:43:44.451Z  INFO 34498 --- [facebook-ads-worker] [scheduling-1] c.m.f.f.FacebookCampaignService          : Requesting Facebook campaign stop requests from backend: url==>http://localhost:8001/api/facebook-campaigns/stop-requests, params={}
2026-07-12T10:43:45.288Z  INFO 34498 --- [facebook-ads-worker] [scheduling-1] c.m.f.f.FacebookCampaignService          : Received stop requests from backend: url<==http://localhost:8001/api/facebook-campaigns/stop-requests, response=[{"id":"120250223371840326","externalId":"120250223371840326","adAccountId":"939323521124952","experimentId":63,"stopReason":"ADMIN_EXPERIMENT_PAUSED"}]
2026-07-12T10:43:45.289Z  INFO 34498 --- [facebook-ads-worker] [scheduling-1] c.m.f.FacebookAdsService                 : Sending POST request to Facebook API: path==>/v23.0/120250223371840326, body={"access_token":"EAA...Iqn","status":"PAUSED"}
2026-07-12T10:43:45.871Z  INFO 34498 --- [facebook-ads-worker] [scheduling-1] c.m.f.FacebookAdsService                 : Facebook API response received: method=POST, path<==/v23.0/120250223371840326, status=200 200 OK, headers={"x-fb-request-id":["A9l...6_t"],"x-fb-trace-id":["Ey5...R/u"],"X-FB-Connection-Quality":["EXC...t=0"],"Alt-Svc":["h3=...400"],"Access-Control-Allow-Origin":["***"],"Connection":["kee...ive"],"x-fb-rev":["104...507"],"x-ad-api-version-warning":["The...ed."],"Pragma":["no-...che"],"x-business-use-case-usage":["{\"9...}]}"],"Date":["Sun...GMT"],"Strict-Transport-Security":["max...oad"],"Cache-Control":["pri...ate"],"Vary":["***"],"Expires":["Sat...GMT"],"X-FB-Debug":["ndi...Q=="],"Content-Length":["***"],"facebook-api-version":["***"],"Content-Type":["app...F-8"]}, body={"success":true}
2026-07-12T10:43:45.873Z  INFO 34498 --- [facebook-ads-worker] [scheduling-1] c.m.f.f.FacebookCampaignService          : Paused Facebook campaign 120250223371840326 requested for experiment 63
2026-07-12T10:43:45.874Z  INFO 34498 --- [facebook-ads-worker] [scheduling-1] c.m.f.f.FacebookCampaignService          : Reporting Facebook campaign stop result to backend: url==>http://localhost:8001/api/facebook-campaigns/120250223371840326/stop-results, payload={"success":true,"message":null}
2026-07-12T10:43:46.586Z  INFO 34498 --- [facebook-ads-worker] [scheduling-1] .m.f.f.FacebookInterestValidationService : Requesting pending Facebook interests for validation: url==>http://localhost:8001/api/facebook-interests/pending, params={}
2026-07-12T10:43:46.710Z  INFO 34498 --- [facebook-ads-worker] [scheduling-1] .m.f.f.FacebookInterestValidationService : Received pending Facebook interests from backend: url<==http://localhost:8001/api/facebook-interests/pending, response=[]
2026-07-12T10:43:46.710Z  INFO 34498 --- [facebook-ads-worker] [scheduling-1] .m.f.c.FacebookWorkerConfigurationClient : Requesting Facebook worker configuration from backend: url==>http://localhost:8001/api/accounts/facebook/worker-config, params={}
2026-07-12T10:43:47.303Z  INFO 34498 --- [facebook-ads-worker] [scheduling-1] .m.f.c.FacebookWorkerConfigurationClient : Received Facebook worker configuration response from backend: url<==http://localhost:8001/api/accounts/facebook/worker-config, response={"accountId":1,"adAccountId":"939323521124952","accessToken":"EAALKZCklBIpoBRp8TLLvqERh459ZBdy2L3H1NAzasViZAGa9FLJJxH227vaJ99xvqjr9SbWqbQavpNDwiyXghDm3GZAq3qa5cDl5M7eLPRsw6MrxFLLlxanSLOgrQUWAZBT0OMYZC70DXZBobQzLhKZAT2UyiqNIZCpb0jAAfZA2RZAojXXmlxYyjgoCYJAJfen4sfGJnJb1Iqn","systemUserAccessToken":"EAALKZCklBIpoBRPrMY5ZBnwKiqZAavOWuAOdDZBE69CD5YC7L1t6B7AVEyw5BwE9TJaySajAlR2DoYoMC4Q2ZBbLcOYmuRqG3BhRgxdx2iwniUKd48S2CyZCaY22e9JJMvPefi8CoSZBc2juarNGTGVumExY2qTdA9ZC8lgcV69ZCeCCh2MmCzqEyKU0QR9N5NwZDZD","pixelOwnerBusinessId":"1337293866974593","appId":"786143452930714","appSecret":"050a9e2d05d33c783ebef4c0d12c095d","defaultPageId":null,"defaultInstagramActorId":null,"defaultWebsiteUrl":"http://191.252.92.222:3000/accounts/facebook","defaultLeadGenFormId":null,"defaultCreativeMessageTemplate":"%s","defaultCallToActionType":"LEARN_MORE","adSetDailyBudget":"2000","adSetBillingEvent":"IMPRESSIONS","adSetOptimizationGoal":"LINK_CLICKS","adSetDestinationType":"WEBSITE","adSetBidStrategy":"LOWEST_COST_WITHOUT_CAP","adSetBidAmount":null,"adSetTargetCountry":"BR"}
2026-07-12T10:43:47.303Z  INFO 34498 --- [facebook-ads-worker] [scheduling-1] c.m.f.FacebookAdsService                 : Facebook access token updated: previousToken=EAA...Iqn, newToken=EAA...Iqn
2026-07-12T10:43:47.303Z  INFO 34498 --- [facebook-ads-worker] [scheduling-1] c.m.f.f.FacebookPixelService             : Requesting pending pixel creation requests: url==>http://localhost:8001/api/facebook-pixels/pending, params={}
2026-07-12T10:43:47.429Z  INFO 34498 --- [facebook-ads-worker] [scheduling-1] c.m.f.f.FacebookPixelService             : Received pending pixel creation requests: url<==http://localhost:8001/api/facebook-pixels/pending, response=[]
2026-07-12T10:43:47.429Z  INFO 34498 --- [facebook-ads-worker] [scheduling-1] c.m.f.f.FacebookPixelService             : Requesting approved purchases pending pixel conversion: url==>http://localhost:8001/api/facebook-pixels/conversions-ready
2026-07-12T10:43:47.553Z  INFO 34498 --- [facebook-ads-worker] [scheduling-1] c.m.f.f.FacebookPixelService             : Received pixel conversion candidates: url<==http://localhost:8001/api/facebook-pixels/conversions-ready, response=[]
2026-07-12T10:43:47.554Z  INFO 34498 --- [facebook-ads-worker] [scheduling-1] c.m.f.f.TargetingBackendClient           : Requesting targeting elements pending Meta Ads enrichment: url==>http://localhost:8001/api/internal/targeting/elements/metaads-pending, params=limit=100
2026-07-12T10:43:47.680Z  INFO 34498 --- [facebook-ads-worker] [scheduling-1] c.m.f.f.TargetingBackendClient           : Received targeting elements pending Meta Ads enrichment: url<==http://localhost:8001/api/internal/targeting/elements/metaads-pending, response=[]
2026-07-12T10:43:47.681Z  INFO 34498 --- [facebook-ads-worker] [scheduling-1] c.m.f.f.FacebookTokenRenewalService      : Requesting Facebook accounts eligible for token renewal from backend: url==>http://localhost:8001/api/accounts/facebook/renewal/eligible, params={}
2026-07-12T10:43:48.388Z  INFO 34498 --- [facebook-ads-worker] [scheduling-1] c.m.f.f.FacebookTokenRenewalService      : Received eligible Facebook accounts response from backend: url<==http://localhost:8001/api/accounts/facebook/renewal/eligible, response=[]
2026-07-12T10:43:48.388Z  INFO 34498 --- [facebook-ads-worker] [scheduling-1] c.m.f.m.MetaAudienceBackendClient        : Requesting pending Meta audiences: url==>http://localhost:8001/api/internal/meta-audiences/pending?limit=5
2026-07-12T10:43:49.095Z  INFO 34498 --- [facebook-ads-worker] [scheduling-1] c.m.f.m.MetaAudienceBackendClient        : Received pending Meta audiences: url<==http://localhost:8001/api/internal/meta-audiences/pending?limit=5, response=[]
2026-07-12T10:43:49.096Z  INFO 34498 --- [facebook-ads-worker] [scheduling-1] .m.f.c.FacebookWorkerConfigurationClient : Requesting Facebook worker configuration from backend: url==>http://localhost:8001/api/accounts/facebook/worker-config, params={}
2026-07-12T10:43:49.687Z  INFO 34498 --- [facebook-ads-worker] [scheduling-1] .m.f.c.FacebookWorkerConfigurationClient : Received Facebook worker configuration response from backend: url<==http://localhost:8001/api/accounts/facebook/worker-config, response={"accountId":1,"adAccountId":"939323521124952","accessToken":"EAALKZCklBIpoBRp8TLLvqERh459ZBdy2L3H1NAzasViZAGa9FLJJxH227vaJ99xvqjr9SbWqbQavpNDwiyXghDm3GZAq3qa5cDl5M7eLPRsw6MrxFLLlxanSLOgrQUWAZBT0OMYZC70DXZBobQzLhKZAT2UyiqNIZCpb0jAAfZA2RZAojXXmlxYyjgoCYJAJfen4sfGJnJb1Iqn","systemUserAccessToken":"EAALKZCklBIpoBRPrMY5ZBnwKiqZAavOWuAOdDZBE69CD5YC7L1t6B7AVEyw5BwE9TJaySajAlR2DoYoMC4Q2ZBbLcOYmuRqG3BhRgxdx2iwniUKd48S2CyZCaY22e9JJMvPefi8CoSZBc2juarNGTGVumExY2qTdA9ZC8lgcV69ZCeCCh2MmCzqEyKU0QR9N5NwZDZD","pixelOwnerBusinessId":"1337293866974593","appId":"786143452930714","appSecret":"050a9e2d05d33c783ebef4c0d12c095d","defaultPageId":null,"defaultInstagramActorId":null,"defaultWebsiteUrl":"http://191.252.92.222:3000/accounts/facebook","defaultLeadGenFormId":null,"defaultCreativeMessageTemplate":"%s","defaultCallToActionType":"LEARN_MORE","adSetDailyBudget":"2000","adSetBillingEvent":"IMPRESSIONS","adSetOptimizationGoal":"LINK_CLICKS","adSetDestinationType":"WEBSITE","adSetBidStrategy":"LOWEST_COST_WITHOUT_CAP","adSetBidAmount":null,"adSetTargetCountry":"BR"}
2026-07-12T10:43:49.688Z  INFO 34498 --- [facebook-ads-worker] [scheduling-1] c.m.f.f.FacebookCampaignService          : Requesting Facebook campaign stop requests from backend: url==>http://localhost:8001/api/facebook-campaigns/stop-requests, params={}
2026-07-12T10:43:50.409Z  INFO 34498 --- [facebook-ads-worker] [scheduling-1] c.m.f.f.FacebookCampaignService          : Received stop requests from backend: url<==http://localhost:8001/api/facebook-campaigns/stop-requests, response=[]
2026-07-12T10:43:51.410Z  INFO 34498 --- [facebook-ads-worker] [scheduling-1] .m.f.c.FacebookWorkerConfigurationClient : Requesting Facebook worker configuration from backend: url==>http://localhost:8001/api/accounts/facebook/worker-config, params={}
2026-07-12T10:43:52.188Z  INFO 34498 --- [facebook-ads-worker] [scheduling-1] .m.f.c.FacebookWorkerConfigurationClient : Received Facebook worker configuration response from backend: url<==http://localhost:8001/api/accounts/facebook/worker-config, response={"accountId":1,"adAccountId":"939323521124952","accessToken":"EAALKZCklBIpoBRp8TLLvqERh459ZBdy2L3H1NAzasViZAGa9FLJJxH227vaJ99xvqjr9SbWqbQavpNDwiyXghDm3GZAq3qa5cDl5M7eLPRsw6MrxFLLlxanSLOgrQUWAZBT0OMYZC70DXZBobQzLhKZAT2UyiqNIZCpb0jAAfZA2RZAojXXmlxYyjgoCYJAJfen4sfGJnJb1Iqn","systemUserAccessToken":"EAALKZCklBIpoBRPrMY5ZBnwKiqZAavOWuAOdDZBE69CD5YC7L1t6B7AVEyw5BwE9TJaySajAlR2DoYoMC4Q2ZBbLcOYmuRqG3BhRgxdx2iwniUKd48S2CyZCaY22e9JJMvPefi8CoSZBc2juarNGTGVumExY2qTdA9ZC8lgcV69ZCeCCh2MmCzqEyKU0QR9N5NwZDZD","pixelOwnerBusinessId":"1337293866974593","appId":"786143452930714","appSecret":"050a9e2d05d33c783ebef4c0d12c095d","defaultPageId":null,"defaultInstagramActorId":null,"defaultWebsiteUrl":"http://191.252.92.222:3000/accounts/facebook","defaultLeadGenFormId":null,"defaultCreativeMessageTemplate":"%s","defaultCallToActionType":"LEARN_MORE","adSetDailyBudget":"2000","adSetBillingEvent":"IMPRESSIONS","adSetOptimizationGoal":"LINK_CLICKS","adSetDestinationType":"WEBSITE","adSetBidStrategy":"LOWEST_COST_WITHOUT_CAP","adSetBidAmount":null,"adSetTargetCountry":"BR"}
2026-07-12T10:43:52.189Z  INFO 34498 --- [facebook-ads-worker] [scheduling-1] c.m.f.f.FacebookCampaignService          : Requesting Facebook campaign stop requests from backend: url==>http://localhost:8001/api/facebook-campaigns/stop-requests, params={}
2026-07-12T10:43:52.894Z  INFO 34498 --- [facebook-ads-worker] [scheduling-1] c.m.f.f.FacebookCampaignService          : Received stop requests from backend: url<==http://localhost:8001/api/facebook-campaigns/stop-requests, response=[]
2026-07-12T10:43:53.895Z  INFO 34498 --- [facebook-ads-worker] [scheduling-1] .m.f.c.FacebookWorkerConfigurationClient : Requesting Facebook worker configuration from backend: url==>http://localhost:8001/api/accounts/facebook/worker-config, params={}
2026-07-12T10:43:54.606Z  INFO 34498 --- [facebook-ads-worker] [scheduling-1] .m.f.c.FacebookWorkerConfigurationClient : Received Facebook worker configuration response from backend: url<==http://localhost:8001/api/accounts/facebook/worker-config, response={"accountId":1,"adAccountId":"939323521124952","accessToken":"EAALKZCklBIpoBRp8TLLvqERh459ZBdy2L3H1NAzasViZAGa9FLJJxH227vaJ99xvqjr9SbWqbQavpNDwiyXghDm3GZAq3qa5cDl5M7eLPRsw6MrxFLLlxanSLOgrQUWAZBT0OMYZC70DXZBobQzLhKZAT2UyiqNIZCpb0jAAfZA2RZAojXXmlxYyjgoCYJAJfen4sfGJnJb1Iqn","systemUserAccessToken":"EAALKZCklBIpoBRPrMY5ZBnwKiqZAavOWuAOdDZBE69CD5YC7L1t6B7AVEyw5BwE9TJaySajAlR2DoYoMC4Q2ZBbLcOYmuRqG3BhRgxdx2iwniUKd48S2CyZCaY22e9JJMvPefi8CoSZBc2juarNGTGVumExY2qTdA9ZC8lgcV69ZCeCCh2MmCzqEyKU0QR9N5NwZDZD","pixelOwnerBusinessId":"1337293866974593","appId":"786143452930714","appSecret":"050a9e2d05d33c783ebef4c0d12c095d","defaultPageId":null,"defaultInstagramActorId":null,"defaultWebsiteUrl":"http://191.252.92.222:3000/accounts/facebook","defaultLeadGenFormId":null,"defaultCreativeMessageTemplate":"%s","defaultCallToActionType":"LEARN_MORE","adSetDailyBudget":"2000","adSetBillingEvent":"IMPRESSIONS","adSetOptimizationGoal":"LINK_CLICKS","adSetDestinationType":"WEBSITE","adSetBidStrategy":"LOWEST_COST_WITHOUT_CAP","adSetBidAmount":null,"adSetTargetCountry":"BR"}
2026-07-12T10:43:54.606Z  INFO 34498 --- [facebook-ads-worker] [scheduling-1] c.m.f.f.FacebookCampaignService          : Requesting Facebook campaign stop requests from backend: url==>http://localhost:8001/api/facebook-campaigns/stop-requests, params={}
2026-07-12T10:43:55.312Z  INFO 34498 --- [facebook-ads-worker] [scheduling-1] c.m.f.f.FacebookCampaignService          : Received stop requests from backend: url<==http://localhost:8001/api/facebook-campaigns/stop-requests, response=[]
2026-07-12T10:43:56.312Z  INFO 34498 --- [facebook-ads-worker] [scheduling-1] .m.f.c.FacebookWorkerConfigurationClient : Requesting Facebook worker configuration from backend: url==>http://localhost:8001/api/accounts/facebook/worker-config, params={}
2026-07-12T10:43:57.020Z  INFO 34498 --- [facebook-ads-worker] [scheduling-1] .m.f.c.FacebookWorkerConfigurationClient : Received Facebook worker configuration response from backend: url<==http://localhost:8001/api/accounts/facebook/worker-config, response={"accountId":1,"adAccountId":"939323521124952","accessToken":"EAALKZCklBIpoBRp8TLLvqERh459ZBdy2L3H1NAzasViZAGa9FLJJxH227vaJ99xvqjr9SbWqbQavpNDwiyXghDm3GZAq3qa5cDl5M7eLPRsw6MrxFLLlxanSLOgrQUWAZBT0OMYZC70DXZBobQzLhKZAT2UyiqNIZCpb0jAAfZA2RZAojXXmlxYyjgoCYJAJfen4sfGJnJb1Iqn","systemUserAccessToken":"EAALKZCklBIpoBRPrMY5ZBnwKiqZAavOWuAOdDZBE69CD5YC7L1t6B7AVEyw5BwE9TJaySajAlR2DoYoMC4Q2ZBbLcOYmuRqG3BhRgxdx2iwniUKd48S2CyZCaY22e9JJMvPefi8CoSZBc2juarNGTGVumExY2qTdA9ZC8lgcV69ZCeCCh2MmCzqEyKU0QR9N5NwZDZD","pixelOwnerBusinessId":"1337293866974593","appId":"786143452930714","appSecret":"050a9e2d05d33c783ebef4c0d12c095d","defaultPageId":null,"defaultInstagramActorId":null,"defaultWebsiteUrl":"http://191.252.92.222:3000/accounts/facebook","defaultLeadGenFormId":null,"defaultCreativeMessageTemplate":"%s","defaultCallToActionType":"LEARN_MORE","adSetDailyBudget":"2000","adSetBillingEvent":"IMPRESSIONS","adSetOptimizationGoal":"LINK_CLICKS","adSetDestinationType":"WEBSITE","adSetBidStrategy":"LOWEST_COST_WITHOUT_CAP","adSetBidAmount":null,"adSetTargetCountry":"BR"}
2026-07-12T10:43:57.020Z  INFO 34498 --- [facebook-ads-worker] [scheduling-1] c.m.f.f.FacebookCampaignService          : Requesting Facebook campaign stop requests from backend: url==>http://localhost:8001/api/facebook-campaigns/stop-requests, params={}
2026-07-12T10:43:57.725Z  INFO 34498 --- [facebook-ads-worker] [scheduling-1] c.m.f.f.FacebookCampaignService          : Received stop requests from backend: url<==http://localhost:8001/api/facebook-campaigns/stop-requests, response=[]
2026-07-12T10:43:58.726Z  INFO 34498 --- [facebook-ads-worker] [scheduling-1] .m.f.c.FacebookWorkerConfigurationClient : Requesting Facebook worker configuration from backend: url==>http://localhost:8001/api/accounts/facebook/worker-config, params={}
2026-07-12T10:43:59.433Z  INFO 34498 --- [facebook-ads-worker] [scheduling-1] .m.f.c.FacebookWorkerConfigurationClient : Received Facebook worker configuration response from backend: url<==http://localhost:8001/api/accounts/facebook/worker-config, response={"accountId":1,"adAccountId":"939323521124952","accessToken":"EAALKZCklBIpoBRp8TLLvqERh459ZBdy2L3H1NAzasViZAGa9FLJJxH227vaJ99xvqjr9SbWqbQavpNDwiyXghDm3GZAq3qa5cDl5M7eLPRsw6MrxFLLlxanSLOgrQUWAZBT0OMYZC70DXZBobQzLhKZAT2UyiqNIZCpb0jAAfZA2RZAojXXmlxYyjgoCYJAJfen4sfGJnJb1Iqn","systemUserAccessToken":"EAALKZCklBIpoBRPrMY5ZBnwKiqZAavOWuAOdDZBE69CD5YC7L1t6B7AVEyw5BwE9TJaySajAlR2DoYoMC4Q2ZBbLcOYmuRqG3BhRgxdx2iwniUKd48S2CyZCaY22e9JJMvPefi8CoSZBc2juarNGTGVumExY2qTdA9ZC8lgcV69ZCeCCh2MmCzqEyKU0QR9N5NwZDZD","pixelOwnerBusinessId":"1337293866974593","appId":"786143452930714","appSecret":"050a9e2d05d33c783ebef4c0d12c095d","defaultPageId":null,"defaultInstagramActorId":null,"defaultWebsiteUrl":"http://191.252.92.222:3000/accounts/facebook","defaultLeadGenFormId":null,"defaultCreativeMessageTemplate":"%s","defaultCallToActionType":"LEARN_MORE","adSetDailyBudget":"2000","adSetBillingEvent":"IMPRESSIONS","adSetOptimizationGoal":"LINK_CLICKS","adSetDestinationType":"WEBSITE","adSetBidStrategy":"LOWEST_COST_WITHOUT_CAP","adSetBidAmount":null,"adSetTargetCountry":"BR"}
2026-07-12T10:43:59.434Z  INFO 34498 --- [facebook-ads-worker] [scheduling-1] c.m.f.f.FacebookCampaignService          : Requesting Facebook campaign stop requests from backend: url==>http://localhost:8001/api/facebook-campaigns/stop-requests, params={}
2026-07-12T10:44:00.140Z  INFO 34498 --- [facebook-ads-worker] [scheduling-1] c.m.f.f.FacebookCampaignService          : Received stop requests from backend: url<==http://localhost:8001/api/facebook-campaigns/stop-requests, response=[]
2026-07-12T10:44:01.141Z  INFO 34498 --- [facebook-ads-worker] [scheduling-1] .m.f.c.FacebookWorkerConfigurationClient : Requesting Facebook worker configuration from backend: url==>http://localhost:8001/api/accounts/facebook/worker-config, params={}
2026-07-12T10:44:01.850Z  INFO 34498 --- [facebook-ads-worker] [scheduling-1] .m.f.c.FacebookWorkerConfigurationClient : Received Facebook worker configuration response from backend: url<==http://localhost:8001/api/accounts/facebook/worker-config, response={"accountId":1,"adAccountId":"939323521124952","accessToken":"EAALKZCklBIpoBRp8TLLvqERh459ZBdy2L3H1NAzasViZAGa9FLJJxH227vaJ99xvqjr9SbWqbQavpNDwiyXghDm3GZAq3qa5cDl5M7eLPRsw6MrxFLLlxanSLOgrQUWAZBT0OMYZC70DXZBobQzLhKZAT2UyiqNIZCpb0jAAfZA2RZAojXXmlxYyjgoCYJAJfen4sfGJnJb1Iqn","systemUserAccessToken":"EAALKZCklBIpoBRPrMY5ZBnwKiqZAavOWuAOdDZBE69CD5YC7L1t6B7AVEyw5BwE9TJaySajAlR2DoYoMC4Q2ZBbLcOYmuRqG3BhRgxdx2iwniUKd48S2CyZCaY22e9JJMvPefi8CoSZBc2juarNGTGVumExY2qTdA9ZC8lgcV69ZCeCCh2MmCzqEyKU0QR9N5NwZDZD","pixelOwnerBusinessId":"1337293866974593","appId":"786143452930714","appSecret":"050a9e2d05d33c783ebef4c0d12c095d","defaultPageId":null,"defaultInstagramActorId":null,"defaultWebsiteUrl":"http://191.252.92.222:3000/accounts/facebook","defaultLeadGenFormId":null,"defaultCreativeMessageTemplate":"%s","defaultCallToActionType":"LEARN_MORE","adSetDailyBudget":"2000","adSetBillingEvent":"IMPRESSIONS","adSetOptimizationGoal":"LINK_CLICKS","adSetDestinationType":"WEBSITE","adSetBidStrategy":"LOWEST_COST_WITHOUT_CAP","adSetBidAmount":null,"adSetTargetCountry":"BR"}
2026-07-12T10:44:01.850Z  INFO 34498 --- [facebook-ads-worker] [scheduling-1] c.m.f.f.FacebookCampaignService          : Requesting Facebook campaign stop requests from backend: url==>http://localhost:8001/api/facebook-campaigns/stop-requests, params={}
2026-07-12T10:44:02.556Z  INFO 34498 --- [facebook-ads-worker] [scheduling-1] c.m.f.f.FacebookCampaignService          : Received stop requests from backend: url<==http://localhost:8001/api/facebook-campaigns/stop-requests, response=[]
2026-07-12T10:44:03.557Z  INFO 34498 --- [facebook-ads-worker] [scheduling-1] .m.f.c.FacebookWorkerConfigurationClient : Requesting Facebook worker configuration from backend: url==>http://localhost:8001/api/accounts/facebook/worker-config, params={}
2026-07-12T10:44:04.267Z  INFO 34498 --- [facebook-ads-worker] [scheduling-1] .m.f.c.FacebookWorkerConfigurationClient : Received Facebook worker configuration response from backend: url<==http://localhost:8001/api/accounts/facebook/worker-config, response={"accountId":1,"adAccountId":"939323521124952","accessToken":"EAALKZCklBIpoBRp8TLLvqERh459ZBdy2L3H1NAzasViZAGa9FLJJxH227vaJ99xvqjr9SbWqbQavpNDwiyXghDm3GZAq3qa5cDl5M7eLPRsw6MrxFLLlxanSLOgrQUWAZBT0OMYZC70DXZBobQzLhKZAT2UyiqNIZCpb0jAAfZA2RZAojXXmlxYyjgoCYJAJfen4sfGJnJb1Iqn","systemUserAccessToken":"EAALKZCklBIpoBRPrMY5ZBnwKiqZAavOWuAOdDZBE69CD5YC7L1t6B7AVEyw5BwE9TJaySajAlR2DoYoMC4Q2ZBbLcOYmuRqG3BhRgxdx2iwniUKd48S2CyZCaY22e9JJMvPefi8CoSZBc2juarNGTGVumExY2qTdA9ZC8lgcV69ZCeCCh2MmCzqEyKU0QR9N5NwZDZD","pixelOwnerBusinessId":"1337293866974593","appId":"786143452930714","appSecret":"050a9e2d05d33c783ebef4c0d12c095d","defaultPageId":null,"defaultInstagramActorId":null,"defaultWebsiteUrl":"http://191.252.92.222:3000/accounts/facebook","defaultLeadGenFormId":null,"defaultCreativeMessageTemplate":"%s","defaultCallToActionType":"LEARN_MORE","adSetDailyBudget":"2000","adSetBillingEvent":"IMPRESSIONS","adSetOptimizationGoal":"LINK_CLICKS","adSetDestinationType":"WEBSITE","adSetBidStrategy":"LOWEST_COST_WITHOUT_CAP","adSetBidAmount":null,"adSetTargetCountry":"BR"}
2026-07-12T10:44:04.267Z  INFO 34498 --- [facebook-ads-worker] [scheduling-1] c.m.f.f.FacebookCampaignService          : Requesting Facebook campaign stop requests from backend: url==>http://localhost:8001/api/facebook-campaigns/stop-requests, params={}
2026-07-12T10:44:04.972Z  INFO 34498 --- [facebook-ads-worker] [scheduling-1] c.m.f.f.FacebookCampaignService          : Received stop requests from backend: url<==http://localhost:8001/api/facebook-campaigns/stop-requests, response=[]
2026-07-12T10:44:05.973Z  INFO 34498 --- [facebook-ads-worker] [scheduling-1] .m.f.c.FacebookWorkerConfigurationClient : Requesting Facebook worker configuration from backend: url==>http://localhost:8001/api/accounts/facebook/worker-config, params={}
2026-07-12T10:44:06.680Z  INFO 34498 --- [facebook-ads-worker] [scheduling-1] .m.f.c.FacebookWorkerConfigurationClient : Received Facebook worker configuration response from backend: url<==http://localhost:8001/api/accounts/facebook/worker-config, response={"accountId":1,"adAccountId":"939323521124952","accessToken":"EAALKZCklBIpoBRp8TLLvqERh459ZBdy2L3H1NAzasViZAGa9FLJJxH227vaJ99xvqjr9SbWqbQavpNDwiyXghDm3GZAq3qa5cDl5M7eLPRsw6MrxFLLlxanSLOgrQUWAZBT0OMYZC70DXZBobQzLhKZAT2UyiqNIZCpb0jAAfZA2RZAojXXmlxYyjgoCYJAJfen4sfGJnJb1Iqn","systemUserAccessToken":"EAALKZCklBIpoBRPrMY5ZBnwKiqZAavOWuAOdDZBE69CD5YC7L1t6B7AVEyw5BwE9TJaySajAlR2DoYoMC4Q2ZBbLcOYmuRqG3BhRgxdx2iwniUKd48S2CyZCaY22e9JJMvPefi8CoSZBc2juarNGTGVumExY2qTdA9ZC8lgcV69ZCeCCh2MmCzqEyKU0QR9N5NwZDZD","pixelOwnerBusinessId":"1337293866974593","appId":"786143452930714","appSecret":"050a9e2d05d33c783ebef4c0d12c095d","defaultPageId":null,"defaultInstagramActorId":null,"defaultWebsiteUrl":"http://191.252.92.222:3000/accounts/facebook","defaultLeadGenFormId":null,"defaultCreativeMessageTemplate":"%s","defaultCallToActionType":"LEARN_MORE","adSetDailyBudget":"2000","adSetBillingEvent":"IMPRESSIONS","adSetOptimizationGoal":"LINK_CLICKS","adSetDestinationType":"WEBSITE","adSetBidStrategy":"LOWEST_COST_WITHOUT_CAP","adSetBidAmount":null,"adSetTargetCountry":"BR"}
2026-07-12T10:44:06.681Z  INFO 34498 --- [facebook-ads-worker] [scheduling-1] c.m.f.f.FacebookCampaignService          : Requesting Facebook campaign stop requests from backend: url==>http://localhost:8001/api/facebook-campaigns/stop-requests, params={}
2026-07-12T10:44:07.388Z  INFO 34498 --- [facebook-ads-worker] [scheduling-1] c.m.f.f.FacebookCampaignService          : Received stop requests from backend: url<==http://localhost:8001/api/facebook-campaigns/stop-requests, response=[]
2026-07-12T10:44:09.400Z  INFO 34498 --- [facebook-ads-worker] [SpringApplicationShutdownHook] com.zaxxer.hikari.HikariDataSource       : marketingHubPool - Shutdown initiated...
2026-07-12T10:44:09.403Z  INFO 34498 --- [facebook-ads-worker] [SpringApplicationShutdownHook] com.zaxxer.hikari.HikariDataSource       : marketingHubPool - Shutdown completed.
2026-07-12T10:46:20.229Z  INFO 34885 --- [facebook-ads-worker] [main] c.m.f.FacebookAdsWorkerApplication       : Starting FacebookAdsWorkerApplication using Java 21.0.11 with PID 34885 (/root/ai-hub/src/ai-hub-475e0f7d-99a3-41a0-9f67-59f7532dec6d-XTOgaA/repo/facebook-ads-worker/target/classes started by root in /root/ai-hub/src/ai-hub-475e0f7d-99a3-41a0-9f67-59f7532dec6d-XTOgaA/repo/facebook-ads-worker)
2026-07-12T10:46:20.231Z  INFO 34885 --- [facebook-ads-worker] [main] c.m.f.FacebookAdsWorkerApplication       : No active profile set, falling back to 1 default profile: "default"
2026-07-12T10:46:20.780Z  INFO 34885 --- [facebook-ads-worker] [main] .s.d.r.c.RepositoryConfigurationDelegate : Bootstrapping Spring Data JDBC repositories in DEFAULT mode.
2026-07-12T10:46:20.798Z  INFO 34885 --- [facebook-ads-worker] [main] .s.d.r.c.RepositoryConfigurationDelegate : Finished Spring Data repository scanning in 15 ms. Found 0 JDBC repository interfaces.
2026-07-12T10:46:21.098Z  INFO 34885 --- [facebook-ads-worker] [main] o.s.b.w.embedded.tomcat.TomcatWebServer  : Tomcat initialized with port 4568 (http)
2026-07-12T10:46:21.105Z  INFO 34885 --- [facebook-ads-worker] [main] o.apache.catalina.core.StandardService   : Starting service [Tomcat]
2026-07-12T10:46:21.105Z  INFO 34885 --- [facebook-ads-worker] [main] o.apache.catalina.core.StandardEngine    : Starting Servlet engine: [Apache Tomcat/10.1.20]
2026-07-12T10:46:21.133Z  INFO 34885 --- [facebook-ads-worker] [main] o.a.c.c.C.[Tomcat].[localhost].[/]       : Initializing Spring embedded WebApplicationContext
2026-07-12T10:46:21.133Z  INFO 34885 --- [facebook-ads-worker] [main] w.s.c.ServletWebServerApplicationContext : Root WebApplicationContext: initialization completed in 876 ms
2026-07-12T10:46:21.402Z  INFO 34885 --- [facebook-ads-worker] [main] c.m.f.FacebookAdsService                 : Configured Facebook Graph API version: v23.0
2026-07-12T10:46:21.818Z  INFO 34885 --- [facebook-ads-worker] [main] com.zaxxer.hikari.HikariDataSource       : marketingHubPool - Starting...
2026-07-12T10:46:25.206Z  INFO 34885 --- [facebook-ads-worker] [main] com.zaxxer.hikari.pool.HikariPool        : marketingHubPool - Added connection com.mysql.cj.jdbc.ConnectionImpl@5f9a8ddc
2026-07-12T10:46:25.207Z  INFO 34885 --- [facebook-ads-worker] [main] com.zaxxer.hikari.HikariDataSource       : marketingHubPool - Start completed.
2026-07-12T10:46:25.271Z  INFO 34885 --- [facebook-ads-worker] [main] o.s.b.a.e.web.EndpointLinksResolver      : Exposing 4 endpoint(s) beneath base path '/worker-observability'
2026-07-12T10:46:25.310Z  INFO 34885 --- [facebook-ads-worker] [main] o.s.b.w.embedded.tomcat.TomcatWebServer  : Tomcat started on port 4568 (http) with context path ''
2026-07-12T10:46:25.321Z  INFO 34885 --- [facebook-ads-worker] [main] c.m.f.FacebookAdsWorkerApplication       : Started FacebookAdsWorkerApplication in 5.37 seconds (process running for 5.556)
2026-07-12T10:46:25.328Z  INFO 34885 --- [facebook-ads-worker] [scheduling-1] .m.f.c.FacebookWorkerConfigurationClient : Requesting Facebook worker configuration from backend: url==>http://localhost:8001/api/accounts/facebook/worker-config, params={}
2026-07-12T10:46:26.245Z  INFO 34885 --- [facebook-ads-worker] [scheduling-1] .m.f.c.FacebookWorkerConfigurationClient : Received Facebook worker configuration response from backend: url<==http://localhost:8001/api/accounts/facebook/worker-config, response={"accountId":1,"adAccountId":"939323521124952","accessToken":"EAALKZCklBIpoBRp8TLLvqERh459ZBdy2L3H1NAzasViZAGa9FLJJxH227vaJ99xvqjr9SbWqbQavpNDwiyXghDm3GZAq3qa5cDl5M7eLPRsw6MrxFLLlxanSLOgrQUWAZBT0OMYZC70DXZBobQzLhKZAT2UyiqNIZCpb0jAAfZA2RZAojXXmlxYyjgoCYJAJfen4sfGJnJb1Iqn","systemUserAccessToken":"EAALKZCklBIpoBRPrMY5ZBnwKiqZAavOWuAOdDZBE69CD5YC7L1t6B7AVEyw5BwE9TJaySajAlR2DoYoMC4Q2ZBbLcOYmuRqG3BhRgxdx2iwniUKd48S2CyZCaY22e9JJMvPefi8CoSZBc2juarNGTGVumExY2qTdA9ZC8lgcV69ZCeCCh2MmCzqEyKU0QR9N5NwZDZD","pixelOwnerBusinessId":"1337293866974593","appId":"786143452930714","appSecret":"050a9e2d05d33c783ebef4c0d12c095d","defaultPageId":null,"defaultInstagramActorId":null,"defaultWebsiteUrl":"http://191.252.92.222:3000/accounts/facebook","defaultLeadGenFormId":null,"defaultCreativeMessageTemplate":"%s","defaultCallToActionType":"LEARN_MORE","adSetDailyBudget":"2000","adSetBillingEvent":"IMPRESSIONS","adSetOptimizationGoal":"LINK_CLICKS","adSetDestinationType":"WEBSITE","adSetBidStrategy":"LOWEST_COST_WITHOUT_CAP","adSetBidAmount":null,"adSetTargetCountry":"BR"}
2026-07-12T10:46:26.252Z  INFO 34885 --- [facebook-ads-worker] [scheduling-1] c.m.f.FacebookAdsService                 : Facebook access token updated: previousToken=null, newToken=EAA...Iqn
2026-07-12T10:46:26.722Z  WARN 34885 --- [facebook-ads-worker] [scheduling-1] c.m.f.f.FacebookCampaignMetricsService   : Could not sync Facebook status snapshot for campaign : 400 Bad Request from GET https://graph.facebook.com/v23.0/

org.springframework.web.reactive.function.client.WebClientResponseException$BadRequest: 400 Bad Request from GET https://graph.facebook.com/v23.0/
	at org.springframework.web.reactive.function.client.WebClientResponseException.create(WebClientResponseException.java:307) ~[spring-webflux-6.1.6.jar:6.1.6]
	Suppressed: reactor.core.publisher.FluxOnAssembly$OnAssemblyException: 
Error has been observed at the following site(s):
	*__checkpoint ⇢ 400 BAD_REQUEST from GET https://graph.facebook.com/v23.0/ [DefaultWebClient]
Original Stack Trace:
		at org.springframework.web.reactive.function.client.WebClientResponseException.create(WebClientResponseException.java:307) ~[spring-webflux-6.1.6.jar:6.1.6]
		at org.springframework.web.reactive.function.client.DefaultClientResponse.lambda$createException$1(DefaultClientResponse.java:214) ~[spring-webflux-6.1.6.jar:6.1.6]
		at reactor.core.publisher.FluxMap$MapSubscriber.onNext(FluxMap.java:106) ~[reactor-core-3.6.5.jar:3.6.5]
		at reactor.core.publisher.FluxOnErrorReturn$ReturnSubscriber.onNext(FluxOnErrorReturn.java:162) ~[reactor-core-3.6.5.jar:3.6.5]
		at reactor.core.publisher.FluxDefaultIfEmpty$DefaultIfEmptySubscriber.onNext(FluxDefaultIfEmpty.java:122) ~[reactor-core-3.6.5.jar:3.6.5]
		at reactor.core.publisher.FluxMapFuseable$MapFuseableSubscriber.onNext(FluxMapFuseable.java:129) ~[reactor-core-3.6.5.jar:3.6.5]
		at reactor.core.publisher.FluxContextWrite$ContextWriteSubscriber.onNext(FluxContextWrite.java:107) ~[reactor-core-3.6.5.jar:3.6.5]
		at reactor.core.publisher.FluxMapFuseable$MapFuseableConditionalSubscriber.onNext(FluxMapFuseable.java:299) ~[reactor-core-3.6.5.jar:3.6.5]
		at reactor.core.publisher.FluxFilterFuseable$FilterFuseableConditionalSubscriber.onNext(FluxFilterFuseable.java:337) ~[reactor-core-3.6.5.jar:3.6.5]
		at reactor.core.publisher.Operators$BaseFluxToMonoOperator.completePossiblyEmpty(Operators.java:2097) ~[reactor-core-3.6.5.jar:3.6.5]
		at reactor.core.publisher.MonoCollect$CollectSubscriber.onComplete(MonoCollect.java:145) ~[reactor-core-3.6.5.jar:3.6.5]
		at reactor.core.publisher.FluxMap$MapSubscriber.onComplete(FluxMap.java:144) ~[reactor-core-3.6.5.jar:3.6.5]
		at reactor.core.publisher.FluxPeek$PeekSubscriber.onComplete(FluxPeek.java:260) ~[reactor-core-3.6.5.jar:3.6.5]
		at reactor.core.publisher.FluxMap$MapSubscriber.onComplete(FluxMap.java:144) ~[reactor-core-3.6.5.jar:3.6.5]
		at reactor.netty.channel.FluxReceive.onInboundComplete(FluxReceive.java:415) ~[reactor-netty-core-1.1.18.jar:1.1.18]
		at reactor.netty.channel.ChannelOperations.onInboundComplete(ChannelOperations.java:446) ~[reactor-netty-core-1.1.18.jar:1.1.18]
		at reactor.netty.channel.ChannelOperations.terminate(ChannelOperations.java:500) ~[reactor-netty-core-1.1.18.jar:1.1.18]
		at reactor.netty.http.client.HttpClientOperations.onInboundNext(HttpClientOperations.java:793) ~[reactor-netty-http-1.1.18.jar:1.1.18]
		at reactor.netty.channel.ChannelOperationsHandler.channelRead(ChannelOperationsHandler.java:114) ~[reactor-netty-core-1.1.18.jar:1.1.18]
		at io.netty.channel.AbstractChannelHandlerContext.invokeChannelRead(AbstractChannelHandlerContext.java:444) ~[netty-transport-4.1.109.Final.jar:4.1.109.Final]
		at io.netty.channel.AbstractChannelHandlerContext.invokeChannelRead(AbstractChannelHandlerContext.java:420) ~[netty-transport-4.1.109.Final.jar:4.1.109.Final]
		at io.netty.channel.AbstractChannelHandlerContext.fireChannelRead(AbstractChannelHandlerContext.java:412) ~[netty-transport-4.1.109.Final.jar:4.1.109.Final]
		at io.netty.handler.codec.MessageToMessageDecoder.channelRead(MessageToMessageDecoder.java:103) ~[netty-codec-4.1.109.Final.jar:4.1.109.Final]
		at io.netty.channel.AbstractChannelHandlerContext.invokeChannelRead(AbstractChannelHandlerContext.java:444) ~[netty-transport-4.1.109.Final.jar:4.1.109.Final]
		at io.netty.channel.AbstractChannelHandlerContext.invokeChannelRead(AbstractChannelHandlerContext.java:420) ~[netty-transport-4.1.109.Final.jar:4.1.109.Final]
		at io.netty.channel.AbstractChannelHandlerContext.fireChannelRead(AbstractChannelHandlerContext.java:412) ~[netty-transport-4.1.109.Final.jar:4.1.109.Final]
		at io.netty.channel.CombinedChannelDuplexHandler$DelegatingChannelHandlerContext.fireChannelRead(CombinedChannelDuplexHandler.java:436) ~[netty-transport-4.1.109.Final.jar:4.1.109.Final]
		at io.netty.handler.codec.ByteToMessageDecoder.fireChannelRead(ByteToMessageDecoder.java:346) ~[netty-codec-4.1.109.Final.jar:4.1.109.Final]
		at io.netty.handler.codec.ByteToMessageDecoder.channelRead(ByteToMessageDecoder.java:318) ~[netty-codec-4.1.109.Final.jar:4.1.109.Final]
		at io.netty.channel.CombinedChannelDuplexHandler.channelRead(CombinedChannelDuplexHandler.java:251) ~[netty-transport-4.1.109.Final.jar:4.1.109.Final]
		at io.netty.channel.AbstractChannelHandlerContext.invokeChannelRead(AbstractChannelHandlerContext.java:442) ~[netty-transport-4.1.109.Final.jar:4.1.109.Final]
		at io.netty.channel.AbstractChannelHandlerContext.invokeChannelRead(AbstractChannelHandlerContext.java:420) ~[netty-transport-4.1.109.Final.jar:4.1.109.Final]
		at io.netty.channel.AbstractChannelHandlerContext.fireChannelRead(AbstractChannelHandlerContext.java:412) ~[netty-transport-4.1.109.Final.jar:4.1.109.Final]
		at io.netty.handler.ssl.SslHandler.unwrap(SslHandler.java:1475) ~[netty-handler-4.1.109.Final.jar:4.1.109.Final]
		at io.netty.handler.ssl.SslHandler.decodeJdkCompatible(SslHandler.java:1338) ~[netty-handler-4.1.109.Final.jar:4.1.109.Final]
		at io.netty.handler.ssl.SslHandler.decode(SslHandler.java:1387) ~[netty-handler-4.1.109.Final.jar:4.1.109.Final]
		at io.netty.handler.codec.ByteToMessageDecoder.decodeRemovalReentryProtection(ByteToMessageDecoder.java:530) ~[netty-codec-4.1.109.Final.jar:4.1.109.Final]
		at io.netty.handler.codec.ByteToMessageDecoder.callDecode(ByteToMessageDecoder.java:469) ~[netty-codec-4.1.109.Final.jar:4.1.109.Final]
		at io.netty.handler.codec.ByteToMessageDecoder.channelRead(ByteToMessageDecoder.java:290) ~[netty-codec-4.1.109.Final.jar:4.1.109.Final]
		at io.netty.channel.AbstractChannelHandlerContext.invokeChannelRead(AbstractChannelHandlerContext.java:444) ~[netty-transport-4.1.109.Final.jar:4.1.109.Final]
		at io.netty.channel.AbstractChannelHandlerContext.invokeChannelRead(AbstractChannelHandlerContext.java:420) ~[netty-transport-4.1.109.Final.jar:4.1.109.Final]
		at io.netty.channel.AbstractChannelHandlerContext.fireChannelRead(AbstractChannelHandlerContext.java:412) ~[netty-transport-4.1.109.Final.jar:4.1.109.Final]
		at io.netty.channel.DefaultChannelPipeline$HeadContext.channelRead(DefaultChannelPipeline.java:1410) ~[netty-transport-4.1.109.Final.jar:4.1.109.Final]
		at io.netty.channel.AbstractChannelHandlerContext.invokeChannelRead(AbstractChannelHandlerContext.java:440) ~[netty-transport-4.1.109.Final.jar:4.1.109.Final]
		at io.netty.channel.AbstractChannelHandlerContext.invokeChannelRead(AbstractChannelHandlerContext.java:420) ~[netty-transport-4.1.109.Final.jar:4.1.109.Final]
		at io.netty.channel.DefaultChannelPipeline.fireChannelRead(DefaultChannelPipeline.java:919) ~[netty-transport-4.1.109.Final.jar:4.1.109.Final]
		at io.netty.channel.epoll.AbstractEpollStreamChannel$EpollStreamUnsafe.epollInReady(AbstractEpollStreamChannel.java:801) ~[netty-transport-classes-epoll-4.1.109.Final.jar:4.1.109.Final]
		at io.netty.channel.epoll.EpollEventLoop.processReady(EpollEventLoop.java:501) ~[netty-transport-classes-epoll-4.1.109.Final.jar:4.1.109.Final]
		at io.netty.channel.epoll.EpollEventLoop.run(EpollEventLoop.java:399) ~[netty-transport-classes-epoll-4.1.109.Final.jar:4.1.109.Final]
		at io.netty.util.concurrent.SingleThreadEventExecutor$4.run(SingleThreadEventExecutor.java:997) ~[netty-common-4.1.109.Final.jar:4.1.109.Final]
		at io.netty.util.internal.ThreadExecutorMap$2.run(ThreadExecutorMap.java:74) ~[netty-common-4.1.109.Final.jar:4.1.109.Final]
		at io.netty.util.concurrent.FastThreadLocalRunnable.run(FastThreadLocalRunnable.java:30) ~[netty-common-4.1.109.Final.jar:4.1.109.Final]
		at java.base/java.lang.Thread.run(Thread.java:1583) ~[na:na]
	Suppressed: java.lang.Exception: #block terminated with an error
		at reactor.core.publisher.BlockingSingleSubscriber.blockingGet(BlockingSingleSubscriber.java:104) ~[reactor-core-3.6.5.jar:3.6.5]
		at reactor.core.publisher.Mono.block(Mono.java:1779) ~[reactor-core-3.6.5.jar:3.6.5]
		at com.marketinghub.facebookadsworker.facebookcampaign.FacebookCampaignStatusSnapshotClient.fetch(FacebookCampaignStatusSnapshotClient.java:34) ~[classes/:na]
		at com.marketinghub.facebookadsworker.facebookcampaign.FacebookCampaignMetricsService.syncStatusSnapshot(FacebookCampaignMetricsService.java:139) ~[classes/:na]
		at com.marketinghub.facebookadsworker.facebookcampaign.FacebookCampaignMetricsService.processTarget(FacebookCampaignMetricsService.java:103) ~[classes/:na]
		at com.marketinghub.facebookadsworker.facebookcampaign.FacebookCampaignMetricsService.syncCampaignMetrics(FacebookCampaignMetricsService.java:94) ~[classes/:na]
		at com.marketinghub.facebookadsworker.facebookcampaign.FacebookCampaignMetricsScheduler.scheduleMetricsSync(FacebookCampaignMetricsScheduler.java:16) ~[classes/:na]
		at java.base/jdk.internal.reflect.DirectMethodHandleAccessor.invoke(DirectMethodHandleAccessor.java:103) ~[na:na]
		at java.base/java.lang.reflect.Method.invoke(Method.java:580) ~[na:na]
		at org.springframework.scheduling.support.ScheduledMethodRunnable.runInternal(ScheduledMethodRunnable.java:130) ~[spring-context-6.1.6.jar:6.1.6]
		at org.springframework.scheduling.support.ScheduledMethodRunnable.lambda$run$2(ScheduledMethodRunnable.java:124) ~[spring-context-6.1.6.jar:6.1.6]
		at io.micrometer.observation.Observation.observe(Observation.java:499) ~[micrometer-observation-1.12.5.jar:1.12.5]
		at org.springframework.scheduling.support.ScheduledMethodRunnable.run(ScheduledMethodRunnable.java:124) ~[spring-context-6.1.6.jar:6.1.6]
		at org.springframework.scheduling.support.DelegatingErrorHandlingRunnable.run(DelegatingErrorHandlingRunnable.java:54) ~[spring-context-6.1.6.jar:6.1.6]
		at java.base/java.util.concurrent.Executors$RunnableAdapter.call(Executors.java:572) ~[na:na]
		at java.base/java.util.concurrent.FutureTask.runAndReset(FutureTask.java:358) ~[na:na]
		at java.base/java.util.concurrent.ScheduledThreadPoolExecutor$ScheduledFutureTask.run(ScheduledThreadPoolExecutor.java:305) ~[na:na]
		at java.base/java.util.concurrent.ThreadPoolExecutor.runWorker(ThreadPoolExecutor.java:1144) ~[na:na]
		at java.base/java.util.concurrent.ThreadPoolExecutor$Worker.run(ThreadPoolExecutor.java:642) ~[na:na]
		at java.base/java.lang.Thread.run(Thread.java:1583) ~[na:na]

2026-07-12T10:46:26.839Z ERROR 34885 --- [facebook-ads-worker] [scheduling-1] c.m.f.FacebookAdsService                 : Facebook API GET request failed: path<==/v23.0/insights?access_token=EAA...Iqn&date_preset=maximum&fields=campaign_name,reach,impressions,clicks,spend,actions,date_start,date_stop&time_increment=all_days, status=400, responseBody={"e..."}}, errorDetails={"type":"GraphMethodException","code":100,"error_subcode":33,"message":"Unsupported get request. Object with ID 'insights' does not exist, cannot be loaded due to missing permissions, or does not support this operation. Please read the Graph API documentation at https://developers.facebook.com/docs/graph-api","fbtrace_id":"Ahi_24LL0W5gXKoyDFSe1Zr"}

org.springframework.web.reactive.function.client.WebClientResponseException$BadRequest: 400 Bad Request from GET https://graph.facebook.com/v23.0/insights
	at org.springframework.web.reactive.function.client.WebClientResponseException.create(WebClientResponseException.java:307) ~[spring-webflux-6.1.6.jar:6.1.6]
	at org.springframework.web.reactive.function.client.DefaultClientResponse.lambda$createException$1(DefaultClientResponse.java:214) ~[spring-webflux-6.1.6.jar:6.1.6]
	at reactor.core.publisher.FluxMap$MapSubscriber.onNext(FluxMap.java:106) ~[reactor-core-3.6.5.jar:3.6.5]
	at reactor.core.publisher.FluxOnErrorReturn$ReturnSubscriber.onNext(FluxOnErrorReturn.java:162) ~[reactor-core-3.6.5.jar:3.6.5]
	at reactor.core.publisher.FluxDefaultIfEmpty$DefaultIfEmptySubscriber.onNext(FluxDefaultIfEmpty.java:122) ~[reactor-core-3.6.5.jar:3.6.5]
	at reactor.core.publisher.FluxOnAssembly$OnAssemblySubscriber.onNext(FluxOnAssembly.java:539) ~[reactor-core-3.6.5.jar:3.6.5]
	at reactor.core.publisher.FluxMapFuseable$MapFuseableSubscriber.onNext(FluxMapFuseable.java:129) ~[reactor-core-3.6.5.jar:3.6.5]
	at reactor.core.publisher.FluxContextWrite$ContextWriteSubscriber.onNext(FluxContextWrite.java:107) ~[reactor-core-3.6.5.jar:3.6.5]
	at reactor.core.publisher.FluxMapFuseable$MapFuseableConditionalSubscriber.onNext(FluxMapFuseable.java:299) ~[reactor-core-3.6.5.jar:3.6.5]
	at reactor.core.publisher.FluxFilterFuseable$FilterFuseableConditionalSubscriber.onNext(FluxFilterFuseable.java:337) ~[reactor-core-3.6.5.jar:3.6.5]
	at reactor.core.publisher.Operators$BaseFluxToMonoOperator.completePossiblyEmpty(Operators.java:2097) ~[reactor-core-3.6.5.jar:3.6.5]
	at reactor.core.publisher.MonoCollect$CollectSubscriber.onComplete(MonoCollect.java:145) ~[reactor-core-3.6.5.jar:3.6.5]
	at reactor.core.publisher.FluxMap$MapSubscriber.onComplete(FluxMap.java:144) ~[reactor-core-3.6.5.jar:3.6.5]
	at reactor.core.publisher.FluxPeek$PeekSubscriber.onComplete(FluxPeek.java:260) ~[reactor-core-3.6.5.jar:3.6.5]
	at reactor.core.publisher.FluxMap$MapSubscriber.onComplete(FluxMap.java:144) ~[reactor-core-3.6.5.jar:3.6.5]
	at reactor.netty.channel.FluxReceive.onInboundComplete(FluxReceive.java:415) ~[reactor-netty-core-1.1.18.jar:1.1.18]
	at reactor.netty.channel.ChannelOperations.onInboundComplete(ChannelOperations.java:446) ~[reactor-netty-core-1.1.18.jar:1.1.18]
	at reactor.netty.channel.ChannelOperations.terminate(ChannelOperations.java:500) ~[reactor-netty-core-1.1.18.jar:1.1.18]
	at reactor.netty.http.client.HttpClientOperations.onInboundNext(HttpClientOperations.java:793) ~[reactor-netty-http-1.1.18.jar:1.1.18]
	at reactor.netty.channel.ChannelOperationsHandler.channelRead(ChannelOperationsHandler.java:114) ~[reactor-netty-core-1.1.18.jar:1.1.18]
	at io.netty.channel.AbstractChannelHandlerContext.invokeChannelRead(AbstractChannelHandlerContext.java:444) ~[netty-transport-4.1.109.Final.jar:4.1.109.Final]
	at io.netty.channel.AbstractChannelHandlerContext.invokeChannelRead(AbstractChannelHandlerContext.java:420) ~[netty-transport-4.1.109.Final.jar:4.1.109.Final]
	at io.netty.channel.AbstractChannelHandlerContext.fireChannelRead(AbstractChannelHandlerContext.java:412) ~[netty-transport-4.1.109.Final.jar:4.1.109.Final]
	at io.netty.handler.codec.MessageToMessageDecoder.channelRead(MessageToMessageDecoder.java:103) ~[netty-codec-4.1.109.Final.jar:4.1.109.Final]
	at io.netty.channel.AbstractChannelHandlerContext.invokeChannelRead(AbstractChannelHandlerContext.java:444) ~[netty-transport-4.1.109.Final.jar:4.1.109.Final]
	at io.netty.channel.AbstractChannelHandlerContext.invokeChannelRead(AbstractChannelHandlerContext.java:420) ~[netty-transport-4.1.109.Final.jar:4.1.109.Final]
	at io.netty.channel.AbstractChannelHandlerContext.fireChannelRead(AbstractChannelHandlerContext.java:412) ~[netty-transport-4.1.109.Final.jar:4.1.109.Final]
	at io.netty.channel.CombinedChannelDuplexHandler$DelegatingChannelHandlerContext.fireChannelRead(CombinedChannelDuplexHandler.java:436) ~[netty-transport-4.1.109.Final.jar:4.1.109.Final]
	at io.netty.handler.codec.ByteToMessageDecoder.fireChannelRead(ByteToMessageDecoder.java:346) ~[netty-codec-4.1.109.Final.jar:4.1.109.Final]
	at io.netty.handler.codec.ByteToMessageDecoder.channelRead(ByteToMessageDecoder.java:318) ~[netty-codec-4.1.109.Final.jar:4.1.109.Final]
	at io.netty.channel.CombinedChannelDuplexHandler.channelRead(CombinedChannelDuplexHandler.java:251) ~[netty-transport-4.1.109.Final.jar:4.1.109.Final]
	at io.netty.channel.AbstractChannelHandlerContext.invokeChannelRead(AbstractChannelHandlerContext.java:442) ~[netty-transport-4.1.109.Final.jar:4.1.109.Final]
	at io.netty.channel.AbstractChannelHandlerContext.invokeChannelRead(AbstractChannelHandlerContext.java:420) ~[netty-transport-4.1.109.Final.jar:4.1.109.Final]
	at io.netty.channel.AbstractChannelHandlerContext.fireChannelRead(AbstractChannelHandlerContext.java:412) ~[netty-transport-4.1.109.Final.jar:4.1.109.Final]
	at io.netty.handler.ssl.SslHandler.unwrap(SslHandler.java:1475) ~[netty-handler-4.1.109.Final.jar:4.1.109.Final]
	at io.netty.handler.ssl.SslHandler.decodeJdkCompatible(SslHandler.java:1338) ~[netty-handler-4.1.109.Final.jar:4.1.109.Final]
	at io.netty.handler.ssl.SslHandler.decode(SslHandler.java:1387) ~[netty-handler-4.1.109.Final.jar:4.1.109.Final]
	at io.netty.handler.codec.ByteToMessageDecoder.decodeRemovalReentryProtection(ByteToMessageDecoder.java:530) ~[netty-codec-4.1.109.Final.jar:4.1.109.Final]
	at io.netty.handler.codec.ByteToMessageDecoder.callDecode(ByteToMessageDecoder.java:469) ~[netty-codec-4.1.109.Final.jar:4.1.109.Final]
	at io.netty.handler.codec.ByteToMessageDecoder.channelRead(ByteToMessageDecoder.java:290) ~[netty-codec-4.1.109.Final.jar:4.1.109.Final]
	at io.netty.channel.AbstractChannelHandlerContext.invokeChannelRead(AbstractChannelHandlerContext.java:444) ~[netty-transport-4.1.109.Final.jar:4.1.109.Final]
	at io.netty.channel.AbstractChannelHandlerContext.invokeChannelRead(AbstractChannelHandlerContext.java:420) ~[netty-transport-4.1.109.Final.jar:4.1.109.Final]
	at io.netty.channel.AbstractChannelHandlerContext.fireChannelRead(AbstractChannelHandlerContext.java:412) ~[netty-transport-4.1.109.Final.jar:4.1.109.Final]
	at io.netty.channel.DefaultChannelPipeline$HeadContext.channelRead(DefaultChannelPipeline.java:1410) ~[netty-transport-4.1.109.Final.jar:4.1.109.Final]
	at io.netty.channel.AbstractChannelHandlerContext.invokeChannelRead(AbstractChannelHandlerContext.java:440) ~[netty-transport-4.1.109.Final.jar:4.1.109.Final]
	at io.netty.channel.AbstractChannelHandlerContext.invokeChannelRead(AbstractChannelHandlerContext.java:420) ~[netty-transport-4.1.109.Final.jar:4.1.109.Final]
	at io.netty.channel.DefaultChannelPipeline.fireChannelRead(DefaultChannelPipeline.java:919) ~[netty-transport-4.1.109.Final.jar:4.1.109.Final]
	at io.netty.channel.epoll.AbstractEpollStreamChannel$EpollStreamUnsafe.epollInReady(AbstractEpollStreamChannel.java:801) ~[netty-transport-classes-epoll-4.1.109.Final.jar:4.1.109.Final]
	at io.netty.channel.epoll.EpollEventLoop.processReady(EpollEventLoop.java:501) ~[netty-transport-classes-epoll-4.1.109.Final.jar:4.1.109.Final]
	at io.netty.channel.epoll.EpollEventLoop.run(EpollEventLoop.java:399) ~[netty-transport-classes-epoll-4.1.109.Final.jar:4.1.109.Final]
	at io.netty.util.concurrent.SingleThreadEventExecutor$4.run(SingleThreadEventExecutor.java:997) ~[netty-common-4.1.109.Final.jar:4.1.109.Final]
	at io.netty.util.internal.ThreadExecutorMap$2.run(ThreadExecutorMap.java:74) ~[netty-common-4.1.109.Final.jar:4.1.109.Final]
	at io.netty.util.concurrent.FastThreadLocalRunnable.run(FastThreadLocalRunnable.java:30) ~[netty-common-4.1.109.Final.jar:4.1.109.Final]
	at java.base/java.lang.Thread.run(Thread.java:1583) ~[na:na]
	Suppressed: java.lang.Exception: #block terminated with an error
		at reactor.core.publisher.BlockingSingleSubscriber.blockingGet(BlockingSingleSubscriber.java:104) ~[reactor-core-3.6.5.jar:3.6.5]
		at reactor.core.publisher.Mono.block(Mono.java:1779) ~[reactor-core-3.6.5.jar:3.6.5]
		at com.marketinghub.facebookadsworker.FacebookAdsService.executeGet(FacebookAdsService.java:2702) ~[classes/:na]
		at com.marketinghub.facebookadsworker.FacebookAdsService.getCampaignInsights(FacebookAdsService.java:2289) ~[classes/:na]
		at com.marketinghub.facebookadsworker.facebookcampaign.FacebookCampaignMetricsService.processTarget(FacebookCampaignMetricsService.java:104) ~[classes/:na]
		at com.marketinghub.facebookadsworker.facebookcampaign.FacebookCampaignMetricsService.syncCampaignMetrics(FacebookCampaignMetricsService.java:94) ~[classes/:na]
		at com.marketinghub.facebookadsworker.facebookcampaign.FacebookCampaignMetricsScheduler.scheduleMetricsSync(FacebookCampaignMetricsScheduler.java:16) ~[classes/:na]
		at java.base/jdk.internal.reflect.DirectMethodHandleAccessor.invoke(DirectMethodHandleAccessor.java:103) ~[na:na]
		at java.base/java.lang.reflect.Method.invoke(Method.java:580) ~[na:na]
		at org.springframework.scheduling.support.ScheduledMethodRunnable.runInternal(ScheduledMethodRunnable.java:130) ~[spring-context-6.1.6.jar:6.1.6]
		at org.springframework.scheduling.support.ScheduledMethodRunnable.lambda$run$2(ScheduledMethodRunnable.java:124) ~[spring-context-6.1.6.jar:6.1.6]
		at io.micrometer.observation.Observation.observe(Observation.java:499) ~[micrometer-observation-1.12.5.jar:1.12.5]
		at org.springframework.scheduling.support.ScheduledMethodRunnable.run(ScheduledMethodRunnable.java:124) ~[spring-context-6.1.6.jar:6.1.6]
		at org.springframework.scheduling.support.DelegatingErrorHandlingRunnable.run(DelegatingErrorHandlingRunnable.java:54) ~[spring-context-6.1.6.jar:6.1.6]
		at java.base/java.util.concurrent.Executors$RunnableAdapter.call(Executors.java:572) ~[na:na]
		at java.base/java.util.concurrent.FutureTask.runAndReset(FutureTask.java:358) ~[na:na]
		at java.base/java.util.concurrent.ScheduledThreadPoolExecutor$ScheduledFutureTask.run(ScheduledThreadPoolExecutor.java:305) ~[na:na]
		at java.base/java.util.concurrent.ThreadPoolExecutor.runWorker(ThreadPoolExecutor.java:1144) ~[na:na]
		at java.base/java.util.concurrent.ThreadPoolExecutor$Worker.run(ThreadPoolExecutor.java:642) ~[na:na]
		... 1 common frames omitted

2026-07-12T10:46:26.841Z  WARN 34885 --- [facebook-ads-worker] [scheduling-1] c.m.f.f.FacebookCampaignMetricsService   : Unexpected error while syncing metrics for campaign : 400 Bad Request from GET https://graph.facebook.com/v23.0/insights

org.springframework.web.reactive.function.client.WebClientResponseException$BadRequest: 400 Bad Request from GET https://graph.facebook.com/v23.0/insights
	at org.springframework.web.reactive.function.client.WebClientResponseException.create(WebClientResponseException.java:307) ~[spring-webflux-6.1.6.jar:6.1.6]
	at org.springframework.web.reactive.function.client.DefaultClientResponse.lambda$createException$1(DefaultClientResponse.java:214) ~[spring-webflux-6.1.6.jar:6.1.6]
	at reactor.core.publisher.FluxMap$MapSubscriber.onNext(FluxMap.java:106) ~[reactor-core-3.6.5.jar:3.6.5]
	at reactor.core.publisher.FluxOnErrorReturn$ReturnSubscriber.onNext(FluxOnErrorReturn.java:162) ~[reactor-core-3.6.5.jar:3.6.5]
	at reactor.core.publisher.FluxDefaultIfEmpty$DefaultIfEmptySubscriber.onNext(FluxDefaultIfEmpty.java:122) ~[reactor-core-3.6.5.jar:3.6.5]
	at reactor.core.publisher.FluxOnAssembly$OnAssemblySubscriber.onNext(FluxOnAssembly.java:539) ~[reactor-core-3.6.5.jar:3.6.5]
	at reactor.core.publisher.FluxMapFuseable$MapFuseableSubscriber.onNext(FluxMapFuseable.java:129) ~[reactor-core-3.6.5.jar:3.6.5]
	at reactor.core.publisher.FluxContextWrite$ContextWriteSubscriber.onNext(FluxContextWrite.java:107) ~[reactor-core-3.6.5.jar:3.6.5]
	at reactor.core.publisher.FluxMapFuseable$MapFuseableConditionalSubscriber.onNext(FluxMapFuseable.java:299) ~[reactor-core-3.6.5.jar:3.6.5]
	at reactor.core.publisher.FluxFilterFuseable$FilterFuseableConditionalSubscriber.onNext(FluxFilterFuseable.java:337) ~[reactor-core-3.6.5.jar:3.6.5]
	at reactor.core.publisher.Operators$BaseFluxToMonoOperator.completePossiblyEmpty(Operators.java:2097) ~[reactor-core-3.6.5.jar:3.6.5]
	at reactor.core.publisher.MonoCollect$CollectSubscriber.onComplete(MonoCollect.java:145) ~[reactor-core-3.6.5.jar:3.6.5]
	at reactor.core.publisher.FluxMap$MapSubscriber.onComplete(FluxMap.java:144) ~[reactor-core-3.6.5.jar:3.6.5]
	at reactor.core.publisher.FluxPeek$PeekSubscriber.onComplete(FluxPeek.java:260) ~[reactor-core-3.6.5.jar:3.6.5]
	at reactor.core.publisher.FluxMap$MapSubscriber.onComplete(FluxMap.java:144) ~[reactor-core-3.6.5.jar:3.6.5]
	at reactor.netty.channel.FluxReceive.onInboundComplete(FluxReceive.java:415) ~[reactor-netty-core-1.1.18.jar:1.1.18]
	at reactor.netty.channel.ChannelOperations.onInboundComplete(ChannelOperations.java:446) ~[reactor-netty-core-1.1.18.jar:1.1.18]
	at reactor.netty.channel.ChannelOperations.terminate(ChannelOperations.java:500) ~[reactor-netty-core-1.1.18.jar:1.1.18]
	at reactor.netty.http.client.HttpClientOperations.onInboundNext(HttpClientOperations.java:793) ~[reactor-netty-http-1.1.18.jar:1.1.18]
	at reactor.netty.channel.ChannelOperationsHandler.channelRead(ChannelOperationsHandler.java:114) ~[reactor-netty-core-1.1.18.jar:1.1.18]
	at io.netty.channel.AbstractChannelHandlerContext.invokeChannelRead(AbstractChannelHandlerContext.java:444) ~[netty-transport-4.1.109.Final.jar:4.1.109.Final]
	at io.netty.channel.AbstractChannelHandlerContext.invokeChannelRead(AbstractChannelHandlerContext.java:420) ~[netty-transport-4.1.109.Final.jar:4.1.109.Final]
	at io.netty.channel.AbstractChannelHandlerContext.fireChannelRead(AbstractChannelHandlerContext.java:412) ~[netty-transport-4.1.109.Final.jar:4.1.109.Final]
	at io.netty.handler.codec.MessageToMessageDecoder.channelRead(MessageToMessageDecoder.java:103) ~[netty-codec-4.1.109.Final.jar:4.1.109.Final]
	at io.netty.channel.AbstractChannelHandlerContext.invokeChannelRead(AbstractChannelHandlerContext.java:444) ~[netty-transport-4.1.109.Final.jar:4.1.109.Final]
	at io.netty.channel.AbstractChannelHandlerContext.invokeChannelRead(AbstractChannelHandlerContext.java:420) ~[netty-transport-4.1.109.Final.jar:4.1.109.Final]
	at io.netty.channel.AbstractChannelHandlerContext.fireChannelRead(AbstractChannelHandlerContext.java:412) ~[netty-transport-4.1.109.Final.jar:4.1.109.Final]
	at io.netty.channel.CombinedChannelDuplexHandler$DelegatingChannelHandlerContext.fireChannelRead(CombinedChannelDuplexHandler.java:436) ~[netty-transport-4.1.109.Final.jar:4.1.109.Final]
	at io.netty.handler.codec.ByteToMessageDecoder.fireChannelRead(ByteToMessageDecoder.java:346) ~[netty-codec-4.1.109.Final.jar:4.1.109.Final]
	at io.netty.handler.codec.ByteToMessageDecoder.channelRead(ByteToMessageDecoder.java:318) ~[netty-codec-4.1.109.Final.jar:4.1.109.Final]
	at io.netty.channel.CombinedChannelDuplexHandler.channelRead(CombinedChannelDuplexHandler.java:251) ~[netty-transport-4.1.109.Final.jar:4.1.109.Final]
	at io.netty.channel.AbstractChannelHandlerContext.invokeChannelRead(AbstractChannelHandlerContext.java:442) ~[netty-transport-4.1.109.Final.jar:4.1.109.Final]
	at io.netty.channel.AbstractChannelHandlerContext.invokeChannelRead(AbstractChannelHandlerContext.java:420) ~[netty-transport-4.1.109.Final.jar:4.1.109.Final]
	at io.netty.channel.AbstractChannelHandlerContext.fireChannelRead(AbstractChannelHandlerContext.java:412) ~[netty-transport-4.1.109.Final.jar:4.1.109.Final]
	at io.netty.handler.ssl.SslHandler.unwrap(SslHandler.java:1475) ~[netty-handler-4.1.109.Final.jar:4.1.109.Final]
	at io.netty.handler.ssl.SslHandler.decodeJdkCompatible(SslHandler.java:1338) ~[netty-handler-4.1.109.Final.jar:4.1.109.Final]
	at io.netty.handler.ssl.SslHandler.decode(SslHandler.java:1387) ~[netty-handler-4.1.109.Final.jar:4.1.109.Final]
	at io.netty.handler.codec.ByteToMessageDecoder.decodeRemovalReentryProtection(ByteToMessageDecoder.java:530) ~[netty-codec-4.1.109.Final.jar:4.1.109.Final]
	at io.netty.handler.codec.ByteToMessageDecoder.callDecode(ByteToMessageDecoder.java:469) ~[netty-codec-4.1.109.Final.jar:4.1.109.Final]
	at io.netty.handler.codec.ByteToMessageDecoder.channelRead(ByteToMessageDecoder.java:290) ~[netty-codec-4.1.109.Final.jar:4.1.109.Final]
	at io.netty.channel.AbstractChannelHandlerContext.invokeChannelRead(AbstractChannelHandlerContext.java:444) ~[netty-transport-4.1.109.Final.jar:4.1.109.Final]
	at io.netty.channel.AbstractChannelHandlerContext.invokeChannelRead(AbstractChannelHandlerContext.java:420) ~[netty-transport-4.1.109.Final.jar:4.1.109.Final]
	at io.netty.channel.AbstractChannelHandlerContext.fireChannelRead(AbstractChannelHandlerContext.java:412) ~[netty-transport-4.1.109.Final.jar:4.1.109.Final]
	at io.netty.channel.DefaultChannelPipeline$HeadContext.channelRead(DefaultChannelPipeline.java:1410) ~[netty-transport-4.1.109.Final.jar:4.1.109.Final]
	at io.netty.channel.AbstractChannelHandlerContext.invokeChannelRead(AbstractChannelHandlerContext.java:440) ~[netty-transport-4.1.109.Final.jar:4.1.109.Final]
	at io.netty.channel.AbstractChannelHandlerContext.invokeChannelRead(AbstractChannelHandlerContext.java:420) ~[netty-transport-4.1.109.Final.jar:4.1.109.Final]
	at io.netty.channel.DefaultChannelPipeline.fireChannelRead(DefaultChannelPipeline.java:919) ~[netty-transport-4.1.109.Final.jar:4.1.109.Final]
	at io.netty.channel.epoll.AbstractEpollStreamChannel$EpollStreamUnsafe.epollInReady(AbstractEpollStreamChannel.java:801) ~[netty-transport-classes-epoll-4.1.109.Final.jar:4.1.109.Final]
	at io.netty.channel.epoll.EpollEventLoop.processReady(EpollEventLoop.java:501) ~[netty-transport-classes-epoll-4.1.109.Final.jar:4.1.109.Final]
	at io.netty.channel.epoll.EpollEventLoop.run(EpollEventLoop.java:399) ~[netty-transport-classes-epoll-4.1.109.Final.jar:4.1.109.Final]
	at io.netty.util.concurrent.SingleThreadEventExecutor$4.run(SingleThreadEventExecutor.java:997) ~[netty-common-4.1.109.Final.jar:4.1.109.Final]
	at io.netty.util.internal.ThreadExecutorMap$2.run(ThreadExecutorMap.java:74) ~[netty-common-4.1.109.Final.jar:4.1.109.Final]
	at io.netty.util.concurrent.FastThreadLocalRunnable.run(FastThreadLocalRunnable.java:30) ~[netty-common-4.1.109.Final.jar:4.1.109.Final]
	at java.base/java.lang.Thread.run(Thread.java:1583) ~[na:na]
	Suppressed: java.lang.Exception: #block terminated with an error
		at reactor.core.publisher.BlockingSingleSubscriber.blockingGet(BlockingSingleSubscriber.java:104) ~[reactor-core-3.6.5.jar:3.6.5]
		at reactor.core.publisher.Mono.block(Mono.java:1779) ~[reactor-core-3.6.5.jar:3.6.5]
		at com.marketinghub.facebookadsworker.FacebookAdsService.executeGet(FacebookAdsService.java:2702) ~[classes/:na]
		at com.marketinghub.facebookadsworker.FacebookAdsService.getCampaignInsights(FacebookAdsService.java:2289) ~[classes/:na]
		at com.marketinghub.facebookadsworker.facebookcampaign.FacebookCampaignMetricsService.processTarget(FacebookCampaignMetricsService.java:104) ~[classes/:na]
		at com.marketinghub.facebookadsworker.facebookcampaign.FacebookCampaignMetricsService.syncCampaignMetrics(FacebookCampaignMetricsService.java:94) ~[classes/:na]
		at com.marketinghub.facebookadsworker.facebookcampaign.FacebookCampaignMetricsScheduler.scheduleMetricsSync(FacebookCampaignMetricsScheduler.java:16) ~[classes/:na]
		at java.base/jdk.internal.reflect.DirectMethodHandleAccessor.invoke(DirectMethodHandleAccessor.java:103) ~[na:na]
		at java.base/java.lang.reflect.Method.invoke(Method.java:580) ~[na:na]
		at org.springframework.scheduling.support.ScheduledMethodRunnable.runInternal(ScheduledMethodRunnable.java:130) ~[spring-context-6.1.6.jar:6.1.6]
		at org.springframework.scheduling.support.ScheduledMethodRunnable.lambda$run$2(ScheduledMethodRunnable.java:124) ~[spring-context-6.1.6.jar:6.1.6]
		at io.micrometer.observation.Observation.observe(Observation.java:499) ~[micrometer-observation-1.12.5.jar:1.12.5]
		at org.springframework.scheduling.support.ScheduledMethodRunnable.run(ScheduledMethodRunnable.java:124) ~[spring-context-6.1.6.jar:6.1.6]
		at org.springframework.scheduling.support.DelegatingErrorHandlingRunnable.run(DelegatingErrorHandlingRunnable.java:54) ~[spring-context-6.1.6.jar:6.1.6]
		at java.base/java.util.concurrent.Executors$RunnableAdapter.call(Executors.java:572) ~[na:na]
		at java.base/java.util.concurrent.FutureTask.runAndReset(FutureTask.java:358) ~[na:na]
		at java.base/java.util.concurrent.ScheduledThreadPoolExecutor$ScheduledFutureTask.run(ScheduledThreadPoolExecutor.java:305) ~[na:na]
		at java.base/java.util.concurrent.ThreadPoolExecutor.runWorker(ThreadPoolExecutor.java:1144) ~[na:na]
		at java.base/java.util.concurrent.ThreadPoolExecutor$Worker.run(ThreadPoolExecutor.java:642) ~[na:na]
		... 1 common frames omitted

2026-07-12T10:46:26.866Z  WARN 34885 --- [facebook-ads-worker] [scheduling-1] c.m.f.f.FacebookCampaignMetricsService   : Could not report metrics error for campaign : 404 Not Found from POST http://localhost:8001/api/facebook-campaigns/metrics-error

org.springframework.web.reactive.function.client.WebClientResponseException$NotFound: 404 Not Found from POST http://localhost:8001/api/facebook-campaigns/metrics-error
	at org.springframework.web.reactive.function.client.WebClientResponseException.create(WebClientResponseException.java:310) ~[spring-webflux-6.1.6.jar:6.1.6]
	Suppressed: reactor.core.publisher.FluxOnAssembly$OnAssemblyException: 
Error has been observed at the following site(s):
	*__checkpoint ⇢ 404 NOT_FOUND from POST http://localhost:8001/api/facebook-campaigns/metrics-error [DefaultWebClient]
Original Stack Trace:
		at org.springframework.web.reactive.function.client.WebClientResponseException.create(WebClientResponseException.java:310) ~[spring-webflux-6.1.6.jar:6.1.6]
		at org.springframework.web.reactive.function.client.DefaultClientResponse.lambda$createException$1(DefaultClientResponse.java:214) ~[spring-webflux-6.1.6.jar:6.1.6]
		at reactor.core.publisher.FluxMap$MapSubscriber.onNext(FluxMap.java:106) ~[reactor-core-3.6.5.jar:3.6.5]
		at reactor.core.publisher.FluxOnErrorReturn$ReturnSubscriber.onNext(FluxOnErrorReturn.java:162) ~[reactor-core-3.6.5.jar:3.6.5]
		at reactor.core.publisher.FluxDefaultIfEmpty$DefaultIfEmptySubscriber.onNext(FluxDefaultIfEmpty.java:122) ~[reactor-core-3.6.5.jar:3.6.5]
		at reactor.core.publisher.FluxMapFuseable$MapFuseableSubscriber.onNext(FluxMapFuseable.java:129) ~[reactor-core-3.6.5.jar:3.6.5]
		at reactor.core.publisher.FluxContextWrite$ContextWriteSubscriber.onNext(FluxContextWrite.java:107) ~[reactor-core-3.6.5.jar:3.6.5]
		at reactor.core.publisher.FluxMapFuseable$MapFuseableConditionalSubscriber.onNext(FluxMapFuseable.java:299) ~[reactor-core-3.6.5.jar:3.6.5]
		at reactor.core.publisher.FluxFilterFuseable$FilterFuseableConditionalSubscriber.onNext(FluxFilterFuseable.java:337) ~[reactor-core-3.6.5.jar:3.6.5]
		at reactor.core.publisher.Operators$BaseFluxToMonoOperator.completePossiblyEmpty(Operators.java:2097) ~[reactor-core-3.6.5.jar:3.6.5]
		at reactor.core.publisher.MonoCollect$CollectSubscriber.onComplete(MonoCollect.java:145) ~[reactor-core-3.6.5.jar:3.6.5]
		at reactor.core.publisher.FluxMap$MapSubscriber.onComplete(FluxMap.java:144) ~[reactor-core-3.6.5.jar:3.6.5]
		at reactor.core.publisher.FluxPeek$PeekSubscriber.onComplete(FluxPeek.java:260) ~[reactor-core-3.6.5.jar:3.6.5]
		at reactor.core.publisher.FluxMap$MapSubscriber.onComplete(FluxMap.java:144) ~[reactor-core-3.6.5.jar:3.6.5]
		at reactor.netty.channel.FluxReceive.onInboundComplete(FluxReceive.java:415) ~[reactor-netty-core-1.1.18.jar:1.1.18]
		at reactor.netty.channel.ChannelOperations.onInboundComplete(ChannelOperations.java:446) ~[reactor-netty-core-1.1.18.jar:1.1.18]
		at reactor.netty.channel.ChannelOperations.terminate(ChannelOperations.java:500) ~[reactor-netty-core-1.1.18.jar:1.1.18]
		at reactor.netty.http.client.HttpClientOperations.onInboundNext(HttpClientOperations.java:793) ~[reactor-netty-http-1.1.18.jar:1.1.18]
		at reactor.netty.channel.ChannelOperationsHandler.channelRead(ChannelOperationsHandler.java:114) ~[reactor-netty-core-1.1.18.jar:1.1.18]
		at io.netty.channel.AbstractChannelHandlerContext.invokeChannelRead(AbstractChannelHandlerContext.java:444) ~[netty-transport-4.1.109.Final.jar:4.1.109.Final]
		at io.netty.channel.AbstractChannelHandlerContext.invokeChannelRead(AbstractChannelHandlerContext.java:420) ~[netty-transport-4.1.109.Final.jar:4.1.109.Final]
		at io.netty.channel.AbstractChannelHandlerContext.fireChannelRead(AbstractChannelHandlerContext.java:412) ~[netty-transport-4.1.109.Final.jar:4.1.109.Final]
		at io.netty.handler.codec.MessageToMessageDecoder.channelRead(MessageToMessageDecoder.java:103) ~[netty-codec-4.1.109.Final.jar:4.1.109.Final]
		at io.netty.channel.AbstractChannelHandlerContext.invokeChannelRead(AbstractChannelHandlerContext.java:444) ~[netty-transport-4.1.109.Final.jar:4.1.109.Final]
		at io.netty.channel.AbstractChannelHandlerContext.invokeChannelRead(AbstractChannelHandlerContext.java:420) ~[netty-transport-4.1.109.Final.jar:4.1.109.Final]
		at io.netty.channel.AbstractChannelHandlerContext.fireChannelRead(AbstractChannelHandlerContext.java:412) ~[netty-transport-4.1.109.Final.jar:4.1.109.Final]
		at io.netty.channel.CombinedChannelDuplexHandler$DelegatingChannelHandlerContext.fireChannelRead(CombinedChannelDuplexHandler.java:436) ~[netty-transport-4.1.109.Final.jar:4.1.109.Final]
		at io.netty.handler.codec.ByteToMessageDecoder.fireChannelRead(ByteToMessageDecoder.java:346) ~[netty-codec-4.1.109.Final.jar:4.1.109.Final]
		at io.netty.handler.codec.ByteToMessageDecoder.channelRead(ByteToMessageDecoder.java:318) ~[netty-codec-4.1.109.Final.jar:4.1.109.Final]
		at io.netty.channel.CombinedChannelDuplexHandler.channelRead(CombinedChannelDuplexHandler.java:251) ~[netty-transport-4.1.109.Final.jar:4.1.109.Final]
		at io.netty.channel.AbstractChannelHandlerContext.invokeChannelRead(AbstractChannelHandlerContext.java:442) ~[netty-transport-4.1.109.Final.jar:4.1.109.Final]
		at io.netty.channel.AbstractChannelHandlerContext.invokeChannelRead(AbstractChannelHandlerContext.java:420) ~[netty-transport-4.1.109.Final.jar:4.1.109.Final]
		at io.netty.channel.AbstractChannelHandlerContext.fireChannelRead(AbstractChannelHandlerContext.java:412) ~[netty-transport-4.1.109.Final.jar:4.1.109.Final]
		at io.netty.channel.DefaultChannelPipeline$HeadContext.channelRead(DefaultChannelPipeline.java:1410) ~[netty-transport-4.1.109.Final.jar:4.1.109.Final]
		at io.netty.channel.AbstractChannelHandlerContext.invokeChannelRead(AbstractChannelHandlerContext.java:440) ~[netty-transport-4.1.109.Final.jar:4.1.109.Final]
		at io.netty.channel.AbstractChannelHandlerContext.invokeChannelRead(AbstractChannelHandlerContext.java:420) ~[netty-transport-4.1.109.Final.jar:4.1.109.Final]
		at io.netty.channel.DefaultChannelPipeline.fireChannelRead(DefaultChannelPipeline.java:919) ~[netty-transport-4.1.109.Final.jar:4.1.109.Final]
		at io.netty.channel.epoll.AbstractEpollStreamChannel$EpollStreamUnsafe.epollInReady(AbstractEpollStreamChannel.java:801) ~[netty-transport-classes-epoll-4.1.109.Final.jar:4.1.109.Final]
		at io.netty.channel.epoll.EpollEventLoop.processReady(EpollEventLoop.java:501) ~[netty-transport-classes-epoll-4.1.109.Final.jar:4.1.109.Final]
		at io.netty.channel.epoll.EpollEventLoop.run(EpollEventLoop.java:399) ~[netty-transport-classes-epoll-4.1.109.Final.jar:4.1.109.Final]
		at io.netty.util.concurrent.SingleThreadEventExecutor$4.run(SingleThreadEventExecutor.java:997) ~[netty-common-4.1.109.Final.jar:4.1.109.Final]
		at io.netty.util.internal.ThreadExecutorMap$2.run(ThreadExecutorMap.java:74) ~[netty-common-4.1.109.Final.jar:4.1.109.Final]
		at io.netty.util.concurrent.FastThreadLocalRunnable.run(FastThreadLocalRunnable.java:30) ~[netty-common-4.1.109.Final.jar:4.1.109.Final]
		at java.base/java.lang.Thread.run(Thread.java:1583) ~[na:na]
	Suppressed: java.lang.Exception: #block terminated with an error
		at reactor.core.publisher.BlockingSingleSubscriber.blockingGet(BlockingSingleSubscriber.java:104) ~[reactor-core-3.6.5.jar:3.6.5]
		at reactor.core.publisher.Mono.block(Mono.java:1779) ~[reactor-core-3.6.5.jar:3.6.5]
		at com.marketinghub.facebookadsworker.facebookcampaign.FacebookCampaignMetricsService.reportMetricsError(FacebookCampaignMetricsService.java:369) ~[classes/:na]
		at com.marketinghub.facebookadsworker.facebookcampaign.FacebookCampaignMetricsService.processTarget(FacebookCampaignMetricsService.java:130) ~[classes/:na]
		at com.marketinghub.facebookadsworker.facebookcampaign.FacebookCampaignMetricsService.syncCampaignMetrics(FacebookCampaignMetricsService.java:94) ~[classes/:na]
		at com.marketinghub.facebookadsworker.facebookcampaign.FacebookCampaignMetricsScheduler.scheduleMetricsSync(FacebookCampaignMetricsScheduler.java:16) ~[classes/:na]
		at java.base/jdk.internal.reflect.DirectMethodHandleAccessor.invoke(DirectMethodHandleAccessor.java:103) ~[na:na]
		at java.base/java.lang.reflect.Method.invoke(Method.java:580) ~[na:na]
		at org.springframework.scheduling.support.ScheduledMethodRunnable.runInternal(ScheduledMethodRunnable.java:130) ~[spring-context-6.1.6.jar:6.1.6]
		at org.springframework.scheduling.support.ScheduledMethodRunnable.lambda$run$2(ScheduledMethodRunnable.java:124) ~[spring-context-6.1.6.jar:6.1.6]
		at io.micrometer.observation.Observation.observe(Observation.java:499) ~[micrometer-observation-1.12.5.jar:1.12.5]
		at org.springframework.scheduling.support.ScheduledMethodRunnable.run(ScheduledMethodRunnable.java:124) ~[spring-context-6.1.6.jar:6.1.6]
		at org.springframework.scheduling.support.DelegatingErrorHandlingRunnable.run(DelegatingErrorHandlingRunnable.java:54) ~[spring-context-6.1.6.jar:6.1.6]
		at java.base/java.util.concurrent.Executors$RunnableAdapter.call(Executors.java:572) ~[na:na]
		at java.base/java.util.concurrent.FutureTask.runAndReset(FutureTask.java:358) ~[na:na]
		at java.base/java.util.concurrent.ScheduledThreadPoolExecutor$ScheduledFutureTask.run(ScheduledThreadPoolExecutor.java:305) ~[na:na]
		at java.base/java.util.concurrent.ThreadPoolExecutor.runWorker(ThreadPoolExecutor.java:1144) ~[na:na]
		at java.base/java.util.concurrent.ThreadPoolExecutor$Worker.run(ThreadPoolExecutor.java:642) ~[na:na]
		at java.base/java.lang.Thread.run(Thread.java:1583) ~[na:na]

2026-07-12T10:46:26.868Z  INFO 34885 --- [facebook-ads-worker] [scheduling-1] .m.f.c.FacebookWorkerConfigurationClient : Requesting Facebook worker configuration from backend: url==>http://localhost:8001/api/accounts/facebook/worker-config, params={}
2026-07-12T10:46:27.463Z  INFO 34885 --- [facebook-ads-worker] [scheduling-1] .m.f.c.FacebookWorkerConfigurationClient : Received Facebook worker configuration response from backend: url<==http://localhost:8001/api/accounts/facebook/worker-config, response={"accountId":1,"adAccountId":"939323521124952","accessToken":"EAALKZCklBIpoBRp8TLLvqERh459ZBdy2L3H1NAzasViZAGa9FLJJxH227vaJ99xvqjr9SbWqbQavpNDwiyXghDm3GZAq3qa5cDl5M7eLPRsw6MrxFLLlxanSLOgrQUWAZBT0OMYZC70DXZBobQzLhKZAT2UyiqNIZCpb0jAAfZA2RZAojXXmlxYyjgoCYJAJfen4sfGJnJb1Iqn","systemUserAccessToken":"EAALKZCklBIpoBRPrMY5ZBnwKiqZAavOWuAOdDZBE69CD5YC7L1t6B7AVEyw5BwE9TJaySajAlR2DoYoMC4Q2ZBbLcOYmuRqG3BhRgxdx2iwniUKd48S2CyZCaY22e9JJMvPefi8CoSZBc2juarNGTGVumExY2qTdA9ZC8lgcV69ZCeCCh2MmCzqEyKU0QR9N5NwZDZD","pixelOwnerBusinessId":"1337293866974593","appId":"786143452930714","appSecret":"050a9e2d05d33c783ebef4c0d12c095d","defaultPageId":null,"defaultInstagramActorId":null,"defaultWebsiteUrl":"http://191.252.92.222:3000/accounts/facebook","defaultLeadGenFormId":null,"defaultCreativeMessageTemplate":"%s","defaultCallToActionType":"LEARN_MORE","adSetDailyBudget":"2000","adSetBillingEvent":"IMPRESSIONS","adSetOptimizationGoal":"LINK_CLICKS","adSetDestinationType":"WEBSITE","adSetBidStrategy":"LOWEST_COST_WITHOUT_CAP","adSetBidAmount":null,"adSetTargetCountry":"BR"}
2026-07-12T10:46:27.464Z  INFO 34885 --- [facebook-ads-worker] [scheduling-1] c.m.f.f.FacebookCampaignService          : Requesting experiments ready for Facebook campaigns from backend: url==>http://localhost:8001/api/facebook-campaigns/experiments-ready, params={}
2026-07-12T10:46:37.357Z  INFO 34885 --- [facebook-ads-worker] [scheduling-1] c.m.f.f.FacebookCampaignService          : Received experiments response from backend: url<==http://localhost:8001/api/facebook-campaigns/experiments-ready, response=[{"id":63,"name":"MPAE-H001-E001","singlePain":"Ela perde dinheiro e oportunidades porque nao sabe transformar seu valor em argumentos claros de negociacao e posicionamento profissional.","freeReward":"Kit gratuito: 7 scripts para negociar salario, preco, escopo e limites sem parecer agressiva.","funnelPromise":"Negociar melhor, comunicar valor e se posicionar com autoridade usando scripts praticos para conversas profissionais decisivas.","primaryCta":"Receber os scripts","experimentType":"NICHE_TEST","campaignObjective":"LEADS","pageId":"485863027935937","facebookPixelId":null,"dailyBudget":60.00,"facebookPage":{"id":1,"pageId":"485863027935937","name":"Produtividade 360"},"instagramAccount":{"id":1,"handle":"@produtividade360_","code":"17841468261725306","name":"Produtividade 360"},"facebookInstantForm":null,"nextStepInstantForm":false,"followUpActionUrl":"https://oportunidadebrasil.shop/api/flows/exp-63-landing-geralanding/page","publicationJobId":"40d63efcdb24f76179acd7b9cad968e252db3b1aefd2146c8837ad25ebc6bec1","leadPortalFlow":{"id":44,"name":"Exp 63 - Kit 7 Scripts de Negociação","slug":"exp-63-kit-scripts-negociacao","publicUrl":null},"salesPageAbTest":{"id":2,"name":"A/B Meta - pagina tradicional vs video humano","status":"READY","primaryMetric":"checkout_click_rate","winnerRule":"Vencer a variante com melhor custo por checkout_click; confirmar por purchase quando houver volume suficiente.","minimumRuntimeDays":7,"minimumSampleSize":100,"metaSplitTestRecommended":true,"variants":[{"id":3,"variantKey":"A","name":"Pagina tradicional","variantType":"TRADITIONAL","status":"READY","trafficWeight":50.00,"salesPageUrl":"https://oportunidadebrasil.shop/api/flows/exp-63-sales-a-sem-video/page","checkoutUrl":"https://www.mercadopago.com.br/checkout/v1/redirect?pref_id=133771061-a581cb81-e5e6-4eff-96eb-4675f8f19b62","adDestinationUrl":"https://oportunidadebrasil.shop/api/flows/exp-63-sales-a-sem-video/page","analyticsVariantParam":"ab=a","experimentVideoAssetId":null,"requiredCollectorsPresent":true},{"id":4,"variantKey":"B","name":"Pagina com video humano","variantType":"HUMAN_VIDEO","status":"READY","trafficWeight":50.00,"salesPageUrl":"https://oportunidadebrasil.shop/api/flows/exp-63-sales-b-com-video/page","checkoutUrl":"https://www.mercadopago.com.br/checkout/v1/redirect?pref_id=133771061-a581cb81-e5e6-4eff-96eb-4675f8f19b62","adDestinationUrl":"https://oportunidadebrasil.shop/api/flows/exp-63-sales-b-com-video/page","analyticsVariantParam":"ab=b","experimentVideoAssetId":3,"requiredCollectorsPresent":true}]}}]
2026-07-12T10:46:37.369Z  INFO 34885 --- [facebook-ads-worker] [scheduling-1] c.m.f.f.FacebookCampaignService          : Requesting creatives for experiment from backend: url==>http://localhost:8001/api/facebook-campaigns/experiments/63/creatives-ready, params={}
2026-07-12T10:46:38.589Z  INFO 34885 --- [facebook-ads-worker] [scheduling-1] c.m.f.f.FacebookCampaignService          : Received creatives response from backend: url<==http://localhost:8001/api/facebook-campaigns/experiments/63/creatives-ready, response=[{"id":224,"experimentId":63,"format":null,"headline":"7 scripts pra pedir aumento","primaryText":"Copie e cole: 7 scripts para pedir aumento sem travar e conduzir a conversa com clareza. #aumento #carreira #negociacao #rh #performance #promocao #comunicacao","imageUrl":"https://pub-37cb222fbfe5470da56cce789c5beec1.r2.dev/uploads/2026/07/09/misc/9332073a1615-creative-8afbe6a1-f6ff-4a71-bedb-1623417.jpg","description":null,"cta":"LEARN_MORE","destinationUrl":null,"leadGenFormId":null,"instagramUserId":null,"status":"READY"}]
2026-07-12T10:46:38.591Z  INFO 34885 --- [facebook-ads-worker] [scheduling-1] c.m.f.f.FacebookCampaignService          : Using experiment standalone follow-up URL as destination for experiment 63: url=https://oportunidadebrasil.shop/api/flows/exp-63-landing-geralanding/page?campaign=exp-63
2026-07-12T10:46:39.585Z  INFO 34885 --- [facebook-ads-worker] [scheduling-1] c.m.f.f.FacebookCampaignService          : Requesting approved targeting package from backend: url==>http://localhost:8001/api/facebook-adsets/experiments/63/targeting-package, params={"experimentId":63}
2026-07-12T10:46:39.975Z  INFO 34885 --- [facebook-ads-worker] [scheduling-1] c.m.f.f.FacebookCampaignService          : Received approved targeting package from backend: url<==http://localhost:8001/api/facebook-adsets/experiments/63/targeting-package, response={"experimentId":63,"targeting":{"interests":[],"jobTitles":[{"id":212,"marketNicheId":33,"hypothesisId":"fd7120b3-7ced-4d8c-af9b-760119a69581","type":"JOB_TITLE","term":"Consultor de vendas","description":"Cargo com rotina de negociação, argumentação de valor, proposta comercial e defesa de preço; aderente ao kit de scripts.","prompt":null,"model":null,"source":"MANUAL","status":"APPROVED","notes":"Criado para publicar o experimento 63 com cargo oficial da Meta ligado a negociação.","lastReviewedBy":"codex-mkt","metaId":"116049991780926","metaKey":"Consultora de Vendas","metaAudienceSizeLowerBound":133166,"metaAudienceSizeUpperBound":156604,"metaIdUnavailable":false,"metaIdUnavailableReason":null,"confidence":0.84,"createdAt":"2026-07-09T15:01:59.938515Z","updatedAt":"2026-07-09T15:01:59.938525Z"}],"behaviors":[]}}
2026-07-12T10:46:39.977Z  INFO 34885 --- [facebook-ads-worker] [scheduling-1] c.m.f.f.FacebookCampaignService          : Using backend-approved manual targeting package for experiment 63: {"flexible_spec":[{"work_positions":[{"id":"116049991780926","name":"Consultora de Vendas"}]}]}
2026-07-12T10:46:39.979Z  INFO 34885 --- [facebook-ads-worker] [scheduling-1] c.m.f.FacebookAdsService                 : Sending GET request to Facebook API: path==>/v23.0/act_939323521124952/reachestimate?targeting_spec=%7B%22flexible_spec%22%3A%5B%7B%22work_positions%22%3A%5B%7B%22id%22%3A%22116049991780926%22%2C%22name%22%3A%22Consultora%20de%20Vendas%22%7D%5D%7D%5D%2C%22geo_locations%22%3A%7B%22countries%22%3A%5B%22BR%22%5D%7D%7D&access_token=EAA...Iqn
2026-07-12T10:46:41.268Z  INFO 34885 --- [facebook-ads-worker] [scheduling-1] c.m.f.FacebookAdsService                 : Facebook API response received: method=GET, path<==/v23.0/act_939323521124952/reachestimate?targeting_spec=%7B%22flexible_spec%22%3A%5B%7B%22work_positions%22%3A%5B%7B%22id%22%3A%22116049991780926%22%2C%22name%22%3A%22Consultora%20de%20Vendas%22%7D%5D%7D%5D%2C%22geo_locations%22%3A%7B%22countries%22%3A%5B%22BR%22%5D%7D%7D&access_token=EAA...Iqn, status=200 200 OK, headers={"x-fb-request-id":["AJa...Q3o"],"x-fb-trace-id":["HdB...56j"],"X-FB-Connection-Quality":["EXC...t=0"],"Alt-Svc":["h3=...400"],"Access-Control-Allow-Origin":["***"],"Connection":["kee...ive"],"x-fb-rev":["104...507"],"x-ad-api-version-warning":["The...ed."],"Pragma":["no-...che"],"x-business-use-case-usage":["{\"9...}]}"],"Date":["Sun...GMT"],"Strict-Transport-Security":["max...oad"],"Cache-Control":["pri...ate"],"ETag":["\"35...35\""],"Vary":["***"],"Expires":["Sat...GMT"],"X-FB-Debug":["iAC...w=="],"Content-Length":["***"],"facebook-api-version":["***"],"Content-Type":["app...F-8"]}, body={"data":{"users_lower_bound":15400,"users_upper_bound":18200,"estimate_ready":true}}
2026-07-12T10:46:43.771Z  WARN 34885 --- [facebook-ads-worker] [scheduling-1] c.m.f.f.FacebookCampaignService          : Reach estimate bounds unavailable; continuing controlled publication: experimentId=63, response={"data":{"users_lower_bound":15400,"users_upper_bound":18200,"estimate_ready":true}}
2026-07-12T10:46:43.771Z  INFO 34885 --- [facebook-ads-worker] [scheduling-1] c.m.f.f.FacebookCampaignService          : Preloading creative image using canonical hash deduplication: experimentId=63, creativeId=224, imageUrl=https://pub-37cb222fbfe5470da56cce789c5beec1.r2.dev/uploads/2026/07/09/misc/9332073a1615-creative-8afbe6a1-f6ff-4a71-bedb-1623417.jpg
2026-07-12T10:46:43.940Z  INFO 34885 --- [facebook-ads-worker] [scheduling-1] c.m.f.f.FacebookCampaignService          : Requesting canonical image hash mapping from backend: url==>http://localhost:8001/api/internal/facebook-campaigns/image-hash-mappings/resolve?platform=FACEBOOK&adAccountId=939323521124952&localHash=eeca3129037a160fb8edfc2035018ee06970fa9620c5ad2fff381a73c33ea4b5, params={"localHash":"eeca3129037a160fb8edfc2035018ee06970fa9620c5ad2fff381a73c33ea4b5","adAccountId":"939323521124952","platform":"FACEBOOK"}
2026-07-12T10:46:43.948Z  INFO 34885 --- [facebook-ads-worker] [scheduling-1] c.m.f.f.FacebookCampaignService          : Received canonical image hash mapping from backend: url<==http://localhost:8001/api/internal/facebook-campaigns/image-hash-mappings/resolve?platform=FACEBOOK&adAccountId=939323521124952&localHash=eeca3129037a160fb8edfc2035018ee06970fa9620c5ad2fff381a73c33ea4b5, response=null
2026-07-12T10:46:43.950Z  INFO 34885 --- [facebook-ads-worker] [scheduling-1] c.m.f.FacebookAdsService                 : Sending multipart POST request to Facebook API: path==>/v23.0/act_939323521124952/adimages, body={"filename":"9332073a1615-creative-8afbe6a1-f6ff-4a71-bedb-1623417.jpg","parts":["source(bytes)","filename","access_token"]}
2026-07-12T10:46:44.475Z  INFO 34885 --- [facebook-ads-worker] [scheduling-1] c.m.f.FacebookAdsService                 : Facebook API response received: method=POST, path<==/v23.0/act_939323521124952/adimages, status=200 200 OK, headers={"x-fb-request-id":["AIk...V4f"],"x-fb-trace-id":["F6W...uC+"],"X-FB-Connection-Quality":["EXC...=19"],"transfer-encoding":["chu...ked"],"Alt-Svc":["h3=...400"],"Access-Control-Allow-Origin":["***"],"Connection":["kee...ive"],"x-fb-rev":["104...156"],"x-ad-api-version-warning":["The...ed."],"Pragma":["no-...che"],"x-business-use-case-usage":["{\"9...}]}"],"Date":["Sun...GMT"],"Strict-Transport-Security":["max...oad"],"Cache-Control":["pri...ate"],"Vary":["***","Acc...ing"],"Expires":["Sat...GMT"],"X-FB-Debug":["Pkn...w=="],"facebook-api-version":["***"],"Content-Type":["app...F-8"]}, body={"images":{"9332073a1615-creative-8afbe6a1-f6ff-4a71-bedb-1623417.jpg":{"hash":"237283b6ac13bf9fedcc6629d6c96aca","height":683,"url":"https://scontent-lga3-3.xx.fbcdn.net/v/t45.1600-4/745288340_122231545928562190_6747259154795680065_n.jpg?_nc_cat=106&ccb=1-7&_nc_sid=d5bd00&_nc_ohc=aIrkw10pHRUQ7kNvwEYayJb&_nc_oc=AdqztxcW9pijjI-G-gixRg8mv3K12RIlimtBcXST8z8GFDUQHe-K38PHYmCR2w3RH4U&_nc_zt=1&_nc_ht=scontent-lga3-3.xx&edm=AJNyvH4EAAAA&_nc_gid=2peeufZlBQvT6YYYmotGLg&_nc_tpa=Q5bMBQGkueI556Gt3zNRbAbzp07hTbNNPiopQxQyTvHhDgRnCF8SzE7TLwSpBnX3x0VGatJTwNAwZM3a&oh=00_AQA7yv3JXNUAb9SaVwN68CQSgTVW58CuTEsG25473pxGOw&oe=6A5939D3","name":"9332073a1615-creative-8afbe6a1-f6ff-4a71-bedb-1623417.jpg","url_128":"https://scontent-lga3-3.xx.fbcdn.net/v/t45.1600-4/745288340_122231545928562190_6747259154795680065_n.jpg?stp=dst-jpg_p168x128_tt6&_nc_cat=106&ccb=1-7&_nc_sid=d73f9c&_nc_ohc=aIrkw10pHRUQ7kNvwEYayJb&_nc_oc=AdqztxcW9pijjI-G-gixRg8mv3K12RIlimtBcXST8z8GFDUQHe-K38PHYmCR2w3RH4U&_nc_zt=1&_nc_ht=scontent-lga3-3.xx&edm=AJNyvH4EAAAA&_nc_gid=2peeufZlBQvT6YYYmotGLg&_nc_tpa=Q5bMBQFpTkF0YyTBfg0IZC9BCbqtT2iul4r4-B4ry8ljj17YIjNU0QeF7X0OmM-1QUPAnnHqXuXq7nBx&oh=00_AQBDBKhqeuxe9NIXvOWJc6vSQHEPdhdZGFrid-UhVE4SGQ&oe=6A5939D3","width":1024,"url_256":"https://scontent-lga3-3.xx.fbcdn.net/v/t45.1600-4/745288340_122231545928562190_6747259154795680065_n.jpg?stp=dst-jpg_p261x260_tt6&_nc_cat=106&ccb=1-7&_nc_sid=d73f9c&_nc_ohc=aIrkw10pHRUQ7kNvwEYayJb&_nc_oc=AdqztxcW9pijjI-G-gixRg8mv3K12RIlimtBcXST8z8GFDUQHe-K38PHYmCR2w3RH4U&_nc_zt=1&_nc_ht=scontent-lga3-3.xx&edm=AJNyvH4EAAAA&_nc_gid=2peeufZlBQvT6YYYmotGLg&_nc_tpa=Q5bMBQE0xzuvpENKwdBji8Tdott6_ux27HsmVVc3PhjrVGInH5OVktUdwuZMHigu1bzdWHUaa9VTIoKG&oh=00_AQAHb-QJ9ry-65BQqT16idROkMpq-VanNZavlcQR5AnL7w&oe=6A5939D3","url_256_height":"260","url_256_width":"390"}}}
2026-07-12T10:46:46.171Z  INFO 34885 --- [facebook-ads-worker] [scheduling-1] c.m.f.f.FacebookCampaignService          : Creative image uploaded to Meta and image_hash captured for canonical persistence: experimentId=63, creativeId=224, localHash=eeca3129037a160fb8edfc2035018ee06970fa9620c5ad2fff381a73c33ea4b5, hash=237283b6ac13bf9fedcc6629d6c96aca
2026-07-12T10:46:46.172Z  INFO 34885 --- [facebook-ads-worker] [scheduling-1] c.m.f.f.FacebookCampaignService          : Persisting canonical image hash mapping in backend: url==>http://localhost:8001/api/internal/facebook-campaigns/image-hash-mappings, payload={"platform":"FACEBOOK","adAccountId":"939323521124952","localHash":"eeca3129037a160fb8edfc2035018ee06970fa9620c5ad2fff381a73c33ea4b5","metaImageHash":"237283b6ac13bf9fedcc6629d6c96aca"}
2026-07-12T10:46:46.180Z  WARN 34885 --- [facebook-ads-worker] [scheduling-1] c.m.f.f.FacebookCampaignService          : Failed to persist canonical image hash mapping in backend: url==>http://localhost:8001/api/internal/facebook-campaigns/image-hash-mappings, message=404 Not Found from POST http://localhost:8001/api/internal/facebook-campaigns/image-hash-mappings
2026-07-12T10:46:46.180Z  INFO 34885 --- [facebook-ads-worker] [scheduling-1] c.m.f.f.FacebookCampaignService          : Creative image preload succeeded and will use image_hash as primary path: experimentId=63, creativeId=224, hash=237283b6ac13bf9fedcc6629d6c96aca
2026-07-12T10:46:46.181Z  INFO 34885 --- [facebook-ads-worker] [scheduling-1] c.m.f.f.FacebookCampaignService          : Preloading creative image using canonical hash deduplication: experimentId=63, creativeId=224, imageUrl=https://pub-37cb222fbfe5470da56cce789c5beec1.r2.dev/uploads/2026/07/09/misc/9332073a1615-creative-8afbe6a1-f6ff-4a71-bedb-1623417.jpg
2026-07-12T10:46:46.246Z  INFO 34885 --- [facebook-ads-worker] [scheduling-1] c.m.f.f.FacebookCampaignService          : Reusing image_hash from in-memory deduplication cache: experimentId=63, creativeId=224, localHash=eeca3129037a160fb8edfc2035018ee06970fa9620c5ad2fff381a73c33ea4b5, hash=237283b6ac13bf9fedcc6629d6c96aca
2026-07-12T10:46:46.246Z  INFO 34885 --- [facebook-ads-worker] [scheduling-1] c.m.f.f.FacebookCampaignService          : Creative image preload succeeded and will use image_hash as primary path: experimentId=63, creativeId=224, hash=237283b6ac13bf9fedcc6629d6c96aca
2026-07-12T10:46:46.247Z  INFO 34885 --- [facebook-ads-worker] [scheduling-1] c.m.f.FacebookAdsService                 : Sending POST request to Facebook API: path==>/v23.0/act_939323521124952/campaigns, body={"access_token":"EAA...Iqn","special_ad_categories":[],"name":"MPAE-H001-E001","is_adset_budget_sharing_enabled":false,"objective":"OUTCOME_LEADS","status":"ACTIVE"}
2026-07-12T10:46:47.184Z  INFO 34885 --- [facebook-ads-worker] [scheduling-1] c.m.f.FacebookAdsService                 : Facebook API response received: method=POST, path<==/v23.0/act_939323521124952/campaigns, status=200 200 OK, headers={"x-fb-request-id":["A0G...6ME"],"x-fb-trace-id":["FYI...h6k"],"X-FB-Connection-Quality":["EXC...t=0"],"Alt-Svc":["h3=...400"],"Access-Control-Allow-Origin":["***"],"Connection":["kee...ive"],"x-fb-rev":["104...507"],"x-ad-api-version-warning":["The...ed."],"Pragma":["no-...che"],"x-business-use-case-usage":["{\"9...}]}"],"Date":["Sun...GMT"],"Strict-Transport-Security":["max...oad"],"Cache-Control":["pri...ate"],"Vary":["***"],"Expires":["Sat...GMT"],"X-FB-Debug":["56p...Q=="],"Content-Length":["***"],"facebook-api-version":["***"],"Content-Type":["app...F-8"]}, body={"id":"120250223449290326"}
2026-07-12T10:46:48.993Z  INFO 34885 --- [facebook-ads-worker] [scheduling-1] c.m.f.FacebookAdsService                 : Sending POST request to Facebook API: path==>/v23.0/act_939323521124952/adsets, body={"optimization_goal":"LEAD_GENERATION","access_token":"EAA...Iqn","destination_type":"WEBSITE","targeting":{"flexible_spec":[{"work_positions":[{"name":"Consultora de Vendas","id":"116049991780926"}]}],"targeting_automation":{"advantage_audience":0},"geo_locations":{"countries":["BR"]},"publisher_platforms":["instagram"],"instagram_positions":["stream","story","reels","explore"]},"billing_event":"IMPRESSIONS","bid_strategy":"LOWEST_COST_WITHOUT_CAP","promoted_object":{"page_id":"485863027935937"},"name":"MPAE-H001-E001 - Ad Set","daily_budget":"6000","campaign_id":"120250223449290326","status":"ACTIVE"}
2026-07-12T10:46:51.546Z  INFO 34885 --- [facebook-ads-worker] [scheduling-1] c.m.f.FacebookAdsService                 : Facebook API response received: method=POST, path<==/v23.0/act_939323521124952/adsets, status=200 200 OK, headers={"x-fb-request-id":["AcW...-ad"],"x-fb-trace-id":["C5B...z+L"],"X-FB-Connection-Quality":["EXC...t=0"],"Alt-Svc":["h3=...400"],"Access-Control-Allow-Origin":["***"],"Connection":["kee...ive"],"x-fb-rev":["104...066"],"x-ad-api-version-warning":["The...ed."],"Pragma":["no-...che"],"x-business-use-case-usage":["{\"9...}]}"],"Date":["Sun...GMT"],"Strict-Transport-Security":["max...oad"],"Cache-Control":["pri...ate"],"Vary":["***"],"Expires":["Sat...GMT"],"X-FB-Debug":["XmX...g=="],"Content-Length":["***"],"facebook-api-version":["***"],"Content-Type":["app...F-8"]}, body={"id":"120250223449550326"}
2026-07-12T10:46:53.594Z  INFO 34885 --- [facebook-ads-worker] [scheduling-1] c.m.f.f.FacebookCampaignService          : Using image_hash as primary asset for creative publication: experimentId=63, hash=237283b6ac13bf9fedcc6629d6c96aca
2026-07-12T10:46:53.595Z  INFO 34885 --- [facebook-ads-worker] [scheduling-1] c.m.f.FacebookAdsService                 : Sending POST request to Facebook API: path==>/v23.0/act_939323521124952/adcreatives, body={"object_story_spec":{"page_id":"485863027935937","instagram_user_id":"17841468261725306","link_data":{"call_to_action":{"type":"LEARN_MORE","value":{"link":"https://oportunidadebrasil.shop/api/flows/exp-63-sales-a-sem-video/page?campaign=exp-63"}},"link":"https://oportunidadebrasil.shop/api/flows/exp-63-sales-a-sem-video/page?campaign=exp-63","name":"7 scripts pra pedir aumento","image_hash":"237283b6ac13bf9fedcc6629d6c96aca","message":"Copie e cole: 7 scripts para pedir aumento sem travar e conduzir a conversa com clareza. #aumento #carreira #negociacao #rh #performance #promocao #comunicacao"}},"access_token":"EAA...Iqn","name":"MPAE-H001-E001 - Creative"}
2026-07-12T10:46:59.917Z  INFO 34885 --- [facebook-ads-worker] [scheduling-1] c.m.f.FacebookAdsService                 : Facebook API response received: method=POST, path<==/v23.0/act_939323521124952/adcreatives, status=200 200 OK, headers={"x-fb-request-id":["AOz...dHY"],"x-fb-trace-id":["Bof...fEs"],"X-FB-Connection-Quality":["EXC...t=0"],"Alt-Svc":["h3=...400"],"Access-Control-Allow-Origin":["***"],"Connection":["kee...ive"],"x-fb-rev":["104...507"],"x-ad-api-version-warning":["The...ed."],"Pragma":["no-...che"],"x-business-use-case-usage":["{\"9...}]}"],"Date":["Sun...GMT"],"Strict-Transport-Security":["max...oad"],"Cache-Control":["pri...ate"],"Vary":["***"],"Expires":["Sat...GMT"],"X-FB-Debug":["dgQ...A=="],"Content-Length":["***"],"facebook-api-version":["***"],"Content-Type":["app...F-8"]}, body={"id":"1448901730608972"}
2026-07-12T10:47:02.011Z  INFO 34885 --- [facebook-ads-worker] [scheduling-1] c.m.f.FacebookAdsService                 : Sending POST request to Facebook API: path==>/v23.0/act_939323521124952/ads, body={"access_token":"EAA...Iqn","name":"MPAE-H001-E001 - Ad 1 - Variante A","adset_id":"120250223449550326","creative":{"creative_id":"1448901730608972"},"status":"ACTIVE"}
2026-07-12T10:47:04.582Z  INFO 34885 --- [facebook-ads-worker] [scheduling-1] c.m.f.FacebookAdsService                 : Facebook API response received: method=POST, path<==/v23.0/act_939323521124952/ads, status=200 200 OK, headers={"x-fb-request-id":["AkQ...-Tk"],"x-fb-trace-id":["AZO...Q+f"],"X-FB-Connection-Quality":["EXC...t=0"],"Alt-Svc":["h3=...400"],"Access-Control-Allow-Origin":["***"],"Connection":["kee...ive"],"x-fb-rev":["104...507"],"x-ad-api-version-warning":["The...ed."],"Pragma":["no-...che"],"x-business-use-case-usage":["{\"9...}]}"],"Date":["Sun...GMT"],"Strict-Transport-Security":["max...oad"],"Cache-Control":["pri...ate"],"Vary":["***"],"Expires":["Sat...GMT"],"X-FB-Debug":["dK9...Q=="],"Content-Length":["***"],"facebook-api-version":["***"],"Content-Type":["app...F-8"]}, body={"id":"120250223452540326"}
2026-07-12T10:47:06.750Z  INFO 34885 --- [facebook-ads-worker] [scheduling-1] c.m.f.f.FacebookCampaignService          : Using image_hash as primary asset for creative publication: experimentId=63, hash=237283b6ac13bf9fedcc6629d6c96aca
2026-07-12T10:47:06.750Z  INFO 34885 --- [facebook-ads-worker] [scheduling-1] c.m.f.FacebookAdsService                 : Sending POST request to Facebook API: path==>/v23.0/act_939323521124952/adcreatives, body={"object_story_spec":{"page_id":"485863027935937","instagram_user_id":"17841468261725306","link_data":{"call_to_action":{"type":"LEARN_MORE","value":{"link":"https://oportunidadebrasil.shop/api/flows/exp-63-sales-b-com-video/page?campaign=exp-63"}},"link":"https://oportunidadebrasil.shop/api/flows/exp-63-sales-b-com-video/page?campaign=exp-63","name":"7 scripts pra pedir aumento","image_hash":"237283b6ac13bf9fedcc6629d6c96aca","message":"Copie e cole: 7 scripts para pedir aumento sem travar e conduzir a conversa com clareza. #aumento #carreira #negociacao #rh #performance #promocao #comunicacao"}},"access_token":"EAA...Iqn","name":"MPAE-H001-E001 - Creative"}
2026-07-12T10:47:09.769Z  INFO 34885 --- [facebook-ads-worker] [scheduling-1] c.m.f.FacebookAdsService                 : Facebook API response received: method=POST, path<==/v23.0/act_939323521124952/adcreatives, status=200 200 OK, headers={"x-fb-request-id":["AOU...pwB"],"x-fb-trace-id":["CFe...uSC"],"X-FB-Connection-Quality":["EXC...t=0"],"Alt-Svc":["h3=...400"],"Access-Control-Allow-Origin":["***"],"Connection":["kee...ive"],"x-fb-rev":["104...507"],"x-ad-api-version-warning":["The...ed."],"Pragma":["no-...che"],"x-business-use-case-usage":["{\"9...}]}"],"Date":["Sun...GMT"],"Strict-Transport-Security":["max...oad"],"Cache-Control":["pri...ate"],"Vary":["***"],"Expires":["Sat...GMT"],"X-FB-Debug":["PFr...Q=="],"Content-Length":["***"],"facebook-api-version":["***"],"Content-Type":["app...F-8"]}, body={"id":"25492989897065055"}
2026-07-12T10:47:11.799Z  INFO 34885 --- [facebook-ads-worker] [scheduling-1] c.m.f.FacebookAdsService                 : Sending POST request to Facebook API: path==>/v23.0/act_939323521124952/ads, body={"access_token":"EAA...Iqn","name":"MPAE-H001-E001 - Ad 2 - Variante B","adset_id":"120250223449550326","creative":{"creative_id":"25492989897065055"},"status":"ACTIVE"}
2026-07-12T10:47:14.901Z  INFO 34885 --- [facebook-ads-worker] [scheduling-1] c.m.f.FacebookAdsService                 : Facebook API response received: method=POST, path<==/v23.0/act_939323521124952/ads, status=200 200 OK, headers={"x-fb-request-id":["AfO...OC4"],"x-fb-trace-id":["G1H...FyH"],"X-FB-Connection-Quality":["EXC...t=0"],"Alt-Svc":["h3=...400"],"Access-Control-Allow-Origin":["***"],"Connection":["kee...ive"],"x-fb-rev":["104...507"],"x-ad-api-version-warning":["The...ed."],"Pragma":["no-...che"],"x-business-use-case-usage":["{\"9...}]}"],"Date":["Sun...GMT"],"Strict-Transport-Security":["max...oad"],"Cache-Control":["pri...ate"],"Vary":["***"],"Expires":["Sat...GMT"],"X-FB-Debug":["0ts...Q=="],"Content-Length":["***"],"facebook-api-version":["***"],"Content-Type":["app...F-8"]}, body={"id":"120250223454530326"}
2026-07-12T10:47:16.919Z  INFO 34885 --- [facebook-ads-worker] [scheduling-1] c.m.f.f.FacebookCampaignService          : Reporting Facebook campaign creation to backend: url==>http://localhost:8001/api/facebook-campaigns, params={}, payload={"id":"120250223449290326","adAccountId":"939323521124952","name":"MPAE-H001-E001","objective":"OUTCOME_LEADS","status":"ACTIVE","budgetMode":"ADSET","experimentId":63,"facebookAccountId":1,"adSet":{"id":"120250223449550326","name":"MPAE-H001-E001 - Ad Set","billingEvent":"IMPRESSIONS","optimizationGoal":"LEAD_GENERATION","bidStrategy":"LOWEST_COST_WITHOUT_CAP","bidAmount":null,"dailyBudget":"6000","lifetimeBudget":null,"targetCountry":"BR","destinationType":"WEBSITE","pageId":"485863027935937","pixelId":null,"customEventType":null,"targetingJson":"{\"flexible_spec\":[{\"work_positions\":[{\"id\":\"116049991780926\",\"name\":\"Consultora de Vendas\"}]}]}","experimentAdSetId":null,"status":"ACTIVE"},"adCreative":{"id":"1448901730608972","pageId":"485863027935937","instagramActorId":"17841468261725306","websiteUrl":"https://oportunidadebrasil.shop/api/flows/exp-63-sales-a-sem-video/page?campaign=exp-63","leadGenFormId":null,"message":"Copie e cole: 7 scripts para pedir aumento sem travar e conduzir a conversa com clareza. #aumento #carreira #negociacao #rh #performance #promocao #comunicacao","imageHash":"237283b6ac13bf9fedcc6629d6c96aca","imageUrl":"https://pub-37cb222fbfe5470da56cce789c5beec1.r2.dev/uploads/2026/07/09/misc/9332073a1615-creative-8afbe6a1-f6ff-4a71-bedb-1623417.jpg","callToActionType":"LEARN_MORE","headline":"7 scripts pra pedir aumento","description":null},"ad":{"id":"120250223452540326","name":"MPAE-H001-E001 - Ad 1 - Variante A","adSetId":"120250223449550326","creativeId":"1448901730608972","status":"ACTIVE"},"adCreatives":[{"id":"1448901730608972","pageId":"485863027935937","instagramActorId":"17841468261725306","websiteUrl":"https://oportunidadebrasil.shop/api/flows/exp-63-sales-a-sem-video/page?campaign=exp-63","leadGenFormId":null,"message":"Copie e cole: 7 scripts para pedir aumento sem travar e conduzir a conversa com clareza. #aumento #carreira #negociacao #rh #performance #promocao #comunicacao","imageHash":"237283b6ac13bf9fedcc6629d6c96aca","imageUrl":"https://pub-37cb222fbfe5470da56cce789c5beec1.r2.dev/uploads/2026/07/09/misc/9332073a1615-creative-8afbe6a1-f6ff-4a71-bedb-1623417.jpg","callToActionType":"LEARN_MORE","headline":"7 scripts pra pedir aumento","description":null},{"id":"25492989897065055","pageId":"485863027935937","instagramActorId":"17841468261725306","websiteUrl":"https://oportunidadebrasil.shop/api/flows/exp-63-sales-b-com-video/page?campaign=exp-63","leadGenFormId":null,"message":"Copie e cole: 7 scripts para pedir aumento sem travar e conduzir a conversa com clareza. #aumento #carreira #negociacao #rh #performance #promocao #comunicacao","imageHash":"237283b6ac13bf9fedcc6629d6c96aca","imageUrl":"https://pub-37cb222fbfe5470da56cce789c5beec1.r2.dev/uploads/2026/07/09/misc/9332073a1615-creative-8afbe6a1-f6ff-4a71-bedb-1623417.jpg","callToActionType":"LEARN_MORE","headline":"7 scripts pra pedir aumento","description":null}],"ads":[{"id":"120250223452540326","name":"MPAE-H001-E001 - Ad 1 - Variante A","adSetId":"120250223449550326","creativeId":"1448901730608972","status":"ACTIVE"},{"id":"120250223454530326","name":"MPAE-H001-E001 - Ad 2 - Variante B","adSetId":"120250223449550326","creativeId":"25492989897065055","status":"ACTIVE"}]}
2026-07-12T10:47:20.038Z  INFO 34885 --- [facebook-ads-worker] [scheduling-1] c.m.f.f.FacebookCampaignService          : Successfully reported Facebook campaign creation to backend: url<==http://localhost:8001/api/facebook-campaigns, experimentId=63, campaignId=120250223449290326
2026-07-12T10:47:20.038Z  INFO 34885 --- [facebook-ads-worker] [scheduling-1] c.m.f.f.FacebookCampaignService          : Marking experiment as RUNNING in backend after Facebook campaign publication: url==>http://localhost:8001/api/experiments/63/status?status=RUNNING, params={}, campaignId=120250223449290326
2026-07-12T10:47:21.144Z  INFO 34885 --- [facebook-ads-worker] [scheduling-1] c.m.f.f.FacebookCampaignService          : Marked experiment 63 as RUNNING after Facebook campaign publication: campaignId=120250223449290326
2026-07-12T10:47:21.145Z  INFO 34885 --- [facebook-ads-worker] [scheduling-1] .m.f.c.FacebookWorkerConfigurationClient : Requesting Facebook worker configuration from backend: url==>http://localhost:8001/api/accounts/facebook/worker-config, params={}
2026-07-12T10:47:21.737Z  INFO 34885 --- [facebook-ads-worker] [scheduling-1] .m.f.c.FacebookWorkerConfigurationClient : Received Facebook worker configuration response from backend: url<==http://localhost:8001/api/accounts/facebook/worker-config, response={"accountId":1,"adAccountId":"939323521124952","accessToken":"EAALKZCklBIpoBRp8TLLvqERh459ZBdy2L3H1NAzasViZAGa9FLJJxH227vaJ99xvqjr9SbWqbQavpNDwiyXghDm3GZAq3qa5cDl5M7eLPRsw6MrxFLLlxanSLOgrQUWAZBT0OMYZC70DXZBobQzLhKZAT2UyiqNIZCpb0jAAfZA2RZAojXXmlxYyjgoCYJAJfen4sfGJnJb1Iqn","systemUserAccessToken":"EAALKZCklBIpoBRPrMY5ZBnwKiqZAavOWuAOdDZBE69CD5YC7L1t6B7AVEyw5BwE9TJaySajAlR2DoYoMC4Q2ZBbLcOYmuRqG3BhRgxdx2iwniUKd48S2CyZCaY22e9JJMvPefi8CoSZBc2juarNGTGVumExY2qTdA9ZC8lgcV69ZCeCCh2MmCzqEyKU0QR9N5NwZDZD","pixelOwnerBusinessId":"1337293866974593","appId":"786143452930714","appSecret":"050a9e2d05d33c783ebef4c0d12c095d","defaultPageId":null,"defaultInstagramActorId":null,"defaultWebsiteUrl":"http://191.252.92.222:3000/accounts/facebook","defaultLeadGenFormId":null,"defaultCreativeMessageTemplate":"%s","defaultCallToActionType":"LEARN_MORE","adSetDailyBudget":"2000","adSetBillingEvent":"IMPRESSIONS","adSetOptimizationGoal":"LINK_CLICKS","adSetDestinationType":"WEBSITE","adSetBidStrategy":"LOWEST_COST_WITHOUT_CAP","adSetBidAmount":null,"adSetTargetCountry":"BR"}
2026-07-12T10:47:21.737Z  INFO 34885 --- [facebook-ads-worker] [scheduling-1] c.m.f.f.FacebookCampaignService          : Requesting Facebook campaign stop requests from backend: url==>http://localhost:8001/api/facebook-campaigns/stop-requests, params={}
2026-07-12T10:47:22.452Z  INFO 34885 --- [facebook-ads-worker] [scheduling-1] c.m.f.f.FacebookCampaignService          : Received stop requests from backend: url<==http://localhost:8001/api/facebook-campaigns/stop-requests, response=[]
2026-07-12T10:47:22.452Z  INFO 34885 --- [facebook-ads-worker] [scheduling-1] .m.f.f.FacebookInterestValidationService : Requesting pending Facebook interests for validation: url==>http://localhost:8001/api/facebook-interests/pending, params={}
2026-07-12T10:47:22.578Z  INFO 34885 --- [facebook-ads-worker] [scheduling-1] .m.f.f.FacebookInterestValidationService : Received pending Facebook interests from backend: url<==http://localhost:8001/api/facebook-interests/pending, response=[]
2026-07-12T10:47:22.579Z  INFO 34885 --- [facebook-ads-worker] [scheduling-1] .m.f.c.FacebookWorkerConfigurationClient : Requesting Facebook worker configuration from backend: url==>http://localhost:8001/api/accounts/facebook/worker-config, params={}
2026-07-12T10:47:23.172Z  INFO 34885 --- [facebook-ads-worker] [scheduling-1] .m.f.c.FacebookWorkerConfigurationClient : Received Facebook worker configuration response from backend: url<==http://localhost:8001/api/accounts/facebook/worker-config, response={"accountId":1,"adAccountId":"939323521124952","accessToken":"EAALKZCklBIpoBRp8TLLvqERh459ZBdy2L3H1NAzasViZAGa9FLJJxH227vaJ99xvqjr9SbWqbQavpNDwiyXghDm3GZAq3qa5cDl5M7eLPRsw6MrxFLLlxanSLOgrQUWAZBT0OMYZC70DXZBobQzLhKZAT2UyiqNIZCpb0jAAfZA2RZAojXXmlxYyjgoCYJAJfen4sfGJnJb1Iqn","systemUserAccessToken":"EAALKZCklBIpoBRPrMY5ZBnwKiqZAavOWuAOdDZBE69CD5YC7L1t6B7AVEyw5BwE9TJaySajAlR2DoYoMC4Q2ZBbLcOYmuRqG3BhRgxdx2iwniUKd48S2CyZCaY22e9JJMvPefi8CoSZBc2juarNGTGVumExY2qTdA9ZC8lgcV69ZCeCCh2MmCzqEyKU0QR9N5NwZDZD","pixelOwnerBusinessId":"1337293866974593","appId":"786143452930714","appSecret":"050a9e2d05d33c783ebef4c0d12c095d","defaultPageId":null,"defaultInstagramActorId":null,"defaultWebsiteUrl":"http://191.252.92.222:3000/accounts/facebook","defaultLeadGenFormId":null,"defaultCreativeMessageTemplate":"%s","defaultCallToActionType":"LEARN_MORE","adSetDailyBudget":"2000","adSetBillingEvent":"IMPRESSIONS","adSetOptimizationGoal":"LINK_CLICKS","adSetDestinationType":"WEBSITE","adSetBidStrategy":"LOWEST_COST_WITHOUT_CAP","adSetBidAmount":null,"adSetTargetCountry":"BR"}
2026-07-12T10:47:23.172Z  INFO 34885 --- [facebook-ads-worker] [scheduling-1] c.m.f.FacebookAdsService                 : Facebook access token updated: previousToken=EAA...Iqn, newToken=EAA...Iqn
2026-07-12T10:47:23.172Z  INFO 34885 --- [facebook-ads-worker] [scheduling-1] c.m.f.f.FacebookPixelService             : Requesting pending pixel creation requests: url==>http://localhost:8001/api/facebook-pixels/pending, params={}
2026-07-12T10:47:23.299Z  INFO 34885 --- [facebook-ads-worker] [scheduling-1] c.m.f.f.FacebookPixelService             : Received pending pixel creation requests: url<==http://localhost:8001/api/facebook-pixels/pending, response=[]
2026-07-12T10:47:23.299Z  INFO 34885 --- [facebook-ads-worker] [scheduling-1] c.m.f.f.FacebookPixelService             : Requesting approved purchases pending pixel conversion: url==>http://localhost:8001/api/facebook-pixels/conversions-ready
2026-07-12T10:47:23.423Z  INFO 34885 --- [facebook-ads-worker] [scheduling-1] c.m.f.f.FacebookPixelService             : Received pixel conversion candidates: url<==http://localhost:8001/api/facebook-pixels/conversions-ready, response=[]
2026-07-12T10:47:23.424Z  INFO 34885 --- [facebook-ads-worker] [scheduling-1] c.m.f.f.TargetingBackendClient           : Requesting targeting elements pending Meta Ads enrichment: url==>http://localhost:8001/api/internal/targeting/elements/metaads-pending, params=limit=100
2026-07-12T10:47:23.560Z  INFO 34885 --- [facebook-ads-worker] [scheduling-1] c.m.f.f.TargetingBackendClient           : Received targeting elements pending Meta Ads enrichment: url<==http://localhost:8001/api/internal/targeting/elements/metaads-pending, response=[]
2026-07-12T10:47:23.561Z  INFO 34885 --- [facebook-ads-worker] [scheduling-1] c.m.f.f.FacebookTokenRenewalService      : Requesting Facebook accounts eligible for token renewal from backend: url==>http://localhost:8001/api/accounts/facebook/renewal/eligible, params={}
2026-07-12T10:47:24.269Z  INFO 34885 --- [facebook-ads-worker] [scheduling-1] c.m.f.f.FacebookTokenRenewalService      : Received eligible Facebook accounts response from backend: url<==http://localhost:8001/api/accounts/facebook/renewal/eligible, response=[]
2026-07-12T10:47:24.269Z  INFO 34885 --- [facebook-ads-worker] [scheduling-1] c.m.f.m.MetaAudienceBackendClient        : Requesting pending Meta audiences: url==>http://localhost:8001/api/internal/meta-audiences/pending?limit=5
2026-07-12T10:47:24.978Z  INFO 34885 --- [facebook-ads-worker] [scheduling-1] c.m.f.m.MetaAudienceBackendClient        : Received pending Meta audiences: url<==http://localhost:8001/api/internal/meta-audiences/pending?limit=5, response=[]
2026-07-12T10:47:25.620Z  INFO 34885 --- [facebook-ads-worker] [scheduling-1] .m.f.c.FacebookWorkerConfigurationClient : Requesting Facebook worker configuration from backend: url==>http://localhost:8001/api/accounts/facebook/worker-config, params={}
2026-07-12T10:47:26.211Z  INFO 34885 --- [facebook-ads-worker] [scheduling-1] .m.f.c.FacebookWorkerConfigurationClient : Received Facebook worker configuration response from backend: url<==http://localhost:8001/api/accounts/facebook/worker-config, response={"accountId":1,"adAccountId":"939323521124952","accessToken":"EAALKZCklBIpoBRp8TLLvqERh459ZBdy2L3H1NAzasViZAGa9FLJJxH227vaJ99xvqjr9SbWqbQavpNDwiyXghDm3GZAq3qa5cDl5M7eLPRsw6MrxFLLlxanSLOgrQUWAZBT0OMYZC70DXZBobQzLhKZAT2UyiqNIZCpb0jAAfZA2RZAojXXmlxYyjgoCYJAJfen4sfGJnJb1Iqn","systemUserAccessToken":"EAALKZCklBIpoBRPrMY5ZBnwKiqZAavOWuAOdDZBE69CD5YC7L1t6B7AVEyw5BwE9TJaySajAlR2DoYoMC4Q2ZBbLcOYmuRqG3BhRgxdx2iwniUKd48S2CyZCaY22e9JJMvPefi8CoSZBc2juarNGTGVumExY2qTdA9ZC8lgcV69ZCeCCh2MmCzqEyKU0QR9N5NwZDZD","pixelOwnerBusinessId":"1337293866974593","appId":"786143452930714","appSecret":"050a9e2d05d33c783ebef4c0d12c095d","defaultPageId":null,"defaultInstagramActorId":null,"defaultWebsiteUrl":"http://191.252.92.222:3000/accounts/facebook","defaultLeadGenFormId":null,"defaultCreativeMessageTemplate":"%s","defaultCallToActionType":"LEARN_MORE","adSetDailyBudget":"2000","adSetBillingEvent":"IMPRESSIONS","adSetOptimizationGoal":"LINK_CLICKS","adSetDestinationType":"WEBSITE","adSetBidStrategy":"LOWEST_COST_WITHOUT_CAP","adSetBidAmount":null,"adSetTargetCountry":"BR"}
2026-07-12T10:47:26.211Z  INFO 34885 --- [facebook-ads-worker] [scheduling-1] c.m.f.f.FacebookCampaignService          : Requesting experiments ready for Facebook campaigns from backend: url==>http://localhost:8001/api/facebook-campaigns/experiments-ready, params={}
2026-07-12T10:47:31.411Z  INFO 34885 --- [facebook-ads-worker] [scheduling-1] c.m.f.f.FacebookCampaignService          : Received experiments response from backend: url<==http://localhost:8001/api/facebook-campaigns/experiments-ready, response=[]
2026-07-12T10:47:33.425Z  INFO 34885 --- [facebook-ads-worker] [SpringApplicationShutdownHook] com.zaxxer.hikari.HikariDataSource       : marketingHubPool - Shutdown initiated...
2026-07-12T10:47:33.427Z  INFO 34885 --- [facebook-ads-worker] [SpringApplicationShutdownHook] com.zaxxer.hikari.HikariDataSource       : marketingHubPool - Shutdown completed.
2026-07-16T05:13:44.275Z  INFO 12775 --- [facebook-ads-worker] [main] c.m.f.FacebookAdsWorkerApplication       : Starting FacebookAdsWorkerApplication using Java 21.0.11 with PID 12775 (/root/ai-hub/src/ai-hub-4453d34c-776f-44aa-b4b7-a9a0f61eb4ac-kE82qh/repo/facebook-ads-worker/target/classes started by root in /root/ai-hub/src/ai-hub-4453d34c-776f-44aa-b4b7-a9a0f61eb4ac-kE82qh/repo/facebook-ads-worker)
2026-07-16T05:13:44.277Z  INFO 12775 --- [facebook-ads-worker] [main] c.m.f.FacebookAdsWorkerApplication       : No active profile set, falling back to 1 default profile: "default"
2026-07-16T05:13:44.807Z  INFO 12775 --- [facebook-ads-worker] [main] .s.d.r.c.RepositoryConfigurationDelegate : Bootstrapping Spring Data JDBC repositories in DEFAULT mode.
2026-07-16T05:13:44.822Z  INFO 12775 --- [facebook-ads-worker] [main] .s.d.r.c.RepositoryConfigurationDelegate : Finished Spring Data repository scanning in 12 ms. Found 0 JDBC repository interfaces.
2026-07-16T05:13:45.112Z  INFO 12775 --- [facebook-ads-worker] [main] o.s.b.w.embedded.tomcat.TomcatWebServer  : Tomcat initialized with port 8080 (http)
2026-07-16T05:13:45.120Z  INFO 12775 --- [facebook-ads-worker] [main] o.apache.catalina.core.StandardService   : Starting service [Tomcat]
2026-07-16T05:13:45.121Z  INFO 12775 --- [facebook-ads-worker] [main] o.apache.catalina.core.StandardEngine    : Starting Servlet engine: [Apache Tomcat/10.1.20]
2026-07-16T05:13:45.150Z  INFO 12775 --- [facebook-ads-worker] [main] o.a.c.c.C.[Tomcat].[localhost].[/]       : Initializing Spring embedded WebApplicationContext
2026-07-16T05:13:45.151Z  INFO 12775 --- [facebook-ads-worker] [main] w.s.c.ServletWebServerApplicationContext : Root WebApplicationContext: initialization completed in 847 ms
2026-07-16T05:13:45.438Z  INFO 12775 --- [facebook-ads-worker] [main] c.m.f.FacebookAdsService                 : Configured Facebook Graph API version: v23.0
2026-07-16T05:13:45.872Z  INFO 12775 --- [facebook-ads-worker] [main] com.zaxxer.hikari.HikariDataSource       : marketingHubPool - Starting...
2026-07-16T05:13:49.962Z  INFO 12775 --- [facebook-ads-worker] [main] com.zaxxer.hikari.pool.HikariPool        : marketingHubPool - Added connection com.mysql.cj.jdbc.ConnectionImpl@40dee07b
2026-07-16T05:13:49.963Z  INFO 12775 --- [facebook-ads-worker] [main] com.zaxxer.hikari.HikariDataSource       : marketingHubPool - Start completed.
2026-07-16T05:13:50.032Z  INFO 12775 --- [facebook-ads-worker] [main] o.s.b.a.e.web.EndpointLinksResolver      : Exposing 4 endpoint(s) beneath base path '/worker-observability'
2026-07-16T05:13:50.073Z  INFO 12775 --- [facebook-ads-worker] [main] o.s.b.w.embedded.tomcat.TomcatWebServer  : Tomcat started on port 8080 (http) with context path ''
2026-07-16T05:13:50.083Z  INFO 12775 --- [facebook-ads-worker] [main] c.m.f.FacebookAdsWorkerApplication       : Started FacebookAdsWorkerApplication in 6.049 seconds (process running for 6.233)
2026-07-16T05:13:50.091Z  INFO 12775 --- [facebook-ads-worker] [scheduling-1] .m.f.c.FacebookWorkerConfigurationClient : Requesting Facebook worker configuration from backend: url==>http://191.252.181.168/api/accounts/facebook/worker-config, params={}
2026-07-16T05:13:50.551Z  INFO 12775 --- [facebook-ads-worker] [scheduling-1] .m.f.c.FacebookWorkerConfigurationClient : Received Facebook worker configuration response from backend: url<==http://191.252.181.168/api/accounts/facebook/worker-config, response={"accountId":1,"adAccountId":"939323521124952","accessToken":"EAALKZCklBIpoBRp8TLLvqERh459ZBdy2L3H1NAzasViZAGa9FLJJxH227vaJ99xvqjr9SbWqbQavpNDwiyXghDm3GZAq3qa5cDl5M7eLPRsw6MrxFLLlxanSLOgrQUWAZBT0OMYZC70DXZBobQzLhKZAT2UyiqNIZCpb0jAAfZA2RZAojXXmlxYyjgoCYJAJfen4sfGJnJb1Iqn","systemUserAccessToken":"EAALKZCklBIpoBRPrMY5ZBnwKiqZAavOWuAOdDZBE69CD5YC7L1t6B7AVEyw5BwE9TJaySajAlR2DoYoMC4Q2ZBbLcOYmuRqG3BhRgxdx2iwniUKd48S2CyZCaY22e9JJMvPefi8CoSZBc2juarNGTGVumExY2qTdA9ZC8lgcV69ZCeCCh2MmCzqEyKU0QR9N5NwZDZD","pixelOwnerBusinessId":"1337293866974593","appId":"786143452930714","appSecret":"050a9e2d05d33c783ebef4c0d12c095d","defaultPageId":null,"defaultInstagramActorId":null,"defaultWebsiteUrl":"http://191.252.92.222:3000/accounts/facebook","defaultLeadGenFormId":null,"defaultCreativeMessageTemplate":"%s","defaultCallToActionType":"LEARN_MORE","adSetDailyBudget":"2000","adSetBillingEvent":"IMPRESSIONS","adSetOptimizationGoal":"LINK_CLICKS","adSetDestinationType":"WEBSITE","adSetBidStrategy":"LOWEST_COST_WITHOUT_CAP","adSetBidAmount":null,"adSetTargetCountry":"BR"}
2026-07-16T05:13:50.557Z  INFO 12775 --- [facebook-ads-worker] [scheduling-1] c.m.f.FacebookAdsService                 : Facebook access token updated: previousToken=null, newToken=EAA...Iqn
2026-07-16T05:13:51.198Z  WARN 12775 --- [facebook-ads-worker] [scheduling-1] c.m.f.f.FacebookCampaignMetricsService   : Could not sync Facebook status snapshot for campaign : 400 Bad Request from GET https://graph.facebook.com/v23.0/

org.springframework.web.reactive.function.client.WebClientResponseException$BadRequest: 400 Bad Request from GET https://graph.facebook.com/v23.0/
	at org.springframework.web.reactive.function.client.WebClientResponseException.create(WebClientResponseException.java:307) ~[spring-webflux-6.1.6.jar:6.1.6]
	Suppressed: reactor.core.publisher.FluxOnAssembly$OnAssemblyException: 
Error has been observed at the following site(s):
	*__checkpoint ⇢ 400 BAD_REQUEST from GET https://graph.facebook.com/v23.0/ [DefaultWebClient]
Original Stack Trace:
		at org.springframework.web.reactive.function.client.WebClientResponseException.create(WebClientResponseException.java:307) ~[spring-webflux-6.1.6.jar:6.1.6]
		at org.springframework.web.reactive.function.client.DefaultClientResponse.lambda$createException$1(DefaultClientResponse.java:214) ~[spring-webflux-6.1.6.jar:6.1.6]
		at reactor.core.publisher.FluxMap$MapSubscriber.onNext(FluxMap.java:106) ~[reactor-core-3.6.5.jar:3.6.5]
		at reactor.core.publisher.FluxOnErrorReturn$ReturnSubscriber.onNext(FluxOnErrorReturn.java:162) ~[reactor-core-3.6.5.jar:3.6.5]
		at reactor.core.publisher.FluxDefaultIfEmpty$DefaultIfEmptySubscriber.onNext(FluxDefaultIfEmpty.java:122) ~[reactor-core-3.6.5.jar:3.6.5]
		at reactor.core.publisher.FluxMapFuseable$MapFuseableSubscriber.onNext(FluxMapFuseable.java:129) ~[reactor-core-3.6.5.jar:3.6.5]
		at reactor.core.publisher.FluxContextWrite$ContextWriteSubscriber.onNext(FluxContextWrite.java:107) ~[reactor-core-3.6.5.jar:3.6.5]
		at reactor.core.publisher.FluxMapFuseable$MapFuseableConditionalSubscriber.onNext(FluxMapFuseable.java:299) ~[reactor-core-3.6.5.jar:3.6.5]
		at reactor.core.publisher.FluxFilterFuseable$FilterFuseableConditionalSubscriber.onNext(FluxFilterFuseable.java:337) ~[reactor-core-3.6.5.jar:3.6.5]
		at reactor.core.publisher.Operators$BaseFluxToMonoOperator.completePossiblyEmpty(Operators.java:2097) ~[reactor-core-3.6.5.jar:3.6.5]
		at reactor.core.publisher.MonoCollect$CollectSubscriber.onComplete(MonoCollect.java:145) ~[reactor-core-3.6.5.jar:3.6.5]
		at reactor.core.publisher.FluxMap$MapSubscriber.onComplete(FluxMap.java:144) ~[reactor-core-3.6.5.jar:3.6.5]
		at reactor.core.publisher.FluxPeek$PeekSubscriber.onComplete(FluxPeek.java:260) ~[reactor-core-3.6.5.jar:3.6.5]
		at reactor.core.publisher.FluxMap$MapSubscriber.onComplete(FluxMap.java:144) ~[reactor-core-3.6.5.jar:3.6.5]
		at reactor.netty.channel.FluxReceive.onInboundComplete(FluxReceive.java:415) ~[reactor-netty-core-1.1.18.jar:1.1.18]
		at reactor.netty.channel.ChannelOperations.onInboundComplete(ChannelOperations.java:446) ~[reactor-netty-core-1.1.18.jar:1.1.18]
		at reactor.netty.channel.ChannelOperations.terminate(ChannelOperations.java:500) ~[reactor-netty-core-1.1.18.jar:1.1.18]
		at reactor.netty.http.client.HttpClientOperations.onInboundNext(HttpClientOperations.java:793) ~[reactor-netty-http-1.1.18.jar:1.1.18]
		at reactor.netty.channel.ChannelOperationsHandler.channelRead(ChannelOperationsHandler.java:114) ~[reactor-netty-core-1.1.18.jar:1.1.18]
		at io.netty.channel.AbstractChannelHandlerContext.invokeChannelRead(AbstractChannelHandlerContext.java:444) ~[netty-transport-4.1.109.Final.jar:4.1.109.Final]
		at io.netty.channel.AbstractChannelHandlerContext.invokeChannelRead(AbstractChannelHandlerContext.java:420) ~[netty-transport-4.1.109.Final.jar:4.1.109.Final]
		at io.netty.channel.AbstractChannelHandlerContext.fireChannelRead(AbstractChannelHandlerContext.java:412) ~[netty-transport-4.1.109.Final.jar:4.1.109.Final]
		at io.netty.handler.codec.MessageToMessageDecoder.channelRead(MessageToMessageDecoder.java:103) ~[netty-codec-4.1.109.Final.jar:4.1.109.Final]
		at io.netty.channel.AbstractChannelHandlerContext.invokeChannelRead(AbstractChannelHandlerContext.java:444) ~[netty-transport-4.1.109.Final.jar:4.1.109.Final]
		at io.netty.channel.AbstractChannelHandlerContext.invokeChannelRead(AbstractChannelHandlerContext.java:420) ~[netty-transport-4.1.109.Final.jar:4.1.109.Final]
		at io.netty.channel.AbstractChannelHandlerContext.fireChannelRead(AbstractChannelHandlerContext.java:412) ~[netty-transport-4.1.109.Final.jar:4.1.109.Final]
		at io.netty.channel.CombinedChannelDuplexHandler$DelegatingChannelHandlerContext.fireChannelRead(CombinedChannelDuplexHandler.java:436) ~[netty-transport-4.1.109.Final.jar:4.1.109.Final]
		at io.netty.handler.codec.ByteToMessageDecoder.fireChannelRead(ByteToMessageDecoder.java:346) ~[netty-codec-4.1.109.Final.jar:4.1.109.Final]
		at io.netty.handler.codec.ByteToMessageDecoder.channelRead(ByteToMessageDecoder.java:318) ~[netty-codec-4.1.109.Final.jar:4.1.109.Final]
		at io.netty.channel.CombinedChannelDuplexHandler.channelRead(CombinedChannelDuplexHandler.java:251) ~[netty-transport-4.1.109.Final.jar:4.1.109.Final]
		at io.netty.channel.AbstractChannelHandlerContext.invokeChannelRead(AbstractChannelHandlerContext.java:442) ~[netty-transport-4.1.109.Final.jar:4.1.109.Final]
		at io.netty.channel.AbstractChannelHandlerContext.invokeChannelRead(AbstractChannelHandlerContext.java:420) ~[netty-transport-4.1.109.Final.jar:4.1.109.Final]
		at io.netty.channel.AbstractChannelHandlerContext.fireChannelRead(AbstractChannelHandlerContext.java:412) ~[netty-transport-4.1.109.Final.jar:4.1.109.Final]
		at io.netty.handler.ssl.SslHandler.unwrap(SslHandler.java:1475) ~[netty-handler-4.1.109.Final.jar:4.1.109.Final]
		at io.netty.handler.ssl.SslHandler.decodeJdkCompatible(SslHandler.java:1338) ~[netty-handler-4.1.109.Final.jar:4.1.109.Final]
		at io.netty.handler.ssl.SslHandler.decode(SslHandler.java:1387) ~[netty-handler-4.1.109.Final.jar:4.1.109.Final]
		at io.netty.handler.codec.ByteToMessageDecoder.decodeRemovalReentryProtection(ByteToMessageDecoder.java:530) ~[netty-codec-4.1.109.Final.jar:4.1.109.Final]
		at io.netty.handler.codec.ByteToMessageDecoder.callDecode(ByteToMessageDecoder.java:469) ~[netty-codec-4.1.109.Final.jar:4.1.109.Final]
		at io.netty.handler.codec.ByteToMessageDecoder.channelRead(ByteToMessageDecoder.java:290) ~[netty-codec-4.1.109.Final.jar:4.1.109.Final]
		at io.netty.channel.AbstractChannelHandlerContext.invokeChannelRead(AbstractChannelHandlerContext.java:444) ~[netty-transport-4.1.109.Final.jar:4.1.109.Final]
		at io.netty.channel.AbstractChannelHandlerContext.invokeChannelRead(AbstractChannelHandlerContext.java:420) ~[netty-transport-4.1.109.Final.jar:4.1.109.Final]
		at io.netty.channel.AbstractChannelHandlerContext.fireChannelRead(AbstractChannelHandlerContext.java:412) ~[netty-transport-4.1.109.Final.jar:4.1.109.Final]
		at io.netty.channel.DefaultChannelPipeline$HeadContext.channelRead(DefaultChannelPipeline.java:1410) ~[netty-transport-4.1.109.Final.jar:4.1.109.Final]
		at io.netty.channel.AbstractChannelHandlerContext.invokeChannelRead(AbstractChannelHandlerContext.java:440) ~[netty-transport-4.1.109.Final.jar:4.1.109.Final]
		at io.netty.channel.AbstractChannelHandlerContext.invokeChannelRead(AbstractChannelHandlerContext.java:420) ~[netty-transport-4.1.109.Final.jar:4.1.109.Final]
		at io.netty.channel.DefaultChannelPipeline.fireChannelRead(DefaultChannelPipeline.java:919) ~[netty-transport-4.1.109.Final.jar:4.1.109.Final]
		at io.netty.channel.epoll.AbstractEpollStreamChannel$EpollStreamUnsafe.epollInReady(AbstractEpollStreamChannel.java:801) ~[netty-transport-classes-epoll-4.1.109.Final.jar:4.1.109.Final]
		at io.netty.channel.epoll.EpollEventLoop.processReady(EpollEventLoop.java:501) ~[netty-transport-classes-epoll-4.1.109.Final.jar:4.1.109.Final]
		at io.netty.channel.epoll.EpollEventLoop.run(EpollEventLoop.java:399) ~[netty-transport-classes-epoll-4.1.109.Final.jar:4.1.109.Final]
		at io.netty.util.concurrent.SingleThreadEventExecutor$4.run(SingleThreadEventExecutor.java:997) ~[netty-common-4.1.109.Final.jar:4.1.109.Final]
		at io.netty.util.internal.ThreadExecutorMap$2.run(ThreadExecutorMap.java:74) ~[netty-common-4.1.109.Final.jar:4.1.109.Final]
		at io.netty.util.concurrent.FastThreadLocalRunnable.run(FastThreadLocalRunnable.java:30) ~[netty-common-4.1.109.Final.jar:4.1.109.Final]
		at java.base/java.lang.Thread.run(Thread.java:1583) ~[na:na]
	Suppressed: java.lang.Exception: #block terminated with an error
		at reactor.core.publisher.BlockingSingleSubscriber.blockingGet(BlockingSingleSubscriber.java:104) ~[reactor-core-3.6.5.jar:3.6.5]
		at reactor.core.publisher.Mono.block(Mono.java:1779) ~[reactor-core-3.6.5.jar:3.6.5]
		at com.marketinghub.facebookadsworker.facebookcampaign.FacebookCampaignStatusSnapshotClient.fetch(FacebookCampaignStatusSnapshotClient.java:34) ~[classes/:na]
		at com.marketinghub.facebookadsworker.facebookcampaign.FacebookCampaignMetricsService.syncStatusSnapshot(FacebookCampaignMetricsService.java:139) ~[classes/:na]
		at com.marketinghub.facebookadsworker.facebookcampaign.FacebookCampaignMetricsService.processTarget(FacebookCampaignMetricsService.java:103) ~[classes/:na]
		at com.marketinghub.facebookadsworker.facebookcampaign.FacebookCampaignMetricsService.syncCampaignMetrics(FacebookCampaignMetricsService.java:94) ~[classes/:na]
		at com.marketinghub.facebookadsworker.facebookcampaign.FacebookCampaignMetricsScheduler.scheduleMetricsSync(FacebookCampaignMetricsScheduler.java:16) ~[classes/:na]
		at java.base/jdk.internal.reflect.DirectMethodHandleAccessor.invoke(DirectMethodHandleAccessor.java:103) ~[na:na]
		at java.base/java.lang.reflect.Method.invoke(Method.java:580) ~[na:na]
		at org.springframework.scheduling.support.ScheduledMethodRunnable.runInternal(ScheduledMethodRunnable.java:130) ~[spring-context-6.1.6.jar:6.1.6]
		at org.springframework.scheduling.support.ScheduledMethodRunnable.lambda$run$2(ScheduledMethodRunnable.java:124) ~[spring-context-6.1.6.jar:6.1.6]
		at io.micrometer.observation.Observation.observe(Observation.java:499) ~[micrometer-observation-1.12.5.jar:1.12.5]
		at org.springframework.scheduling.support.ScheduledMethodRunnable.run(ScheduledMethodRunnable.java:124) ~[spring-context-6.1.6.jar:6.1.6]
		at org.springframework.scheduling.support.DelegatingErrorHandlingRunnable.run(DelegatingErrorHandlingRunnable.java:54) ~[spring-context-6.1.6.jar:6.1.6]
		at java.base/java.util.concurrent.Executors$RunnableAdapter.call(Executors.java:572) ~[na:na]
		at java.base/java.util.concurrent.FutureTask.runAndReset(FutureTask.java:358) ~[na:na]
		at java.base/java.util.concurrent.ScheduledThreadPoolExecutor$ScheduledFutureTask.run(ScheduledThreadPoolExecutor.java:305) ~[na:na]
		at java.base/java.util.concurrent.ThreadPoolExecutor.runWorker(ThreadPoolExecutor.java:1144) ~[na:na]
		at java.base/java.util.concurrent.ThreadPoolExecutor$Worker.run(ThreadPoolExecutor.java:642) ~[na:na]
		at java.base/java.lang.Thread.run(Thread.java:1583) ~[na:na]

2026-07-16T05:13:51.292Z ERROR 12775 --- [facebook-ads-worker] [scheduling-1] c.m.f.FacebookAdsService                 : Facebook API GET request failed: path<==/v23.0/insights?access_token=EAA...Iqn&date_preset=maximum&fields=campaign_name,reach,impressions,clicks,spend,actions,date_start,date_stop&time_increment=all_days, status=400, responseBody={"e..."}}, errorDetails={"type":"GraphMethodException","code":100,"error_subcode":33,"message":"Unsupported get request. Object with ID 'insights' does not exist, cannot be loaded due to missing permissions, or does not support this operation. Please read the Graph API documentation at https://developers.facebook.com/docs/graph-api","fbtrace_id":"AQHt0FbDUT-7tnmIk_pQB_H"}

org.springframework.web.reactive.function.client.WebClientResponseException$BadRequest: 400 Bad Request from GET https://graph.facebook.com/v23.0/insights
	at org.springframework.web.reactive.function.client.WebClientResponseException.create(WebClientResponseException.java:307) ~[spring-webflux-6.1.6.jar:6.1.6]
	at org.springframework.web.reactive.function.client.DefaultClientResponse.lambda$createException$1(DefaultClientResponse.java:214) ~[spring-webflux-6.1.6.jar:6.1.6]
	at reactor.core.publisher.FluxMap$MapSubscriber.onNext(FluxMap.java:106) ~[reactor-core-3.6.5.jar:3.6.5]
	at reactor.core.publisher.FluxOnErrorReturn$ReturnSubscriber.onNext(FluxOnErrorReturn.java:162) ~[reactor-core-3.6.5.jar:3.6.5]
	at reactor.core.publisher.FluxDefaultIfEmpty$DefaultIfEmptySubscriber.onNext(FluxDefaultIfEmpty.java:122) ~[reactor-core-3.6.5.jar:3.6.5]
	at reactor.core.publisher.FluxOnAssembly$OnAssemblySubscriber.onNext(FluxOnAssembly.java:539) ~[reactor-core-3.6.5.jar:3.6.5]
	at reactor.core.publisher.FluxMapFuseable$MapFuseableSubscriber.onNext(FluxMapFuseable.java:129) ~[reactor-core-3.6.5.jar:3.6.5]
	at reactor.core.publisher.FluxContextWrite$ContextWriteSubscriber.onNext(FluxContextWrite.java:107) ~[reactor-core-3.6.5.jar:3.6.5]
	at reactor.core.publisher.FluxMapFuseable$MapFuseableConditionalSubscriber.onNext(FluxMapFuseable.java:299) ~[reactor-core-3.6.5.jar:3.6.5]
	at reactor.core.publisher.FluxFilterFuseable$FilterFuseableConditionalSubscriber.onNext(FluxFilterFuseable.java:337) ~[reactor-core-3.6.5.jar:3.6.5]
	at reactor.core.publisher.Operators$BaseFluxToMonoOperator.completePossiblyEmpty(Operators.java:2097) ~[reactor-core-3.6.5.jar:3.6.5]
	at reactor.core.publisher.MonoCollect$CollectSubscriber.onComplete(MonoCollect.java:145) ~[reactor-core-3.6.5.jar:3.6.5]
	at reactor.core.publisher.FluxMap$MapSubscriber.onComplete(FluxMap.java:144) ~[reactor-core-3.6.5.jar:3.6.5]
	at reactor.core.publisher.FluxPeek$PeekSubscriber.onComplete(FluxPeek.java:260) ~[reactor-core-3.6.5.jar:3.6.5]
	at reactor.core.publisher.FluxMap$MapSubscriber.onComplete(FluxMap.java:144) ~[reactor-core-3.6.5.jar:3.6.5]
	at reactor.netty.channel.FluxReceive.onInboundComplete(FluxReceive.java:415) ~[reactor-netty-core-1.1.18.jar:1.1.18]
	at reactor.netty.channel.ChannelOperations.onInboundComplete(ChannelOperations.java:446) ~[reactor-netty-core-1.1.18.jar:1.1.18]
	at reactor.netty.channel.ChannelOperations.terminate(ChannelOperations.java:500) ~[reactor-netty-core-1.1.18.jar:1.1.18]
	at reactor.netty.http.client.HttpClientOperations.onInboundNext(HttpClientOperations.java:793) ~[reactor-netty-http-1.1.18.jar:1.1.18]
	at reactor.netty.channel.ChannelOperationsHandler.channelRead(ChannelOperationsHandler.java:114) ~[reactor-netty-core-1.1.18.jar:1.1.18]
	at io.netty.channel.AbstractChannelHandlerContext.invokeChannelRead(AbstractChannelHandlerContext.java:444) ~[netty-transport-4.1.109.Final.jar:4.1.109.Final]
	at io.netty.channel.AbstractChannelHandlerContext.invokeChannelRead(AbstractChannelHandlerContext.java:420) ~[netty-transport-4.1.109.Final.jar:4.1.109.Final]
	at io.netty.channel.AbstractChannelHandlerContext.fireChannelRead(AbstractChannelHandlerContext.java:412) ~[netty-transport-4.1.109.Final.jar:4.1.109.Final]
	at io.netty.handler.codec.MessageToMessageDecoder.channelRead(MessageToMessageDecoder.java:103) ~[netty-codec-4.1.109.Final.jar:4.1.109.Final]
	at io.netty.channel.AbstractChannelHandlerContext.invokeChannelRead(AbstractChannelHandlerContext.java:444) ~[netty-transport-4.1.109.Final.jar:4.1.109.Final]
	at io.netty.channel.AbstractChannelHandlerContext.invokeChannelRead(AbstractChannelHandlerContext.java:420) ~[netty-transport-4.1.109.Final.jar:4.1.109.Final]
	at io.netty.channel.AbstractChannelHandlerContext.fireChannelRead(AbstractChannelHandlerContext.java:412) ~[netty-transport-4.1.109.Final.jar:4.1.109.Final]
	at io.netty.channel.CombinedChannelDuplexHandler$DelegatingChannelHandlerContext.fireChannelRead(CombinedChannelDuplexHandler.java:436) ~[netty-transport-4.1.109.Final.jar:4.1.109.Final]
	at io.netty.handler.codec.ByteToMessageDecoder.fireChannelRead(ByteToMessageDecoder.java:346) ~[netty-codec-4.1.109.Final.jar:4.1.109.Final]
	at io.netty.handler.codec.ByteToMessageDecoder.channelRead(ByteToMessageDecoder.java:318) ~[netty-codec-4.1.109.Final.jar:4.1.109.Final]
	at io.netty.channel.CombinedChannelDuplexHandler.channelRead(CombinedChannelDuplexHandler.java:251) ~[netty-transport-4.1.109.Final.jar:4.1.109.Final]
	at io.netty.channel.AbstractChannelHandlerContext.invokeChannelRead(AbstractChannelHandlerContext.java:442) ~[netty-transport-4.1.109.Final.jar:4.1.109.Final]
	at io.netty.channel.AbstractChannelHandlerContext.invokeChannelRead(AbstractChannelHandlerContext.java:420) ~[netty-transport-4.1.109.Final.jar:4.1.109.Final]
	at io.netty.channel.AbstractChannelHandlerContext.fireChannelRead(AbstractChannelHandlerContext.java:412) ~[netty-transport-4.1.109.Final.jar:4.1.109.Final]
	at io.netty.handler.ssl.SslHandler.unwrap(SslHandler.java:1475) ~[netty-handler-4.1.109.Final.jar:4.1.109.Final]
	at io.netty.handler.ssl.SslHandler.decodeJdkCompatible(SslHandler.java:1338) ~[netty-handler-4.1.109.Final.jar:4.1.109.Final]
	at io.netty.handler.ssl.SslHandler.decode(SslHandler.java:1387) ~[netty-handler-4.1.109.Final.jar:4.1.109.Final]
	at io.netty.handler.codec.ByteToMessageDecoder.decodeRemovalReentryProtection(ByteToMessageDecoder.java:530) ~[netty-codec-4.1.109.Final.jar:4.1.109.Final]
	at io.netty.handler.codec.ByteToMessageDecoder.callDecode(ByteToMessageDecoder.java:469) ~[netty-codec-4.1.109.Final.jar:4.1.109.Final]
	at io.netty.handler.codec.ByteToMessageDecoder.channelRead(ByteToMessageDecoder.java:290) ~[netty-codec-4.1.109.Final.jar:4.1.109.Final]
	at io.netty.channel.AbstractChannelHandlerContext.invokeChannelRead(AbstractChannelHandlerContext.java:444) ~[netty-transport-4.1.109.Final.jar:4.1.109.Final]
	at io.netty.channel.AbstractChannelHandlerContext.invokeChannelRead(AbstractChannelHandlerContext.java:420) ~[netty-transport-4.1.109.Final.jar:4.1.109.Final]
	at io.netty.channel.AbstractChannelHandlerContext.fireChannelRead(AbstractChannelHandlerContext.java:412) ~[netty-transport-4.1.109.Final.jar:4.1.109.Final]
	at io.netty.channel.DefaultChannelPipeline$HeadContext.channelRead(DefaultChannelPipeline.java:1410) ~[netty-transport-4.1.109.Final.jar:4.1.109.Final]
	at io.netty.channel.AbstractChannelHandlerContext.invokeChannelRead(AbstractChannelHandlerContext.java:440) ~[netty-transport-4.1.109.Final.jar:4.1.109.Final]
	at io.netty.channel.AbstractChannelHandlerContext.invokeChannelRead(AbstractChannelHandlerContext.java:420) ~[netty-transport-4.1.109.Final.jar:4.1.109.Final]
	at io.netty.channel.DefaultChannelPipeline.fireChannelRead(DefaultChannelPipeline.java:919) ~[netty-transport-4.1.109.Final.jar:4.1.109.Final]
	at io.netty.channel.epoll.AbstractEpollStreamChannel$EpollStreamUnsafe.epollInReady(AbstractEpollStreamChannel.java:801) ~[netty-transport-classes-epoll-4.1.109.Final.jar:4.1.109.Final]
	at io.netty.channel.epoll.EpollEventLoop.processReady(EpollEventLoop.java:501) ~[netty-transport-classes-epoll-4.1.109.Final.jar:4.1.109.Final]
	at io.netty.channel.epoll.EpollEventLoop.run(EpollEventLoop.java:399) ~[netty-transport-classes-epoll-4.1.109.Final.jar:4.1.109.Final]
	at io.netty.util.concurrent.SingleThreadEventExecutor$4.run(SingleThreadEventExecutor.java:997) ~[netty-common-4.1.109.Final.jar:4.1.109.Final]
	at io.netty.util.internal.ThreadExecutorMap$2.run(ThreadExecutorMap.java:74) ~[netty-common-4.1.109.Final.jar:4.1.109.Final]
	at io.netty.util.concurrent.FastThreadLocalRunnable.run(FastThreadLocalRunnable.java:30) ~[netty-common-4.1.109.Final.jar:4.1.109.Final]
	at java.base/java.lang.Thread.run(Thread.java:1583) ~[na:na]
	Suppressed: java.lang.Exception: #block terminated with an error
		at reactor.core.publisher.BlockingSingleSubscriber.blockingGet(BlockingSingleSubscriber.java:104) ~[reactor-core-3.6.5.jar:3.6.5]
		at reactor.core.publisher.Mono.block(Mono.java:1779) ~[reactor-core-3.6.5.jar:3.6.5]
		at com.marketinghub.facebookadsworker.FacebookAdsService.executeGet(FacebookAdsService.java:2702) ~[classes/:na]
		at com.marketinghub.facebookadsworker.FacebookAdsService.getCampaignInsights(FacebookAdsService.java:2289) ~[classes/:na]
		at com.marketinghub.facebookadsworker.facebookcampaign.FacebookCampaignMetricsService.processTarget(FacebookCampaignMetricsService.java:104) ~[classes/:na]
		at com.marketinghub.facebookadsworker.facebookcampaign.FacebookCampaignMetricsService.syncCampaignMetrics(FacebookCampaignMetricsService.java:94) ~[classes/:na]
		at com.marketinghub.facebookadsworker.facebookcampaign.FacebookCampaignMetricsScheduler.scheduleMetricsSync(FacebookCampaignMetricsScheduler.java:16) ~[classes/:na]
		at java.base/jdk.internal.reflect.DirectMethodHandleAccessor.invoke(DirectMethodHandleAccessor.java:103) ~[na:na]
		at java.base/java.lang.reflect.Method.invoke(Method.java:580) ~[na:na]
		at org.springframework.scheduling.support.ScheduledMethodRunnable.runInternal(ScheduledMethodRunnable.java:130) ~[spring-context-6.1.6.jar:6.1.6]
		at org.springframework.scheduling.support.ScheduledMethodRunnable.lambda$run$2(ScheduledMethodRunnable.java:124) ~[spring-context-6.1.6.jar:6.1.6]
		at io.micrometer.observation.Observation.observe(Observation.java:499) ~[micrometer-observation-1.12.5.jar:1.12.5]
		at org.springframework.scheduling.support.ScheduledMethodRunnable.run(ScheduledMethodRunnable.java:124) ~[spring-context-6.1.6.jar:6.1.6]
		at org.springframework.scheduling.support.DelegatingErrorHandlingRunnable.run(DelegatingErrorHandlingRunnable.java:54) ~[spring-context-6.1.6.jar:6.1.6]
		at java.base/java.util.concurrent.Executors$RunnableAdapter.call(Executors.java:572) ~[na:na]
		at java.base/java.util.concurrent.FutureTask.runAndReset(FutureTask.java:358) ~[na:na]
		at java.base/java.util.concurrent.ScheduledThreadPoolExecutor$ScheduledFutureTask.run(ScheduledThreadPoolExecutor.java:305) ~[na:na]
		at java.base/java.util.concurrent.ThreadPoolExecutor.runWorker(ThreadPoolExecutor.java:1144) ~[na:na]
		at java.base/java.util.concurrent.ThreadPoolExecutor$Worker.run(ThreadPoolExecutor.java:642) ~[na:na]
		... 1 common frames omitted

2026-07-16T05:13:51.295Z  WARN 12775 --- [facebook-ads-worker] [scheduling-1] c.m.f.f.FacebookCampaignMetricsService   : Unexpected error while syncing metrics for campaign : 400 Bad Request from GET https://graph.facebook.com/v23.0/insights

org.springframework.web.reactive.function.client.WebClientResponseException$BadRequest: 400 Bad Request from GET https://graph.facebook.com/v23.0/insights
	at org.springframework.web.reactive.function.client.WebClientResponseException.create(WebClientResponseException.java:307) ~[spring-webflux-6.1.6.jar:6.1.6]
	at org.springframework.web.reactive.function.client.DefaultClientResponse.lambda$createException$1(DefaultClientResponse.java:214) ~[spring-webflux-6.1.6.jar:6.1.6]
	at reactor.core.publisher.FluxMap$MapSubscriber.onNext(FluxMap.java:106) ~[reactor-core-3.6.5.jar:3.6.5]
	at reactor.core.publisher.FluxOnErrorReturn$ReturnSubscriber.onNext(FluxOnErrorReturn.java:162) ~[reactor-core-3.6.5.jar:3.6.5]
	at reactor.core.publisher.FluxDefaultIfEmpty$DefaultIfEmptySubscriber.onNext(FluxDefaultIfEmpty.java:122) ~[reactor-core-3.6.5.jar:3.6.5]
	at reactor.core.publisher.FluxOnAssembly$OnAssemblySubscriber.onNext(FluxOnAssembly.java:539) ~[reactor-core-3.6.5.jar:3.6.5]
	at reactor.core.publisher.FluxMapFuseable$MapFuseableSubscriber.onNext(FluxMapFuseable.java:129) ~[reactor-core-3.6.5.jar:3.6.5]
	at reactor.core.publisher.FluxContextWrite$ContextWriteSubscriber.onNext(FluxContextWrite.java:107) ~[reactor-core-3.6.5.jar:3.6.5]
	at reactor.core.publisher.FluxMapFuseable$MapFuseableConditionalSubscriber.onNext(FluxMapFuseable.java:299) ~[reactor-core-3.6.5.jar:3.6.5]
	at reactor.core.publisher.FluxFilterFuseable$FilterFuseableConditionalSubscriber.onNext(FluxFilterFuseable.java:337) ~[reactor-core-3.6.5.jar:3.6.5]
	at reactor.core.publisher.Operators$BaseFluxToMonoOperator.completePossiblyEmpty(Operators.java:2097) ~[reactor-core-3.6.5.jar:3.6.5]
	at reactor.core.publisher.MonoCollect$CollectSubscriber.onComplete(MonoCollect.java:145) ~[reactor-core-3.6.5.jar:3.6.5]
	at reactor.core.publisher.FluxMap$MapSubscriber.onComplete(FluxMap.java:144) ~[reactor-core-3.6.5.jar:3.6.5]
	at reactor.core.publisher.FluxPeek$PeekSubscriber.onComplete(FluxPeek.java:260) ~[reactor-core-3.6.5.jar:3.6.5]
	at reactor.core.publisher.FluxMap$MapSubscriber.onComplete(FluxMap.java:144) ~[reactor-core-3.6.5.jar:3.6.5]
	at reactor.netty.channel.FluxReceive.onInboundComplete(FluxReceive.java:415) ~[reactor-netty-core-1.1.18.jar:1.1.18]
	at reactor.netty.channel.ChannelOperations.onInboundComplete(ChannelOperations.java:446) ~[reactor-netty-core-1.1.18.jar:1.1.18]
	at reactor.netty.channel.ChannelOperations.terminate(ChannelOperations.java:500) ~[reactor-netty-core-1.1.18.jar:1.1.18]
	at reactor.netty.http.client.HttpClientOperations.onInboundNext(HttpClientOperations.java:793) ~[reactor-netty-http-1.1.18.jar:1.1.18]
	at reactor.netty.channel.ChannelOperationsHandler.channelRead(ChannelOperationsHandler.java:114) ~[reactor-netty-core-1.1.18.jar:1.1.18]
	at io.netty.channel.AbstractChannelHandlerContext.invokeChannelRead(AbstractChannelHandlerContext.java:444) ~[netty-transport-4.1.109.Final.jar:4.1.109.Final]
	at io.netty.channel.AbstractChannelHandlerContext.invokeChannelRead(AbstractChannelHandlerContext.java:420) ~[netty-transport-4.1.109.Final.jar:4.1.109.Final]
	at io.netty.channel.AbstractChannelHandlerContext.fireChannelRead(AbstractChannelHandlerContext.java:412) ~[netty-transport-4.1.109.Final.jar:4.1.109.Final]
	at io.netty.handler.codec.MessageToMessageDecoder.channelRead(MessageToMessageDecoder.java:103) ~[netty-codec-4.1.109.Final.jar:4.1.109.Final]
	at io.netty.channel.AbstractChannelHandlerContext.invokeChannelRead(AbstractChannelHandlerContext.java:444) ~[netty-transport-4.1.109.Final.jar:4.1.109.Final]
	at io.netty.channel.AbstractChannelHandlerContext.invokeChannelRead(AbstractChannelHandlerContext.java:420) ~[netty-transport-4.1.109.Final.jar:4.1.109.Final]
	at io.netty.channel.AbstractChannelHandlerContext.fireChannelRead(AbstractChannelHandlerContext.java:412) ~[netty-transport-4.1.109.Final.jar:4.1.109.Final]
	at io.netty.channel.CombinedChannelDuplexHandler$DelegatingChannelHandlerContext.fireChannelRead(CombinedChannelDuplexHandler.java:436) ~[netty-transport-4.1.109.Final.jar:4.1.109.Final]
	at io.netty.handler.codec.ByteToMessageDecoder.fireChannelRead(ByteToMessageDecoder.java:346) ~[netty-codec-4.1.109.Final.jar:4.1.109.Final]
	at io.netty.handler.codec.ByteToMessageDecoder.channelRead(ByteToMessageDecoder.java:318) ~[netty-codec-4.1.109.Final.jar:4.1.109.Final]
	at io.netty.channel.CombinedChannelDuplexHandler.channelRead(CombinedChannelDuplexHandler.java:251) ~[netty-transport-4.1.109.Final.jar:4.1.109.Final]
	at io.netty.channel.AbstractChannelHandlerContext.invokeChannelRead(AbstractChannelHandlerContext.java:442) ~[netty-transport-4.1.109.Final.jar:4.1.109.Final]
	at io.netty.channel.AbstractChannelHandlerContext.invokeChannelRead(AbstractChannelHandlerContext.java:420) ~[netty-transport-4.1.109.Final.jar:4.1.109.Final]
	at io.netty.channel.AbstractChannelHandlerContext.fireChannelRead(AbstractChannelHandlerContext.java:412) ~[netty-transport-4.1.109.Final.jar:4.1.109.Final]
	at io.netty.handler.ssl.SslHandler.unwrap(SslHandler.java:1475) ~[netty-handler-4.1.109.Final.jar:4.1.109.Final]
	at io.netty.handler.ssl.SslHandler.decodeJdkCompatible(SslHandler.java:1338) ~[netty-handler-4.1.109.Final.jar:4.1.109.Final]
	at io.netty.handler.ssl.SslHandler.decode(SslHandler.java:1387) ~[netty-handler-4.1.109.Final.jar:4.1.109.Final]
	at io.netty.handler.codec.ByteToMessageDecoder.decodeRemovalReentryProtection(ByteToMessageDecoder.java:530) ~[netty-codec-4.1.109.Final.jar:4.1.109.Final]
	at io.netty.handler.codec.ByteToMessageDecoder.callDecode(ByteToMessageDecoder.java:469) ~[netty-codec-4.1.109.Final.jar:4.1.109.Final]
	at io.netty.handler.codec.ByteToMessageDecoder.channelRead(ByteToMessageDecoder.java:290) ~[netty-codec-4.1.109.Final.jar:4.1.109.Final]
	at io.netty.channel.AbstractChannelHandlerContext.invokeChannelRead(AbstractChannelHandlerContext.java:444) ~[netty-transport-4.1.109.Final.jar:4.1.109.Final]
	at io.netty.channel.AbstractChannelHandlerContext.invokeChannelRead(AbstractChannelHandlerContext.java:420) ~[netty-transport-4.1.109.Final.jar:4.1.109.Final]
	at io.netty.channel.AbstractChannelHandlerContext.fireChannelRead(AbstractChannelHandlerContext.java:412) ~[netty-transport-4.1.109.Final.jar:4.1.109.Final]
	at io.netty.channel.DefaultChannelPipeline$HeadContext.channelRead(DefaultChannelPipeline.java:1410) ~[netty-transport-4.1.109.Final.jar:4.1.109.Final]
	at io.netty.channel.AbstractChannelHandlerContext.invokeChannelRead(AbstractChannelHandlerContext.java:440) ~[netty-transport-4.1.109.Final.jar:4.1.109.Final]
	at io.netty.channel.AbstractChannelHandlerContext.invokeChannelRead(AbstractChannelHandlerContext.java:420) ~[netty-transport-4.1.109.Final.jar:4.1.109.Final]
	at io.netty.channel.DefaultChannelPipeline.fireChannelRead(DefaultChannelPipeline.java:919) ~[netty-transport-4.1.109.Final.jar:4.1.109.Final]
	at io.netty.channel.epoll.AbstractEpollStreamChannel$EpollStreamUnsafe.epollInReady(AbstractEpollStreamChannel.java:801) ~[netty-transport-classes-epoll-4.1.109.Final.jar:4.1.109.Final]
	at io.netty.channel.epoll.EpollEventLoop.processReady(EpollEventLoop.java:501) ~[netty-transport-classes-epoll-4.1.109.Final.jar:4.1.109.Final]
	at io.netty.channel.epoll.EpollEventLoop.run(EpollEventLoop.java:399) ~[netty-transport-classes-epoll-4.1.109.Final.jar:4.1.109.Final]
	at io.netty.util.concurrent.SingleThreadEventExecutor$4.run(SingleThreadEventExecutor.java:997) ~[netty-common-4.1.109.Final.jar:4.1.109.Final]
	at io.netty.util.internal.ThreadExecutorMap$2.run(ThreadExecutorMap.java:74) ~[netty-common-4.1.109.Final.jar:4.1.109.Final]
	at io.netty.util.concurrent.FastThreadLocalRunnable.run(FastThreadLocalRunnable.java:30) ~[netty-common-4.1.109.Final.jar:4.1.109.Final]
	at java.base/java.lang.Thread.run(Thread.java:1583) ~[na:na]
	Suppressed: java.lang.Exception: #block terminated with an error
		at reactor.core.publisher.BlockingSingleSubscriber.blockingGet(BlockingSingleSubscriber.java:104) ~[reactor-core-3.6.5.jar:3.6.5]
		at reactor.core.publisher.Mono.block(Mono.java:1779) ~[reactor-core-3.6.5.jar:3.6.5]
		at com.marketinghub.facebookadsworker.FacebookAdsService.executeGet(FacebookAdsService.java:2702) ~[classes/:na]
		at com.marketinghub.facebookadsworker.FacebookAdsService.getCampaignInsights(FacebookAdsService.java:2289) ~[classes/:na]
		at com.marketinghub.facebookadsworker.facebookcampaign.FacebookCampaignMetricsService.processTarget(FacebookCampaignMetricsService.java:104) ~[classes/:na]
		at com.marketinghub.facebookadsworker.facebookcampaign.FacebookCampaignMetricsService.syncCampaignMetrics(FacebookCampaignMetricsService.java:94) ~[classes/:na]
		at com.marketinghub.facebookadsworker.facebookcampaign.FacebookCampaignMetricsScheduler.scheduleMetricsSync(FacebookCampaignMetricsScheduler.java:16) ~[classes/:na]
		at java.base/jdk.internal.reflect.DirectMethodHandleAccessor.invoke(DirectMethodHandleAccessor.java:103) ~[na:na]
		at java.base/java.lang.reflect.Method.invoke(Method.java:580) ~[na:na]
		at org.springframework.scheduling.support.ScheduledMethodRunnable.runInternal(ScheduledMethodRunnable.java:130) ~[spring-context-6.1.6.jar:6.1.6]
		at org.springframework.scheduling.support.ScheduledMethodRunnable.lambda$run$2(ScheduledMethodRunnable.java:124) ~[spring-context-6.1.6.jar:6.1.6]
		at io.micrometer.observation.Observation.observe(Observation.java:499) ~[micrometer-observation-1.12.5.jar:1.12.5]
		at org.springframework.scheduling.support.ScheduledMethodRunnable.run(ScheduledMethodRunnable.java:124) ~[spring-context-6.1.6.jar:6.1.6]
		at org.springframework.scheduling.support.DelegatingErrorHandlingRunnable.run(DelegatingErrorHandlingRunnable.java:54) ~[spring-context-6.1.6.jar:6.1.6]
		at java.base/java.util.concurrent.Executors$RunnableAdapter.call(Executors.java:572) ~[na:na]
		at java.base/java.util.concurrent.FutureTask.runAndReset(FutureTask.java:358) ~[na:na]
		at java.base/java.util.concurrent.ScheduledThreadPoolExecutor$ScheduledFutureTask.run(ScheduledThreadPoolExecutor.java:305) ~[na:na]
		at java.base/java.util.concurrent.ThreadPoolExecutor.runWorker(ThreadPoolExecutor.java:1144) ~[na:na]
		at java.base/java.util.concurrent.ThreadPoolExecutor$Worker.run(ThreadPoolExecutor.java:642) ~[na:na]
		... 1 common frames omitted

2026-07-16T05:13:51.425Z  WARN 12775 --- [facebook-ads-worker] [scheduling-1] c.m.f.f.FacebookCampaignMetricsService   : Could not report metrics error for campaign : 404 Not Found from POST http://191.252.181.168/api/facebook-campaigns/metrics-error

org.springframework.web.reactive.function.client.WebClientResponseException$NotFound: 404 Not Found from POST http://191.252.181.168/api/facebook-campaigns/metrics-error
	at org.springframework.web.reactive.function.client.WebClientResponseException.create(WebClientResponseException.java:310) ~[spring-webflux-6.1.6.jar:6.1.6]
	Suppressed: reactor.core.publisher.FluxOnAssembly$OnAssemblyException: 
Error has been observed at the following site(s):
	*__checkpoint ⇢ 404 NOT_FOUND from POST http://191.252.181.168/api/facebook-campaigns/metrics-error [DefaultWebClient]
Original Stack Trace:
		at org.springframework.web.reactive.function.client.WebClientResponseException.create(WebClientResponseException.java:310) ~[spring-webflux-6.1.6.jar:6.1.6]
		at org.springframework.web.reactive.function.client.DefaultClientResponse.lambda$createException$1(DefaultClientResponse.java:214) ~[spring-webflux-6.1.6.jar:6.1.6]
		at reactor.core.publisher.FluxMap$MapSubscriber.onNext(FluxMap.java:106) ~[reactor-core-3.6.5.jar:3.6.5]
		at reactor.core.publisher.FluxOnErrorReturn$ReturnSubscriber.onNext(FluxOnErrorReturn.java:162) ~[reactor-core-3.6.5.jar:3.6.5]
		at reactor.core.publisher.FluxDefaultIfEmpty$DefaultIfEmptySubscriber.onNext(FluxDefaultIfEmpty.java:122) ~[reactor-core-3.6.5.jar:3.6.5]
		at reactor.core.publisher.FluxMapFuseable$MapFuseableSubscriber.onNext(FluxMapFuseable.java:129) ~[reactor-core-3.6.5.jar:3.6.5]
		at reactor.core.publisher.FluxContextWrite$ContextWriteSubscriber.onNext(FluxContextWrite.java:107) ~[reactor-core-3.6.5.jar:3.6.5]
		at reactor.core.publisher.FluxMapFuseable$MapFuseableConditionalSubscriber.onNext(FluxMapFuseable.java:299) ~[reactor-core-3.6.5.jar:3.6.5]
		at reactor.core.publisher.FluxFilterFuseable$FilterFuseableConditionalSubscriber.onNext(FluxFilterFuseable.java:337) ~[reactor-core-3.6.5.jar:3.6.5]
		at reactor.core.publisher.Operators$BaseFluxToMonoOperator.completePossiblyEmpty(Operators.java:2097) ~[reactor-core-3.6.5.jar:3.6.5]
		at reactor.core.publisher.MonoCollect$CollectSubscriber.onComplete(MonoCollect.java:145) ~[reactor-core-3.6.5.jar:3.6.5]
		at reactor.core.publisher.FluxMap$MapSubscriber.onComplete(FluxMap.java:144) ~[reactor-core-3.6.5.jar:3.6.5]
		at reactor.core.publisher.FluxPeek$PeekSubscriber.onComplete(FluxPeek.java:260) ~[reactor-core-3.6.5.jar:3.6.5]
		at reactor.core.publisher.FluxMap$MapSubscriber.onComplete(FluxMap.java:144) ~[reactor-core-3.6.5.jar:3.6.5]
		at reactor.netty.channel.FluxReceive.onInboundComplete(FluxReceive.java:415) ~[reactor-netty-core-1.1.18.jar:1.1.18]
		at reactor.netty.channel.ChannelOperations.onInboundComplete(ChannelOperations.java:446) ~[reactor-netty-core-1.1.18.jar:1.1.18]
		at reactor.netty.channel.ChannelOperations.terminate(ChannelOperations.java:500) ~[reactor-netty-core-1.1.18.jar:1.1.18]
		at reactor.netty.http.client.HttpClientOperations.onInboundNext(HttpClientOperations.java:793) ~[reactor-netty-http-1.1.18.jar:1.1.18]
		at reactor.netty.channel.ChannelOperationsHandler.channelRead(ChannelOperationsHandler.java:114) ~[reactor-netty-core-1.1.18.jar:1.1.18]
		at io.netty.channel.AbstractChannelHandlerContext.invokeChannelRead(AbstractChannelHandlerContext.java:444) ~[netty-transport-4.1.109.Final.jar:4.1.109.Final]
		at io.netty.channel.AbstractChannelHandlerContext.invokeChannelRead(AbstractChannelHandlerContext.java:420) ~[netty-transport-4.1.109.Final.jar:4.1.109.Final]
		at io.netty.channel.AbstractChannelHandlerContext.fireChannelRead(AbstractChannelHandlerContext.java:412) ~[netty-transport-4.1.109.Final.jar:4.1.109.Final]
		at io.netty.handler.codec.MessageToMessageDecoder.channelRead(MessageToMessageDecoder.java:103) ~[netty-codec-4.1.109.Final.jar:4.1.109.Final]
		at io.netty.channel.AbstractChannelHandlerContext.invokeChannelRead(AbstractChannelHandlerContext.java:444) ~[netty-transport-4.1.109.Final.jar:4.1.109.Final]
		at io.netty.channel.AbstractChannelHandlerContext.invokeChannelRead(AbstractChannelHandlerContext.java:420) ~[netty-transport-4.1.109.Final.jar:4.1.109.Final]
		at io.netty.channel.AbstractChannelHandlerContext.fireChannelRead(AbstractChannelHandlerContext.java:412) ~[netty-transport-4.1.109.Final.jar:4.1.109.Final]
		at io.netty.channel.CombinedChannelDuplexHandler$DelegatingChannelHandlerContext.fireChannelRead(CombinedChannelDuplexHandler.java:436) ~[netty-transport-4.1.109.Final.jar:4.1.109.Final]
		at io.netty.handler.codec.ByteToMessageDecoder.fireChannelRead(ByteToMessageDecoder.java:346) ~[netty-codec-4.1.109.Final.jar:4.1.109.Final]
		at io.netty.handler.codec.ByteToMessageDecoder.channelRead(ByteToMessageDecoder.java:318) ~[netty-codec-4.1.109.Final.jar:4.1.109.Final]
		at io.netty.channel.CombinedChannelDuplexHandler.channelRead(CombinedChannelDuplexHandler.java:251) ~[netty-transport-4.1.109.Final.jar:4.1.109.Final]
		at io.netty.channel.AbstractChannelHandlerContext.invokeChannelRead(AbstractChannelHandlerContext.java:442) ~[netty-transport-4.1.109.Final.jar:4.1.109.Final]
		at io.netty.channel.AbstractChannelHandlerContext.invokeChannelRead(AbstractChannelHandlerContext.java:420) ~[netty-transport-4.1.109.Final.jar:4.1.109.Final]
		at io.netty.channel.AbstractChannelHandlerContext.fireChannelRead(AbstractChannelHandlerContext.java:412) ~[netty-transport-4.1.109.Final.jar:4.1.109.Final]
		at io.netty.channel.DefaultChannelPipeline$HeadContext.channelRead(DefaultChannelPipeline.java:1410) ~[netty-transport-4.1.109.Final.jar:4.1.109.Final]
		at io.netty.channel.AbstractChannelHandlerContext.invokeChannelRead(AbstractChannelHandlerContext.java:440) ~[netty-transport-4.1.109.Final.jar:4.1.109.Final]
		at io.netty.channel.AbstractChannelHandlerContext.invokeChannelRead(AbstractChannelHandlerContext.java:420) ~[netty-transport-4.1.109.Final.jar:4.1.109.Final]
		at io.netty.channel.DefaultChannelPipeline.fireChannelRead(DefaultChannelPipeline.java:919) ~[netty-transport-4.1.109.Final.jar:4.1.109.Final]
		at io.netty.channel.epoll.AbstractEpollStreamChannel$EpollStreamUnsafe.epollInReady(AbstractEpollStreamChannel.java:801) ~[netty-transport-classes-epoll-4.1.109.Final.jar:4.1.109.Final]
		at io.netty.channel.epoll.EpollEventLoop.processReady(EpollEventLoop.java:501) ~[netty-transport-classes-epoll-4.1.109.Final.jar:4.1.109.Final]
		at io.netty.channel.epoll.EpollEventLoop.run(EpollEventLoop.java:399) ~[netty-transport-classes-epoll-4.1.109.Final.jar:4.1.109.Final]
		at io.netty.util.concurrent.SingleThreadEventExecutor$4.run(SingleThreadEventExecutor.java:997) ~[netty-common-4.1.109.Final.jar:4.1.109.Final]
		at io.netty.util.internal.ThreadExecutorMap$2.run(ThreadExecutorMap.java:74) ~[netty-common-4.1.109.Final.jar:4.1.109.Final]
		at io.netty.util.concurrent.FastThreadLocalRunnable.run(FastThreadLocalRunnable.java:30) ~[netty-common-4.1.109.Final.jar:4.1.109.Final]
		at java.base/java.lang.Thread.run(Thread.java:1583) ~[na:na]
	Suppressed: java.lang.Exception: #block terminated with an error
		at reactor.core.publisher.BlockingSingleSubscriber.blockingGet(BlockingSingleSubscriber.java:104) ~[reactor-core-3.6.5.jar:3.6.5]
		at reactor.core.publisher.Mono.block(Mono.java:1779) ~[reactor-core-3.6.5.jar:3.6.5]
		at com.marketinghub.facebookadsworker.facebookcampaign.FacebookCampaignMetricsService.reportMetricsError(FacebookCampaignMetricsService.java:369) ~[classes/:na]
		at com.marketinghub.facebookadsworker.facebookcampaign.FacebookCampaignMetricsService.processTarget(FacebookCampaignMetricsService.java:130) ~[classes/:na]
		at com.marketinghub.facebookadsworker.facebookcampaign.FacebookCampaignMetricsService.syncCampaignMetrics(FacebookCampaignMetricsService.java:94) ~[classes/:na]
		at com.marketinghub.facebookadsworker.facebookcampaign.FacebookCampaignMetricsScheduler.scheduleMetricsSync(FacebookCampaignMetricsScheduler.java:16) ~[classes/:na]
		at java.base/jdk.internal.reflect.DirectMethodHandleAccessor.invoke(DirectMethodHandleAccessor.java:103) ~[na:na]
		at java.base/java.lang.reflect.Method.invoke(Method.java:580) ~[na:na]
		at org.springframework.scheduling.support.ScheduledMethodRunnable.runInternal(ScheduledMethodRunnable.java:130) ~[spring-context-6.1.6.jar:6.1.6]
		at org.springframework.scheduling.support.ScheduledMethodRunnable.lambda$run$2(ScheduledMethodRunnable.java:124) ~[spring-context-6.1.6.jar:6.1.6]
		at io.micrometer.observation.Observation.observe(Observation.java:499) ~[micrometer-observation-1.12.5.jar:1.12.5]
		at org.springframework.scheduling.support.ScheduledMethodRunnable.run(ScheduledMethodRunnable.java:124) ~[spring-context-6.1.6.jar:6.1.6]
		at org.springframework.scheduling.support.DelegatingErrorHandlingRunnable.run(DelegatingErrorHandlingRunnable.java:54) ~[spring-context-6.1.6.jar:6.1.6]
		at java.base/java.util.concurrent.Executors$RunnableAdapter.call(Executors.java:572) ~[na:na]
		at java.base/java.util.concurrent.FutureTask.runAndReset(FutureTask.java:358) ~[na:na]
		at java.base/java.util.concurrent.ScheduledThreadPoolExecutor$ScheduledFutureTask.run(ScheduledThreadPoolExecutor.java:305) ~[na:na]
		at java.base/java.util.concurrent.ThreadPoolExecutor.runWorker(ThreadPoolExecutor.java:1144) ~[na:na]
		at java.base/java.util.concurrent.ThreadPoolExecutor$Worker.run(ThreadPoolExecutor.java:642) ~[na:na]
		at java.base/java.lang.Thread.run(Thread.java:1583) ~[na:na]

2026-07-16T05:13:51.426Z  INFO 12775 --- [facebook-ads-worker] [scheduling-1] .m.f.c.FacebookWorkerConfigurationClient : Requesting Facebook worker configuration from backend: url==>http://191.252.181.168/api/accounts/facebook/worker-config, params={}
2026-07-16T05:13:51.574Z  INFO 12775 --- [facebook-ads-worker] [scheduling-1] .m.f.c.FacebookWorkerConfigurationClient : Received Facebook worker configuration response from backend: url<==http://191.252.181.168/api/accounts/facebook/worker-config, response={"accountId":1,"adAccountId":"939323521124952","accessToken":"EAALKZCklBIpoBRp8TLLvqERh459ZBdy2L3H1NAzasViZAGa9FLJJxH227vaJ99xvqjr9SbWqbQavpNDwiyXghDm3GZAq3qa5cDl5M7eLPRsw6MrxFLLlxanSLOgrQUWAZBT0OMYZC70DXZBobQzLhKZAT2UyiqNIZCpb0jAAfZA2RZAojXXmlxYyjgoCYJAJfen4sfGJnJb1Iqn","systemUserAccessToken":"EAALKZCklBIpoBRPrMY5ZBnwKiqZAavOWuAOdDZBE69CD5YC7L1t6B7AVEyw5BwE9TJaySajAlR2DoYoMC4Q2ZBbLcOYmuRqG3BhRgxdx2iwniUKd48S2CyZCaY22e9JJMvPefi8CoSZBc2juarNGTGVumExY2qTdA9ZC8lgcV69ZCeCCh2MmCzqEyKU0QR9N5NwZDZD","pixelOwnerBusinessId":"1337293866974593","appId":"786143452930714","appSecret":"050a9e2d05d33c783ebef4c0d12c095d","defaultPageId":null,"defaultInstagramActorId":null,"defaultWebsiteUrl":"http://191.252.92.222:3000/accounts/facebook","defaultLeadGenFormId":null,"defaultCreativeMessageTemplate":"%s","defaultCallToActionType":"LEARN_MORE","adSetDailyBudget":"2000","adSetBillingEvent":"IMPRESSIONS","adSetOptimizationGoal":"LINK_CLICKS","adSetDestinationType":"WEBSITE","adSetBidStrategy":"LOWEST_COST_WITHOUT_CAP","adSetBidAmount":null,"adSetTargetCountry":"BR"}
2026-07-16T05:13:51.574Z  INFO 12775 --- [facebook-ads-worker] [scheduling-1] c.m.f.f.FacebookCampaignService          : Requesting experiments ready for Facebook campaigns from backend: url==>http://191.252.181.168/api/facebook-campaigns/experiments-ready, params={}
2026-07-16T05:13:52.563Z  INFO 12775 --- [facebook-ads-worker] [scheduling-1] c.m.f.f.FacebookCampaignService          : Received experiments response from backend: url<==http://191.252.181.168/api/facebook-campaigns/experiments-ready, response=[]
2026-07-16T05:13:52.564Z  INFO 12775 --- [facebook-ads-worker] [scheduling-1] .m.f.c.FacebookWorkerConfigurationClient : Requesting Facebook worker configuration from backend: url==>http://191.252.181.168/api/accounts/facebook/worker-config, params={}
2026-07-16T05:13:52.697Z  INFO 12775 --- [facebook-ads-worker] [scheduling-1] .m.f.c.FacebookWorkerConfigurationClient : Received Facebook worker configuration response from backend: url<==http://191.252.181.168/api/accounts/facebook/worker-config, response={"accountId":1,"adAccountId":"939323521124952","accessToken":"EAALKZCklBIpoBRp8TLLvqERh459ZBdy2L3H1NAzasViZAGa9FLJJxH227vaJ99xvqjr9SbWqbQavpNDwiyXghDm3GZAq3qa5cDl5M7eLPRsw6MrxFLLlxanSLOgrQUWAZBT0OMYZC70DXZBobQzLhKZAT2UyiqNIZCpb0jAAfZA2RZAojXXmlxYyjgoCYJAJfen4sfGJnJb1Iqn","systemUserAccessToken":"EAALKZCklBIpoBRPrMY5ZBnwKiqZAavOWuAOdDZBE69CD5YC7L1t6B7AVEyw5BwE9TJaySajAlR2DoYoMC4Q2ZBbLcOYmuRqG3BhRgxdx2iwniUKd48S2CyZCaY22e9JJMvPefi8CoSZBc2juarNGTGVumExY2qTdA9ZC8lgcV69ZCeCCh2MmCzqEyKU0QR9N5NwZDZD","pixelOwnerBusinessId":"1337293866974593","appId":"786143452930714","appSecret":"050a9e2d05d33c783ebef4c0d12c095d","defaultPageId":null,"defaultInstagramActorId":null,"defaultWebsiteUrl":"http://191.252.92.222:3000/accounts/facebook","defaultLeadGenFormId":null,"defaultCreativeMessageTemplate":"%s","defaultCallToActionType":"LEARN_MORE","adSetDailyBudget":"2000","adSetBillingEvent":"IMPRESSIONS","adSetOptimizationGoal":"LINK_CLICKS","adSetDestinationType":"WEBSITE","adSetBidStrategy":"LOWEST_COST_WITHOUT_CAP","adSetBidAmount":null,"adSetTargetCountry":"BR"}
2026-07-16T05:13:52.697Z  INFO 12775 --- [facebook-ads-worker] [scheduling-1] c.m.f.f.FacebookCampaignService          : Requesting Facebook campaign stop requests from backend: url==>http://191.252.181.168/api/facebook-campaigns/stop-requests, params={}
2026-07-16T05:13:52.830Z  INFO 12775 --- [facebook-ads-worker] [scheduling-1] c.m.f.f.FacebookCampaignService          : Received stop requests from backend: url<==http://191.252.181.168/api/facebook-campaigns/stop-requests, response=[]
2026-07-16T05:13:52.830Z  INFO 12775 --- [facebook-ads-worker] [scheduling-1] .m.f.f.FacebookInterestValidationService : Requesting pending Facebook interests for validation: url==>http://191.252.181.168/api/facebook-interests/pending, params={}
2026-07-16T05:13:52.983Z  INFO 12775 --- [facebook-ads-worker] [scheduling-1] .m.f.f.FacebookInterestValidationService : Received pending Facebook interests from backend: url<==http://191.252.181.168/api/facebook-interests/pending, response=[]
2026-07-16T05:13:52.984Z  INFO 12775 --- [facebook-ads-worker] [scheduling-1] c.m.f.f.TargetingBackendClient           : Requesting targeting elements pending Meta Ads enrichment: url==>http://191.252.181.168/api/internal/targeting/elements/metaads-pending, params=limit=100
2026-07-16T05:13:53.129Z  INFO 12775 --- [facebook-ads-worker] [scheduling-1] c.m.f.f.TargetingBackendClient           : Received targeting elements pending Meta Ads enrichment: url<==http://191.252.181.168/api/internal/targeting/elements/metaads-pending, response=[]
2026-07-16T05:13:53.130Z  INFO 12775 --- [facebook-ads-worker] [scheduling-1] c.m.f.f.FacebookTokenRenewalService      : Requesting Facebook accounts eligible for token renewal from backend: url==>http://191.252.181.168/api/accounts/facebook/renewal/eligible, params={}
2026-07-16T05:13:53.258Z  INFO 12775 --- [facebook-ads-worker] [scheduling-1] c.m.f.f.FacebookTokenRenewalService      : Received eligible Facebook accounts response from backend: url<==http://191.252.181.168/api/accounts/facebook/renewal/eligible, response=[]
2026-07-16T05:13:53.259Z  INFO 12775 --- [facebook-ads-worker] [scheduling-1] c.m.f.m.MetaAudienceBackendClient        : Requesting pending Meta audiences: url==>http://191.252.181.168/api/internal/meta-audiences/pending?limit=5
2026-07-16T05:13:53.390Z  INFO 12775 --- [facebook-ads-worker] [scheduling-1] c.m.f.m.MetaAudienceBackendClient        : Received pending Meta audiences: url<==http://191.252.181.168/api/internal/meta-audiences/pending?limit=5, response=[]
2026-07-16T05:14:07.564Z  INFO 12775 --- [facebook-ads-worker] [scheduling-1] .m.f.c.FacebookWorkerConfigurationClient : Requesting Facebook worker configuration from backend: url==>http://191.252.181.168/api/accounts/facebook/worker-config, params={}
2026-07-16T05:14:07.695Z  INFO 12775 --- [facebook-ads-worker] [scheduling-1] .m.f.c.FacebookWorkerConfigurationClient : Received Facebook worker configuration response from backend: url<==http://191.252.181.168/api/accounts/facebook/worker-config, response={"accountId":1,"adAccountId":"939323521124952","accessToken":"EAALKZCklBIpoBRp8TLLvqERh459ZBdy2L3H1NAzasViZAGa9FLJJxH227vaJ99xvqjr9SbWqbQavpNDwiyXghDm3GZAq3qa5cDl5M7eLPRsw6MrxFLLlxanSLOgrQUWAZBT0OMYZC70DXZBobQzLhKZAT2UyiqNIZCpb0jAAfZA2RZAojXXmlxYyjgoCYJAJfen4sfGJnJb1Iqn","systemUserAccessToken":"EAALKZCklBIpoBRPrMY5ZBnwKiqZAavOWuAOdDZBE69CD5YC7L1t6B7AVEyw5BwE9TJaySajAlR2DoYoMC4Q2ZBbLcOYmuRqG3BhRgxdx2iwniUKd48S2CyZCaY22e9JJMvPefi8CoSZBc2juarNGTGVumExY2qTdA9ZC8lgcV69ZCeCCh2MmCzqEyKU0QR9N5NwZDZD","pixelOwnerBusinessId":"1337293866974593","appId":"786143452930714","appSecret":"050a9e2d05d33c783ebef4c0d12c095d","defaultPageId":null,"defaultInstagramActorId":null,"defaultWebsiteUrl":"http://191.252.92.222:3000/accounts/facebook","defaultLeadGenFormId":null,"defaultCreativeMessageTemplate":"%s","defaultCallToActionType":"LEARN_MORE","adSetDailyBudget":"2000","adSetBillingEvent":"IMPRESSIONS","adSetOptimizationGoal":"LINK_CLICKS","adSetDestinationType":"WEBSITE","adSetBidStrategy":"LOWEST_COST_WITHOUT_CAP","adSetBidAmount":null,"adSetTargetCountry":"BR"}
2026-07-16T05:14:07.696Z  INFO 12775 --- [facebook-ads-worker] [scheduling-1] c.m.f.f.FacebookCampaignService          : Requesting experiments ready for Facebook campaigns from backend: url==>http://191.252.181.168/api/facebook-campaigns/experiments-ready, params={}
2026-07-16T05:14:08.682Z  INFO 12775 --- [facebook-ads-worker] [scheduling-1] c.m.f.f.FacebookCampaignService          : Received experiments response from backend: url<==http://191.252.181.168/api/facebook-campaigns/experiments-ready, response=[]
2026-07-16T05:14:23.683Z  INFO 12775 --- [facebook-ads-worker] [scheduling-1] .m.f.c.FacebookWorkerConfigurationClient : Requesting Facebook worker configuration from backend: url==>http://191.252.181.168/api/accounts/facebook/worker-config, params={}
2026-07-16T05:14:23.824Z  INFO 12775 --- [facebook-ads-worker] [scheduling-1] .m.f.c.FacebookWorkerConfigurationClient : Received Facebook worker configuration response from backend: url<==http://191.252.181.168/api/accounts/facebook/worker-config, response={"accountId":1,"adAccountId":"939323521124952","accessToken":"EAALKZCklBIpoBRp8TLLvqERh459ZBdy2L3H1NAzasViZAGa9FLJJxH227vaJ99xvqjr9SbWqbQavpNDwiyXghDm3GZAq3qa5cDl5M7eLPRsw6MrxFLLlxanSLOgrQUWAZBT0OMYZC70DXZBobQzLhKZAT2UyiqNIZCpb0jAAfZA2RZAojXXmlxYyjgoCYJAJfen4sfGJnJb1Iqn","systemUserAccessToken":"EAALKZCklBIpoBRPrMY5ZBnwKiqZAavOWuAOdDZBE69CD5YC7L1t6B7AVEyw5BwE9TJaySajAlR2DoYoMC4Q2ZBbLcOYmuRqG3BhRgxdx2iwniUKd48S2CyZCaY22e9JJMvPefi8CoSZBc2juarNGTGVumExY2qTdA9ZC8lgcV69ZCeCCh2MmCzqEyKU0QR9N5NwZDZD","pixelOwnerBusinessId":"1337293866974593","appId":"786143452930714","appSecret":"050a9e2d05d33c783ebef4c0d12c095d","defaultPageId":null,"defaultInstagramActorId":null,"defaultWebsiteUrl":"http://191.252.92.222:3000/accounts/facebook","defaultLeadGenFormId":null,"defaultCreativeMessageTemplate":"%s","defaultCallToActionType":"LEARN_MORE","adSetDailyBudget":"2000","adSetBillingEvent":"IMPRESSIONS","adSetOptimizationGoal":"LINK_CLICKS","adSetDestinationType":"WEBSITE","adSetBidStrategy":"LOWEST_COST_WITHOUT_CAP","adSetBidAmount":null,"adSetTargetCountry":"BR"}
2026-07-16T05:14:23.824Z  INFO 12775 --- [facebook-ads-worker] [scheduling-1] c.m.f.f.FacebookCampaignService          : Requesting experiments ready for Facebook campaigns from backend: url==>http://191.252.181.168/api/facebook-campaigns/experiments-ready, params={}
2026-07-16T05:14:24.832Z  INFO 12775 --- [facebook-ads-worker] [scheduling-1] c.m.f.f.FacebookCampaignService          : Received experiments response from backend: url<==http://191.252.181.168/api/facebook-campaigns/experiments-ready, response=[]
2026-07-16T05:14:39.833Z  INFO 12775 --- [facebook-ads-worker] [scheduling-1] .m.f.c.FacebookWorkerConfigurationClient : Requesting Facebook worker configuration from backend: url==>http://191.252.181.168/api/accounts/facebook/worker-config, params={}
2026-07-16T05:14:39.962Z  INFO 12775 --- [facebook-ads-worker] [scheduling-1] .m.f.c.FacebookWorkerConfigurationClient : Received Facebook worker configuration response from backend: url<==http://191.252.181.168/api/accounts/facebook/worker-config, response={"accountId":1,"adAccountId":"939323521124952","accessToken":"EAALKZCklBIpoBRp8TLLvqERh459ZBdy2L3H1NAzasViZAGa9FLJJxH227vaJ99xvqjr9SbWqbQavpNDwiyXghDm3GZAq3qa5cDl5M7eLPRsw6MrxFLLlxanSLOgrQUWAZBT0OMYZC70DXZBobQzLhKZAT2UyiqNIZCpb0jAAfZA2RZAojXXmlxYyjgoCYJAJfen4sfGJnJb1Iqn","systemUserAccessToken":"EAALKZCklBIpoBRPrMY5ZBnwKiqZAavOWuAOdDZBE69CD5YC7L1t6B7AVEyw5BwE9TJaySajAlR2DoYoMC4Q2ZBbLcOYmuRqG3BhRgxdx2iwniUKd48S2CyZCaY22e9JJMvPefi8CoSZBc2juarNGTGVumExY2qTdA9ZC8lgcV69ZCeCCh2MmCzqEyKU0QR9N5NwZDZD","pixelOwnerBusinessId":"1337293866974593","appId":"786143452930714","appSecret":"050a9e2d05d33c783ebef4c0d12c095d","defaultPageId":null,"defaultInstagramActorId":null,"defaultWebsiteUrl":"http://191.252.92.222:3000/accounts/facebook","defaultLeadGenFormId":null,"defaultCreativeMessageTemplate":"%s","defaultCallToActionType":"LEARN_MORE","adSetDailyBudget":"2000","adSetBillingEvent":"IMPRESSIONS","adSetOptimizationGoal":"LINK_CLICKS","adSetDestinationType":"WEBSITE","adSetBidStrategy":"LOWEST_COST_WITHOUT_CAP","adSetBidAmount":null,"adSetTargetCountry":"BR"}
2026-07-16T05:14:39.963Z  INFO 12775 --- [facebook-ads-worker] [scheduling-1] c.m.f.f.FacebookCampaignService          : Requesting experiments ready for Facebook campaigns from backend: url==>http://191.252.181.168/api/facebook-campaigns/experiments-ready, params={}
2026-07-16T05:14:40.974Z  INFO 12775 --- [facebook-ads-worker] [scheduling-1] c.m.f.f.FacebookCampaignService          : Received experiments response from backend: url<==http://191.252.181.168/api/facebook-campaigns/experiments-ready, response=[]
2026-07-16T05:14:55.974Z  INFO 12775 --- [facebook-ads-worker] [scheduling-1] .m.f.c.FacebookWorkerConfigurationClient : Requesting Facebook worker configuration from backend: url==>http://191.252.181.168/api/accounts/facebook/worker-config, params={}
2026-07-16T05:14:56.102Z  INFO 12775 --- [facebook-ads-worker] [scheduling-1] .m.f.c.FacebookWorkerConfigurationClient : Received Facebook worker configuration response from backend: url<==http://191.252.181.168/api/accounts/facebook/worker-config, response={"accountId":1,"adAccountId":"939323521124952","accessToken":"EAALKZCklBIpoBRp8TLLvqERh459ZBdy2L3H1NAzasViZAGa9FLJJxH227vaJ99xvqjr9SbWqbQavpNDwiyXghDm3GZAq3qa5cDl5M7eLPRsw6MrxFLLlxanSLOgrQUWAZBT0OMYZC70DXZBobQzLhKZAT2UyiqNIZCpb0jAAfZA2RZAojXXmlxYyjgoCYJAJfen4sfGJnJb1Iqn","systemUserAccessToken":"EAALKZCklBIpoBRPrMY5ZBnwKiqZAavOWuAOdDZBE69CD5YC7L1t6B7AVEyw5BwE9TJaySajAlR2DoYoMC4Q2ZBbLcOYmuRqG3BhRgxdx2iwniUKd48S2CyZCaY22e9JJMvPefi8CoSZBc2juarNGTGVumExY2qTdA9ZC8lgcV69ZCeCCh2MmCzqEyKU0QR9N5NwZDZD","pixelOwnerBusinessId":"1337293866974593","appId":"786143452930714","appSecret":"050a9e2d05d33c783ebef4c0d12c095d","defaultPageId":null,"defaultInstagramActorId":null,"defaultWebsiteUrl":"http://191.252.92.222:3000/accounts/facebook","defaultLeadGenFormId":null,"defaultCreativeMessageTemplate":"%s","defaultCallToActionType":"LEARN_MORE","adSetDailyBudget":"2000","adSetBillingEvent":"IMPRESSIONS","adSetOptimizationGoal":"LINK_CLICKS","adSetDestinationType":"WEBSITE","adSetBidStrategy":"LOWEST_COST_WITHOUT_CAP","adSetBidAmount":null,"adSetTargetCountry":"BR"}
2026-07-16T05:14:56.103Z  INFO 12775 --- [facebook-ads-worker] [scheduling-1] c.m.f.f.FacebookCampaignService          : Requesting experiments ready for Facebook campaigns from backend: url==>http://191.252.181.168/api/facebook-campaigns/experiments-ready, params={}
2026-07-16T05:14:57.031Z  INFO 12775 --- [facebook-ads-worker] [scheduling-1] c.m.f.f.FacebookCampaignService          : Received experiments response from backend: url<==http://191.252.181.168/api/facebook-campaigns/experiments-ready, response=[]
2026-07-16T05:15:12.032Z  INFO 12775 --- [facebook-ads-worker] [scheduling-1] .m.f.c.FacebookWorkerConfigurationClient : Requesting Facebook worker configuration from backend: url==>http://191.252.181.168/api/accounts/facebook/worker-config, params={}
2026-07-16T05:15:12.165Z  INFO 12775 --- [facebook-ads-worker] [scheduling-1] .m.f.c.FacebookWorkerConfigurationClient : Received Facebook worker configuration response from backend: url<==http://191.252.181.168/api/accounts/facebook/worker-config, response={"accountId":1,"adAccountId":"939323521124952","accessToken":"EAALKZCklBIpoBRp8TLLvqERh459ZBdy2L3H1NAzasViZAGa9FLJJxH227vaJ99xvqjr9SbWqbQavpNDwiyXghDm3GZAq3qa5cDl5M7eLPRsw6MrxFLLlxanSLOgrQUWAZBT0OMYZC70DXZBobQzLhKZAT2UyiqNIZCpb0jAAfZA2RZAojXXmlxYyjgoCYJAJfen4sfGJnJb1Iqn","systemUserAccessToken":"EAALKZCklBIpoBRPrMY5ZBnwKiqZAavOWuAOdDZBE69CD5YC7L1t6B7AVEyw5BwE9TJaySajAlR2DoYoMC4Q2ZBbLcOYmuRqG3BhRgxdx2iwniUKd48S2CyZCaY22e9JJMvPefi8CoSZBc2juarNGTGVumExY2qTdA9ZC8lgcV69ZCeCCh2MmCzqEyKU0QR9N5NwZDZD","pixelOwnerBusinessId":"1337293866974593","appId":"786143452930714","appSecret":"050a9e2d05d33c783ebef4c0d12c095d","defaultPageId":null,"defaultInstagramActorId":null,"defaultWebsiteUrl":"http://191.252.92.222:3000/accounts/facebook","defaultLeadGenFormId":null,"defaultCreativeMessageTemplate":"%s","defaultCallToActionType":"LEARN_MORE","adSetDailyBudget":"2000","adSetBillingEvent":"IMPRESSIONS","adSetOptimizationGoal":"LINK_CLICKS","adSetDestinationType":"WEBSITE","adSetBidStrategy":"LOWEST_COST_WITHOUT_CAP","adSetBidAmount":null,"adSetTargetCountry":"BR"}
2026-07-16T05:15:12.165Z  INFO 12775 --- [facebook-ads-worker] [scheduling-1] c.m.f.f.FacebookCampaignService          : Requesting experiments ready for Facebook campaigns from backend: url==>http://191.252.181.168/api/facebook-campaigns/experiments-ready, params={}
2026-07-16T05:15:13.250Z  INFO 12775 --- [facebook-ads-worker] [scheduling-1] c.m.f.f.FacebookCampaignService          : Received experiments response from backend: url<==http://191.252.181.168/api/facebook-campaigns/experiments-ready, response=[]
2026-07-16T05:15:22.643Z  INFO 12775 --- [facebook-ads-worker] [SpringApplicationShutdownHook] com.zaxxer.hikari.HikariDataSource       : marketingHubPool - Shutdown initiated...
2026-07-16T05:15:22.645Z  INFO 12775 --- [facebook-ads-worker] [SpringApplicationShutdownHook] com.zaxxer.hikari.HikariDataSource       : marketingHubPool - Shutdown completed.
2026-07-16T05:17:18.763Z  INFO 13397 --- [facebook-ads-worker] [main] c.m.f.FacebookAdsWorkerApplication       : Starting FacebookAdsWorkerApplication using Java 21.0.11 with PID 13397 (/root/ai-hub/src/ai-hub-4453d34c-776f-44aa-b4b7-a9a0f61eb4ac-kE82qh/repo/facebook-ads-worker/target/classes started by root in /root/ai-hub/src/ai-hub-4453d34c-776f-44aa-b4b7-a9a0f61eb4ac-kE82qh/repo/facebook-ads-worker)
2026-07-16T05:17:18.765Z  INFO 13397 --- [facebook-ads-worker] [main] c.m.f.FacebookAdsWorkerApplication       : No active profile set, falling back to 1 default profile: "default"
2026-07-16T05:17:19.319Z  INFO 13397 --- [facebook-ads-worker] [main] .s.d.r.c.RepositoryConfigurationDelegate : Bootstrapping Spring Data JDBC repositories in DEFAULT mode.
2026-07-16T05:17:19.333Z  INFO 13397 --- [facebook-ads-worker] [main] .s.d.r.c.RepositoryConfigurationDelegate : Finished Spring Data repository scanning in 12 ms. Found 0 JDBC repository interfaces.
2026-07-16T05:17:19.602Z  INFO 13397 --- [facebook-ads-worker] [main] o.s.b.w.embedded.tomcat.TomcatWebServer  : Tomcat initialized with port 8080 (http)
2026-07-16T05:17:19.610Z  INFO 13397 --- [facebook-ads-worker] [main] o.apache.catalina.core.StandardService   : Starting service [Tomcat]
2026-07-16T05:17:19.610Z  INFO 13397 --- [facebook-ads-worker] [main] o.apache.catalina.core.StandardEngine    : Starting Servlet engine: [Apache Tomcat/10.1.20]
2026-07-16T05:17:19.638Z  INFO 13397 --- [facebook-ads-worker] [main] o.a.c.c.C.[Tomcat].[localhost].[/]       : Initializing Spring embedded WebApplicationContext
2026-07-16T05:17:19.638Z  INFO 13397 --- [facebook-ads-worker] [main] w.s.c.ServletWebServerApplicationContext : Root WebApplicationContext: initialization completed in 847 ms
2026-07-16T05:17:19.926Z  INFO 13397 --- [facebook-ads-worker] [main] c.m.f.FacebookAdsService                 : Configured Facebook Graph API version: v23.0
2026-07-16T05:17:20.335Z  INFO 13397 --- [facebook-ads-worker] [main] com.zaxxer.hikari.HikariDataSource       : marketingHubPool - Starting...
2026-07-16T05:17:24.281Z  INFO 13397 --- [facebook-ads-worker] [main] com.zaxxer.hikari.pool.HikariPool        : marketingHubPool - Added connection com.mysql.cj.jdbc.ConnectionImpl@5f9a8ddc
2026-07-16T05:17:24.282Z  INFO 13397 --- [facebook-ads-worker] [main] com.zaxxer.hikari.HikariDataSource       : marketingHubPool - Start completed.
2026-07-16T05:17:24.353Z  INFO 13397 --- [facebook-ads-worker] [main] o.s.b.a.e.web.EndpointLinksResolver      : Exposing 4 endpoint(s) beneath base path '/worker-observability'
2026-07-16T05:17:24.407Z  INFO 13397 --- [facebook-ads-worker] [main] o.s.b.w.embedded.tomcat.TomcatWebServer  : Tomcat started on port 8080 (http) with context path ''
2026-07-16T05:17:24.417Z  INFO 13397 --- [facebook-ads-worker] [main] c.m.f.FacebookAdsWorkerApplication       : Started FacebookAdsWorkerApplication in 5.896 seconds (process running for 6.066)
2026-07-16T05:17:24.424Z  INFO 13397 --- [facebook-ads-worker] [scheduling-1] .m.f.c.FacebookWorkerConfigurationClient : Requesting Facebook worker configuration from backend: url==>http://191.252.181.168/api/accounts/facebook/worker-config, params={}
2026-07-16T05:17:24.845Z  INFO 13397 --- [facebook-ads-worker] [scheduling-1] .m.f.c.FacebookWorkerConfigurationClient : Received Facebook worker configuration response from backend: url<==http://191.252.181.168/api/accounts/facebook/worker-config, response={"accountId":1,"adAccountId":"939323521124952","accessToken":"EAALKZCklBIpoBRp8TLLvqERh459ZBdy2L3H1NAzasViZAGa9FLJJxH227vaJ99xvqjr9SbWqbQavpNDwiyXghDm3GZAq3qa5cDl5M7eLPRsw6MrxFLLlxanSLOgrQUWAZBT0OMYZC70DXZBobQzLhKZAT2UyiqNIZCpb0jAAfZA2RZAojXXmlxYyjgoCYJAJfen4sfGJnJb1Iqn","systemUserAccessToken":"EAALKZCklBIpoBRPrMY5ZBnwKiqZAavOWuAOdDZBE69CD5YC7L1t6B7AVEyw5BwE9TJaySajAlR2DoYoMC4Q2ZBbLcOYmuRqG3BhRgxdx2iwniUKd48S2CyZCaY22e9JJMvPefi8CoSZBc2juarNGTGVumExY2qTdA9ZC8lgcV69ZCeCCh2MmCzqEyKU0QR9N5NwZDZD","pixelOwnerBusinessId":"1337293866974593","appId":"786143452930714","appSecret":"050a9e2d05d33c783ebef4c0d12c095d","defaultPageId":null,"defaultInstagramActorId":null,"defaultWebsiteUrl":"http://191.252.92.222:3000/accounts/facebook","defaultLeadGenFormId":null,"defaultCreativeMessageTemplate":"%s","defaultCallToActionType":"LEARN_MORE","adSetDailyBudget":"2000","adSetBillingEvent":"IMPRESSIONS","adSetOptimizationGoal":"LINK_CLICKS","adSetDestinationType":"WEBSITE","adSetBidStrategy":"LOWEST_COST_WITHOUT_CAP","adSetBidAmount":null,"adSetTargetCountry":"BR"}
2026-07-16T05:17:24.851Z  INFO 13397 --- [facebook-ads-worker] [scheduling-1] c.m.f.FacebookAdsService                 : Facebook access token updated: previousToken=null, newToken=EAA...Iqn
2026-07-16T05:17:25.156Z  WARN 13397 --- [facebook-ads-worker] [scheduling-1] c.m.f.f.FacebookCampaignMetricsService   : Could not sync Facebook status snapshot for campaign : 400 Bad Request from GET https://graph.facebook.com/v23.0/

org.springframework.web.reactive.function.client.WebClientResponseException$BadRequest: 400 Bad Request from GET https://graph.facebook.com/v23.0/
	at org.springframework.web.reactive.function.client.WebClientResponseException.create(WebClientResponseException.java:307) ~[spring-webflux-6.1.6.jar:6.1.6]
	Suppressed: reactor.core.publisher.FluxOnAssembly$OnAssemblyException: 
Error has been observed at the following site(s):
	*__checkpoint ⇢ 400 BAD_REQUEST from GET https://graph.facebook.com/v23.0/ [DefaultWebClient]
Original Stack Trace:
		at org.springframework.web.reactive.function.client.WebClientResponseException.create(WebClientResponseException.java:307) ~[spring-webflux-6.1.6.jar:6.1.6]
		at org.springframework.web.reactive.function.client.DefaultClientResponse.lambda$createException$1(DefaultClientResponse.java:214) ~[spring-webflux-6.1.6.jar:6.1.6]
		at reactor.core.publisher.FluxMap$MapSubscriber.onNext(FluxMap.java:106) ~[reactor-core-3.6.5.jar:3.6.5]
		at reactor.core.publisher.FluxOnErrorReturn$ReturnSubscriber.onNext(FluxOnErrorReturn.java:162) ~[reactor-core-3.6.5.jar:3.6.5]
		at reactor.core.publisher.FluxDefaultIfEmpty$DefaultIfEmptySubscriber.onNext(FluxDefaultIfEmpty.java:122) ~[reactor-core-3.6.5.jar:3.6.5]
		at reactor.core.publisher.FluxMapFuseable$MapFuseableSubscriber.onNext(FluxMapFuseable.java:129) ~[reactor-core-3.6.5.jar:3.6.5]
		at reactor.core.publisher.FluxContextWrite$ContextWriteSubscriber.onNext(FluxContextWrite.java:107) ~[reactor-core-3.6.5.jar:3.6.5]
		at reactor.core.publisher.FluxMapFuseable$MapFuseableConditionalSubscriber.onNext(FluxMapFuseable.java:299) ~[reactor-core-3.6.5.jar:3.6.5]
		at reactor.core.publisher.FluxFilterFuseable$FilterFuseableConditionalSubscriber.onNext(FluxFilterFuseable.java:337) ~[reactor-core-3.6.5.jar:3.6.5]
		at reactor.core.publisher.Operators$BaseFluxToMonoOperator.completePossiblyEmpty(Operators.java:2097) ~[reactor-core-3.6.5.jar:3.6.5]
		at reactor.core.publisher.MonoCollect$CollectSubscriber.onComplete(MonoCollect.java:145) ~[reactor-core-3.6.5.jar:3.6.5]
		at reactor.core.publisher.FluxMap$MapSubscriber.onComplete(FluxMap.java:144) ~[reactor-core-3.6.5.jar:3.6.5]
		at reactor.core.publisher.FluxPeek$PeekSubscriber.onComplete(FluxPeek.java:260) ~[reactor-core-3.6.5.jar:3.6.5]
		at reactor.core.publisher.FluxMap$MapSubscriber.onComplete(FluxMap.java:144) ~[reactor-core-3.6.5.jar:3.6.5]
		at reactor.netty.channel.FluxReceive.onInboundComplete(FluxReceive.java:415) ~[reactor-netty-core-1.1.18.jar:1.1.18]
		at reactor.netty.channel.ChannelOperations.onInboundComplete(ChannelOperations.java:446) ~[reactor-netty-core-1.1.18.jar:1.1.18]
		at reactor.netty.channel.ChannelOperations.terminate(ChannelOperations.java:500) ~[reactor-netty-core-1.1.18.jar:1.1.18]
		at reactor.netty.http.client.HttpClientOperations.onInboundNext(HttpClientOperations.java:793) ~[reactor-netty-http-1.1.18.jar:1.1.18]
		at reactor.netty.channel.ChannelOperationsHandler.channelRead(ChannelOperationsHandler.java:114) ~[reactor-netty-core-1.1.18.jar:1.1.18]
		at io.netty.channel.AbstractChannelHandlerContext.invokeChannelRead(AbstractChannelHandlerContext.java:444) ~[netty-transport-4.1.109.Final.jar:4.1.109.Final]
		at io.netty.channel.AbstractChannelHandlerContext.invokeChannelRead(AbstractChannelHandlerContext.java:420) ~[netty-transport-4.1.109.Final.jar:4.1.109.Final]
		at io.netty.channel.AbstractChannelHandlerContext.fireChannelRead(AbstractChannelHandlerContext.java:412) ~[netty-transport-4.1.109.Final.jar:4.1.109.Final]
		at io.netty.handler.codec.MessageToMessageDecoder.channelRead(MessageToMessageDecoder.java:103) ~[netty-codec-4.1.109.Final.jar:4.1.109.Final]
		at io.netty.channel.AbstractChannelHandlerContext.invokeChannelRead(AbstractChannelHandlerContext.java:444) ~[netty-transport-4.1.109.Final.jar:4.1.109.Final]
		at io.netty.channel.AbstractChannelHandlerContext.invokeChannelRead(AbstractChannelHandlerContext.java:420) ~[netty-transport-4.1.109.Final.jar:4.1.109.Final]
		at io.netty.channel.AbstractChannelHandlerContext.fireChannelRead(AbstractChannelHandlerContext.java:412) ~[netty-transport-4.1.109.Final.jar:4.1.109.Final]
		at io.netty.channel.CombinedChannelDuplexHandler$DelegatingChannelHandlerContext.fireChannelRead(CombinedChannelDuplexHandler.java:436) ~[netty-transport-4.1.109.Final.jar:4.1.109.Final]
		at io.netty.handler.codec.ByteToMessageDecoder.fireChannelRead(ByteToMessageDecoder.java:346) ~[netty-codec-4.1.109.Final.jar:4.1.109.Final]
		at io.netty.handler.codec.ByteToMessageDecoder.channelRead(ByteToMessageDecoder.java:318) ~[netty-codec-4.1.109.Final.jar:4.1.109.Final]
		at io.netty.channel.CombinedChannelDuplexHandler.channelRead(CombinedChannelDuplexHandler.java:251) ~[netty-transport-4.1.109.Final.jar:4.1.109.Final]
		at io.netty.channel.AbstractChannelHandlerContext.invokeChannelRead(AbstractChannelHandlerContext.java:442) ~[netty-transport-4.1.109.Final.jar:4.1.109.Final]
		at io.netty.channel.AbstractChannelHandlerContext.invokeChannelRead(AbstractChannelHandlerContext.java:420) ~[netty-transport-4.1.109.Final.jar:4.1.109.Final]
		at io.netty.channel.AbstractChannelHandlerContext.fireChannelRead(AbstractChannelHandlerContext.java:412) ~[netty-transport-4.1.109.Final.jar:4.1.109.Final]
		at io.netty.handler.ssl.SslHandler.unwrap(SslHandler.java:1475) ~[netty-handler-4.1.109.Final.jar:4.1.109.Final]
		at io.netty.handler.ssl.SslHandler.decodeJdkCompatible(SslHandler.java:1338) ~[netty-handler-4.1.109.Final.jar:4.1.109.Final]
		at io.netty.handler.ssl.SslHandler.decode(SslHandler.java:1387) ~[netty-handler-4.1.109.Final.jar:4.1.109.Final]
		at io.netty.handler.codec.ByteToMessageDecoder.decodeRemovalReentryProtection(ByteToMessageDecoder.java:530) ~[netty-codec-4.1.109.Final.jar:4.1.109.Final]
		at io.netty.handler.codec.ByteToMessageDecoder.callDecode(ByteToMessageDecoder.java:469) ~[netty-codec-4.1.109.Final.jar:4.1.109.Final]
		at io.netty.handler.codec.ByteToMessageDecoder.channelRead(ByteToMessageDecoder.java:290) ~[netty-codec-4.1.109.Final.jar:4.1.109.Final]
		at io.netty.channel.AbstractChannelHandlerContext.invokeChannelRead(AbstractChannelHandlerContext.java:444) ~[netty-transport-4.1.109.Final.jar:4.1.109.Final]
		at io.netty.channel.AbstractChannelHandlerContext.invokeChannelRead(AbstractChannelHandlerContext.java:420) ~[netty-transport-4.1.109.Final.jar:4.1.109.Final]
		at io.netty.channel.AbstractChannelHandlerContext.fireChannelRead(AbstractChannelHandlerContext.java:412) ~[netty-transport-4.1.109.Final.jar:4.1.109.Final]
		at io.netty.channel.DefaultChannelPipeline$HeadContext.channelRead(DefaultChannelPipeline.java:1410) ~[netty-transport-4.1.109.Final.jar:4.1.109.Final]
		at io.netty.channel.AbstractChannelHandlerContext.invokeChannelRead(AbstractChannelHandlerContext.java:440) ~[netty-transport-4.1.109.Final.jar:4.1.109.Final]
		at io.netty.channel.AbstractChannelHandlerContext.invokeChannelRead(AbstractChannelHandlerContext.java:420) ~[netty-transport-4.1.109.Final.jar:4.1.109.Final]
		at io.netty.channel.DefaultChannelPipeline.fireChannelRead(DefaultChannelPipeline.java:919) ~[netty-transport-4.1.109.Final.jar:4.1.109.Final]
		at io.netty.channel.epoll.AbstractEpollStreamChannel$EpollStreamUnsafe.epollInReady(AbstractEpollStreamChannel.java:801) ~[netty-transport-classes-epoll-4.1.109.Final.jar:4.1.109.Final]
		at io.netty.channel.epoll.EpollEventLoop.processReady(EpollEventLoop.java:501) ~[netty-transport-classes-epoll-4.1.109.Final.jar:4.1.109.Final]
		at io.netty.channel.epoll.EpollEventLoop.run(EpollEventLoop.java:399) ~[netty-transport-classes-epoll-4.1.109.Final.jar:4.1.109.Final]
		at io.netty.util.concurrent.SingleThreadEventExecutor$4.run(SingleThreadEventExecutor.java:997) ~[netty-common-4.1.109.Final.jar:4.1.109.Final]
		at io.netty.util.internal.ThreadExecutorMap$2.run(ThreadExecutorMap.java:74) ~[netty-common-4.1.109.Final.jar:4.1.109.Final]
		at io.netty.util.concurrent.FastThreadLocalRunnable.run(FastThreadLocalRunnable.java:30) ~[netty-common-4.1.109.Final.jar:4.1.109.Final]
		at java.base/java.lang.Thread.run(Thread.java:1583) ~[na:na]
	Suppressed: java.lang.Exception: #block terminated with an error
		at reactor.core.publisher.BlockingSingleSubscriber.blockingGet(BlockingSingleSubscriber.java:104) ~[reactor-core-3.6.5.jar:3.6.5]
		at reactor.core.publisher.Mono.block(Mono.java:1779) ~[reactor-core-3.6.5.jar:3.6.5]
		at com.marketinghub.facebookadsworker.facebookcampaign.FacebookCampaignStatusSnapshotClient.fetch(FacebookCampaignStatusSnapshotClient.java:34) ~[classes/:na]
		at com.marketinghub.facebookadsworker.facebookcampaign.FacebookCampaignMetricsService.syncStatusSnapshot(FacebookCampaignMetricsService.java:139) ~[classes/:na]
		at com.marketinghub.facebookadsworker.facebookcampaign.FacebookCampaignMetricsService.processTarget(FacebookCampaignMetricsService.java:103) ~[classes/:na]
		at com.marketinghub.facebookadsworker.facebookcampaign.FacebookCampaignMetricsService.syncCampaignMetrics(FacebookCampaignMetricsService.java:94) ~[classes/:na]
		at com.marketinghub.facebookadsworker.facebookcampaign.FacebookCampaignMetricsScheduler.scheduleMetricsSync(FacebookCampaignMetricsScheduler.java:16) ~[classes/:na]
		at java.base/jdk.internal.reflect.DirectMethodHandleAccessor.invoke(DirectMethodHandleAccessor.java:103) ~[na:na]
		at java.base/java.lang.reflect.Method.invoke(Method.java:580) ~[na:na]
		at org.springframework.scheduling.support.ScheduledMethodRunnable.runInternal(ScheduledMethodRunnable.java:130) ~[spring-context-6.1.6.jar:6.1.6]
		at org.springframework.scheduling.support.ScheduledMethodRunnable.lambda$run$2(ScheduledMethodRunnable.java:124) ~[spring-context-6.1.6.jar:6.1.6]
		at io.micrometer.observation.Observation.observe(Observation.java:499) ~[micrometer-observation-1.12.5.jar:1.12.5]
		at org.springframework.scheduling.support.ScheduledMethodRunnable.run(ScheduledMethodRunnable.java:124) ~[spring-context-6.1.6.jar:6.1.6]
		at org.springframework.scheduling.support.DelegatingErrorHandlingRunnable.run(DelegatingErrorHandlingRunnable.java:54) ~[spring-context-6.1.6.jar:6.1.6]
		at java.base/java.util.concurrent.Executors$RunnableAdapter.call(Executors.java:572) ~[na:na]
		at java.base/java.util.concurrent.FutureTask.runAndReset(FutureTask.java:358) ~[na:na]
		at java.base/java.util.concurrent.ScheduledThreadPoolExecutor$ScheduledFutureTask.run(ScheduledThreadPoolExecutor.java:305) ~[na:na]
		at java.base/java.util.concurrent.ThreadPoolExecutor.runWorker(ThreadPoolExecutor.java:1144) ~[na:na]
		at java.base/java.util.concurrent.ThreadPoolExecutor$Worker.run(ThreadPoolExecutor.java:642) ~[na:na]
		at java.base/java.lang.Thread.run(Thread.java:1583) ~[na:na]

2026-07-16T05:17:25.240Z ERROR 13397 --- [facebook-ads-worker] [scheduling-1] c.m.f.FacebookAdsService                 : Facebook API GET request failed: path<==/v23.0/insights?access_token=EAA...Iqn&date_preset=maximum&fields=campaign_name,reach,impressions,clicks,spend,actions,date_start,date_stop&time_increment=all_days, status=400, responseBody={"e..."}}, errorDetails={"type":"GraphMethodException","code":100,"error_subcode":33,"message":"Unsupported get request. Object with ID 'insights' does not exist, cannot be loaded due to missing permissions, or does not support this operation. Please read the Graph API documentation at https://developers.facebook.com/docs/graph-api","fbtrace_id":"ArBDpeVBN6kIUcMxUtJ01ti"}

org.springframework.web.reactive.function.client.WebClientResponseException$BadRequest: 400 Bad Request from GET https://graph.facebook.com/v23.0/insights
	at org.springframework.web.reactive.function.client.WebClientResponseException.create(WebClientResponseException.java:307) ~[spring-webflux-6.1.6.jar:6.1.6]
	at org.springframework.web.reactive.function.client.DefaultClientResponse.lambda$createException$1(DefaultClientResponse.java:214) ~[spring-webflux-6.1.6.jar:6.1.6]
	at reactor.core.publisher.FluxMap$MapSubscriber.onNext(FluxMap.java:106) ~[reactor-core-3.6.5.jar:3.6.5]
	at reactor.core.publisher.FluxOnErrorReturn$ReturnSubscriber.onNext(FluxOnErrorReturn.java:162) ~[reactor-core-3.6.5.jar:3.6.5]
	at reactor.core.publisher.FluxDefaultIfEmpty$DefaultIfEmptySubscriber.onNext(FluxDefaultIfEmpty.java:122) ~[reactor-core-3.6.5.jar:3.6.5]
	at reactor.core.publisher.FluxOnAssembly$OnAssemblySubscriber.onNext(FluxOnAssembly.java:539) ~[reactor-core-3.6.5.jar:3.6.5]
	at reactor.core.publisher.FluxMapFuseable$MapFuseableSubscriber.onNext(FluxMapFuseable.java:129) ~[reactor-core-3.6.5.jar:3.6.5]
	at reactor.core.publisher.FluxContextWrite$ContextWriteSubscriber.onNext(FluxContextWrite.java:107) ~[reactor-core-3.6.5.jar:3.6.5]
	at reactor.core.publisher.FluxMapFuseable$MapFuseableConditionalSubscriber.onNext(FluxMapFuseable.java:299) ~[reactor-core-3.6.5.jar:3.6.5]
	at reactor.core.publisher.FluxFilterFuseable$FilterFuseableConditionalSubscriber.onNext(FluxFilterFuseable.java:337) ~[reactor-core-3.6.5.jar:3.6.5]
	at reactor.core.publisher.Operators$BaseFluxToMonoOperator.completePossiblyEmpty(Operators.java:2097) ~[reactor-core-3.6.5.jar:3.6.5]
	at reactor.core.publisher.MonoCollect$CollectSubscriber.onComplete(MonoCollect.java:145) ~[reactor-core-3.6.5.jar:3.6.5]
	at reactor.core.publisher.FluxMap$MapSubscriber.onComplete(FluxMap.java:144) ~[reactor-core-3.6.5.jar:3.6.5]
	at reactor.core.publisher.FluxPeek$PeekSubscriber.onComplete(FluxPeek.java:260) ~[reactor-core-3.6.5.jar:3.6.5]
	at reactor.core.publisher.FluxMap$MapSubscriber.onComplete(FluxMap.java:144) ~[reactor-core-3.6.5.jar:3.6.5]
	at reactor.netty.channel.FluxReceive.onInboundComplete(FluxReceive.java:415) ~[reactor-netty-core-1.1.18.jar:1.1.18]
	at reactor.netty.channel.ChannelOperations.onInboundComplete(ChannelOperations.java:446) ~[reactor-netty-core-1.1.18.jar:1.1.18]
	at reactor.netty.channel.ChannelOperations.terminate(ChannelOperations.java:500) ~[reactor-netty-core-1.1.18.jar:1.1.18]
	at reactor.netty.http.client.HttpClientOperations.onInboundNext(HttpClientOperations.java:793) ~[reactor-netty-http-1.1.18.jar:1.1.18]
	at reactor.netty.channel.ChannelOperationsHandler.channelRead(ChannelOperationsHandler.java:114) ~[reactor-netty-core-1.1.18.jar:1.1.18]
	at io.netty.channel.AbstractChannelHandlerContext.invokeChannelRead(AbstractChannelHandlerContext.java:444) ~[netty-transport-4.1.109.Final.jar:4.1.109.Final]
	at io.netty.channel.AbstractChannelHandlerContext.invokeChannelRead(AbstractChannelHandlerContext.java:420) ~[netty-transport-4.1.109.Final.jar:4.1.109.Final]
	at io.netty.channel.AbstractChannelHandlerContext.fireChannelRead(AbstractChannelHandlerContext.java:412) ~[netty-transport-4.1.109.Final.jar:4.1.109.Final]
	at io.netty.handler.codec.MessageToMessageDecoder.channelRead(MessageToMessageDecoder.java:103) ~[netty-codec-4.1.109.Final.jar:4.1.109.Final]
	at io.netty.channel.AbstractChannelHandlerContext.invokeChannelRead(AbstractChannelHandlerContext.java:444) ~[netty-transport-4.1.109.Final.jar:4.1.109.Final]
	at io.netty.channel.AbstractChannelHandlerContext.invokeChannelRead(AbstractChannelHandlerContext.java:420) ~[netty-transport-4.1.109.Final.jar:4.1.109.Final]
	at io.netty.channel.AbstractChannelHandlerContext.fireChannelRead(AbstractChannelHandlerContext.java:412) ~[netty-transport-4.1.109.Final.jar:4.1.109.Final]
	at io.netty.channel.CombinedChannelDuplexHandler$DelegatingChannelHandlerContext.fireChannelRead(CombinedChannelDuplexHandler.java:436) ~[netty-transport-4.1.109.Final.jar:4.1.109.Final]
	at io.netty.handler.codec.ByteToMessageDecoder.fireChannelRead(ByteToMessageDecoder.java:346) ~[netty-codec-4.1.109.Final.jar:4.1.109.Final]
	at io.netty.handler.codec.ByteToMessageDecoder.channelRead(ByteToMessageDecoder.java:318) ~[netty-codec-4.1.109.Final.jar:4.1.109.Final]
	at io.netty.channel.CombinedChannelDuplexHandler.channelRead(CombinedChannelDuplexHandler.java:251) ~[netty-transport-4.1.109.Final.jar:4.1.109.Final]
	at io.netty.channel.AbstractChannelHandlerContext.invokeChannelRead(AbstractChannelHandlerContext.java:442) ~[netty-transport-4.1.109.Final.jar:4.1.109.Final]
	at io.netty.channel.AbstractChannelHandlerContext.invokeChannelRead(AbstractChannelHandlerContext.java:420) ~[netty-transport-4.1.109.Final.jar:4.1.109.Final]
	at io.netty.channel.AbstractChannelHandlerContext.fireChannelRead(AbstractChannelHandlerContext.java:412) ~[netty-transport-4.1.109.Final.jar:4.1.109.Final]
	at io.netty.handler.ssl.SslHandler.unwrap(SslHandler.java:1475) ~[netty-handler-4.1.109.Final.jar:4.1.109.Final]
	at io.netty.handler.ssl.SslHandler.decodeJdkCompatible(SslHandler.java:1338) ~[netty-handler-4.1.109.Final.jar:4.1.109.Final]
	at io.netty.handler.ssl.SslHandler.decode(SslHandler.java:1387) ~[netty-handler-4.1.109.Final.jar:4.1.109.Final]
	at io.netty.handler.codec.ByteToMessageDecoder.decodeRemovalReentryProtection(ByteToMessageDecoder.java:530) ~[netty-codec-4.1.109.Final.jar:4.1.109.Final]
	at io.netty.handler.codec.ByteToMessageDecoder.callDecode(ByteToMessageDecoder.java:469) ~[netty-codec-4.1.109.Final.jar:4.1.109.Final]
	at io.netty.handler.codec.ByteToMessageDecoder.channelRead(ByteToMessageDecoder.java:290) ~[netty-codec-4.1.109.Final.jar:4.1.109.Final]
	at io.netty.channel.AbstractChannelHandlerContext.invokeChannelRead(AbstractChannelHandlerContext.java:444) ~[netty-transport-4.1.109.Final.jar:4.1.109.Final]
	at io.netty.channel.AbstractChannelHandlerContext.invokeChannelRead(AbstractChannelHandlerContext.java:420) ~[netty-transport-4.1.109.Final.jar:4.1.109.Final]
	at io.netty.channel.AbstractChannelHandlerContext.fireChannelRead(AbstractChannelHandlerContext.java:412) ~[netty-transport-4.1.109.Final.jar:4.1.109.Final]
	at io.netty.channel.DefaultChannelPipeline$HeadContext.channelRead(DefaultChannelPipeline.java:1410) ~[netty-transport-4.1.109.Final.jar:4.1.109.Final]
	at io.netty.channel.AbstractChannelHandlerContext.invokeChannelRead(AbstractChannelHandlerContext.java:440) ~[netty-transport-4.1.109.Final.jar:4.1.109.Final]
	at io.netty.channel.AbstractChannelHandlerContext.invokeChannelRead(AbstractChannelHandlerContext.java:420) ~[netty-transport-4.1.109.Final.jar:4.1.109.Final]
	at io.netty.channel.DefaultChannelPipeline.fireChannelRead(DefaultChannelPipeline.java:919) ~[netty-transport-4.1.109.Final.jar:4.1.109.Final]
	at io.netty.channel.epoll.AbstractEpollStreamChannel$EpollStreamUnsafe.epollInReady(AbstractEpollStreamChannel.java:801) ~[netty-transport-classes-epoll-4.1.109.Final.jar:4.1.109.Final]
	at io.netty.channel.epoll.EpollEventLoop.processReady(EpollEventLoop.java:501) ~[netty-transport-classes-epoll-4.1.109.Final.jar:4.1.109.Final]
	at io.netty.channel.epoll.EpollEventLoop.run(EpollEventLoop.java:399) ~[netty-transport-classes-epoll-4.1.109.Final.jar:4.1.109.Final]
	at io.netty.util.concurrent.SingleThreadEventExecutor$4.run(SingleThreadEventExecutor.java:997) ~[netty-common-4.1.109.Final.jar:4.1.109.Final]
	at io.netty.util.internal.ThreadExecutorMap$2.run(ThreadExecutorMap.java:74) ~[netty-common-4.1.109.Final.jar:4.1.109.Final]
	at io.netty.util.concurrent.FastThreadLocalRunnable.run(FastThreadLocalRunnable.java:30) ~[netty-common-4.1.109.Final.jar:4.1.109.Final]
	at java.base/java.lang.Thread.run(Thread.java:1583) ~[na:na]
	Suppressed: java.lang.Exception: #block terminated with an error
		at reactor.core.publisher.BlockingSingleSubscriber.blockingGet(BlockingSingleSubscriber.java:104) ~[reactor-core-3.6.5.jar:3.6.5]
		at reactor.core.publisher.Mono.block(Mono.java:1779) ~[reactor-core-3.6.5.jar:3.6.5]
		at com.marketinghub.facebookadsworker.FacebookAdsService.executeGet(FacebookAdsService.java:2702) ~[classes/:na]
		at com.marketinghub.facebookadsworker.FacebookAdsService.getCampaignInsights(FacebookAdsService.java:2289) ~[classes/:na]
		at com.marketinghub.facebookadsworker.facebookcampaign.FacebookCampaignMetricsService.processTarget(FacebookCampaignMetricsService.java:104) ~[classes/:na]
		at com.marketinghub.facebookadsworker.facebookcampaign.FacebookCampaignMetricsService.syncCampaignMetrics(FacebookCampaignMetricsService.java:94) ~[classes/:na]
		at com.marketinghub.facebookadsworker.facebookcampaign.FacebookCampaignMetricsScheduler.scheduleMetricsSync(FacebookCampaignMetricsScheduler.java:16) ~[classes/:na]
		at java.base/jdk.internal.reflect.DirectMethodHandleAccessor.invoke(DirectMethodHandleAccessor.java:103) ~[na:na]
		at java.base/java.lang.reflect.Method.invoke(Method.java:580) ~[na:na]
		at org.springframework.scheduling.support.ScheduledMethodRunnable.runInternal(ScheduledMethodRunnable.java:130) ~[spring-context-6.1.6.jar:6.1.6]
		at org.springframework.scheduling.support.ScheduledMethodRunnable.lambda$run$2(ScheduledMethodRunnable.java:124) ~[spring-context-6.1.6.jar:6.1.6]
		at io.micrometer.observation.Observation.observe(Observation.java:499) ~[micrometer-observation-1.12.5.jar:1.12.5]
		at org.springframework.scheduling.support.ScheduledMethodRunnable.run(ScheduledMethodRunnable.java:124) ~[spring-context-6.1.6.jar:6.1.6]
		at org.springframework.scheduling.support.DelegatingErrorHandlingRunnable.run(DelegatingErrorHandlingRunnable.java:54) ~[spring-context-6.1.6.jar:6.1.6]
		at java.base/java.util.concurrent.Executors$RunnableAdapter.call(Executors.java:572) ~[na:na]
		at java.base/java.util.concurrent.FutureTask.runAndReset(FutureTask.java:358) ~[na:na]
		at java.base/java.util.concurrent.ScheduledThreadPoolExecutor$ScheduledFutureTask.run(ScheduledThreadPoolExecutor.java:305) ~[na:na]
		at java.base/java.util.concurrent.ThreadPoolExecutor.runWorker(ThreadPoolExecutor.java:1144) ~[na:na]
		at java.base/java.util.concurrent.ThreadPoolExecutor$Worker.run(ThreadPoolExecutor.java:642) ~[na:na]
		... 1 common frames omitted

2026-07-16T05:17:25.243Z  WARN 13397 --- [facebook-ads-worker] [scheduling-1] c.m.f.f.FacebookCampaignMetricsService   : Unexpected error while syncing metrics for campaign : 400 Bad Request from GET https://graph.facebook.com/v23.0/insights

org.springframework.web.reactive.function.client.WebClientResponseException$BadRequest: 400 Bad Request from GET https://graph.facebook.com/v23.0/insights
	at org.springframework.web.reactive.function.client.WebClientResponseException.create(WebClientResponseException.java:307) ~[spring-webflux-6.1.6.jar:6.1.6]
	at org.springframework.web.reactive.function.client.DefaultClientResponse.lambda$createException$1(DefaultClientResponse.java:214) ~[spring-webflux-6.1.6.jar:6.1.6]
	at reactor.core.publisher.FluxMap$MapSubscriber.onNext(FluxMap.java:106) ~[reactor-core-3.6.5.jar:3.6.5]
	at reactor.core.publisher.FluxOnErrorReturn$ReturnSubscriber.onNext(FluxOnErrorReturn.java:162) ~[reactor-core-3.6.5.jar:3.6.5]
	at reactor.core.publisher.FluxDefaultIfEmpty$DefaultIfEmptySubscriber.onNext(FluxDefaultIfEmpty.java:122) ~[reactor-core-3.6.5.jar:3.6.5]
	at reactor.core.publisher.FluxOnAssembly$OnAssemblySubscriber.onNext(FluxOnAssembly.java:539) ~[reactor-core-3.6.5.jar:3.6.5]
	at reactor.core.publisher.FluxMapFuseable$MapFuseableSubscriber.onNext(FluxMapFuseable.java:129) ~[reactor-core-3.6.5.jar:3.6.5]
	at reactor.core.publisher.FluxContextWrite$ContextWriteSubscriber.onNext(FluxContextWrite.java:107) ~[reactor-core-3.6.5.jar:3.6.5]
	at reactor.core.publisher.FluxMapFuseable$MapFuseableConditionalSubscriber.onNext(FluxMapFuseable.java:299) ~[reactor-core-3.6.5.jar:3.6.5]
	at reactor.core.publisher.FluxFilterFuseable$FilterFuseableConditionalSubscriber.onNext(FluxFilterFuseable.java:337) ~[reactor-core-3.6.5.jar:3.6.5]
	at reactor.core.publisher.Operators$BaseFluxToMonoOperator.completePossiblyEmpty(Operators.java:2097) ~[reactor-core-3.6.5.jar:3.6.5]
	at reactor.core.publisher.MonoCollect$CollectSubscriber.onComplete(MonoCollect.java:145) ~[reactor-core-3.6.5.jar:3.6.5]
	at reactor.core.publisher.FluxMap$MapSubscriber.onComplete(FluxMap.java:144) ~[reactor-core-3.6.5.jar:3.6.5]
	at reactor.core.publisher.FluxPeek$PeekSubscriber.onComplete(FluxPeek.java:260) ~[reactor-core-3.6.5.jar:3.6.5]
	at reactor.core.publisher.FluxMap$MapSubscriber.onComplete(FluxMap.java:144) ~[reactor-core-3.6.5.jar:3.6.5]
	at reactor.netty.channel.FluxReceive.onInboundComplete(FluxReceive.java:415) ~[reactor-netty-core-1.1.18.jar:1.1.18]
	at reactor.netty.channel.ChannelOperations.onInboundComplete(ChannelOperations.java:446) ~[reactor-netty-core-1.1.18.jar:1.1.18]
	at reactor.netty.channel.ChannelOperations.terminate(ChannelOperations.java:500) ~[reactor-netty-core-1.1.18.jar:1.1.18]
	at reactor.netty.http.client.HttpClientOperations.onInboundNext(HttpClientOperations.java:793) ~[reactor-netty-http-1.1.18.jar:1.1.18]
	at reactor.netty.channel.ChannelOperationsHandler.channelRead(ChannelOperationsHandler.java:114) ~[reactor-netty-core-1.1.18.jar:1.1.18]
	at io.netty.channel.AbstractChannelHandlerContext.invokeChannelRead(AbstractChannelHandlerContext.java:444) ~[netty-transport-4.1.109.Final.jar:4.1.109.Final]
	at io.netty.channel.AbstractChannelHandlerContext.invokeChannelRead(AbstractChannelHandlerContext.java:420) ~[netty-transport-4.1.109.Final.jar:4.1.109.Final]
	at io.netty.channel.AbstractChannelHandlerContext.fireChannelRead(AbstractChannelHandlerContext.java:412) ~[netty-transport-4.1.109.Final.jar:4.1.109.Final]
	at io.netty.handler.codec.MessageToMessageDecoder.channelRead(MessageToMessageDecoder.java:103) ~[netty-codec-4.1.109.Final.jar:4.1.109.Final]
	at io.netty.channel.AbstractChannelHandlerContext.invokeChannelRead(AbstractChannelHandlerContext.java:444) ~[netty-transport-4.1.109.Final.jar:4.1.109.Final]
	at io.netty.channel.AbstractChannelHandlerContext.invokeChannelRead(AbstractChannelHandlerContext.java:420) ~[netty-transport-4.1.109.Final.jar:4.1.109.Final]
	at io.netty.channel.AbstractChannelHandlerContext.fireChannelRead(AbstractChannelHandlerContext.java:412) ~[netty-transport-4.1.109.Final.jar:4.1.109.Final]
	at io.netty.channel.CombinedChannelDuplexHandler$DelegatingChannelHandlerContext.fireChannelRead(CombinedChannelDuplexHandler.java:436) ~[netty-transport-4.1.109.Final.jar:4.1.109.Final]
	at io.netty.handler.codec.ByteToMessageDecoder.fireChannelRead(ByteToMessageDecoder.java:346) ~[netty-codec-4.1.109.Final.jar:4.1.109.Final]
	at io.netty.handler.codec.ByteToMessageDecoder.channelRead(ByteToMessageDecoder.java:318) ~[netty-codec-4.1.109.Final.jar:4.1.109.Final]
	at io.netty.channel.CombinedChannelDuplexHandler.channelRead(CombinedChannelDuplexHandler.java:251) ~[netty-transport-4.1.109.Final.jar:4.1.109.Final]
	at io.netty.channel.AbstractChannelHandlerContext.invokeChannelRead(AbstractChannelHandlerContext.java:442) ~[netty-transport-4.1.109.Final.jar:4.1.109.Final]
	at io.netty.channel.AbstractChannelHandlerContext.invokeChannelRead(AbstractChannelHandlerContext.java:420) ~[netty-transport-4.1.109.Final.jar:4.1.109.Final]
	at io.netty.channel.AbstractChannelHandlerContext.fireChannelRead(AbstractChannelHandlerContext.java:412) ~[netty-transport-4.1.109.Final.jar:4.1.109.Final]
	at io.netty.handler.ssl.SslHandler.unwrap(SslHandler.java:1475) ~[netty-handler-4.1.109.Final.jar:4.1.109.Final]
	at io.netty.handler.ssl.SslHandler.decodeJdkCompatible(SslHandler.java:1338) ~[netty-handler-4.1.109.Final.jar:4.1.109.Final]
	at io.netty.handler.ssl.SslHandler.decode(SslHandler.java:1387) ~[netty-handler-4.1.109.Final.jar:4.1.109.Final]
	at io.netty.handler.codec.ByteToMessageDecoder.decodeRemovalReentryProtection(ByteToMessageDecoder.java:530) ~[netty-codec-4.1.109.Final.jar:4.1.109.Final]
	at io.netty.handler.codec.ByteToMessageDecoder.callDecode(ByteToMessageDecoder.java:469) ~[netty-codec-4.1.109.Final.jar:4.1.109.Final]
	at io.netty.handler.codec.ByteToMessageDecoder.channelRead(ByteToMessageDecoder.java:290) ~[netty-codec-4.1.109.Final.jar:4.1.109.Final]
	at io.netty.channel.AbstractChannelHandlerContext.invokeChannelRead(AbstractChannelHandlerContext.java:444) ~[netty-transport-4.1.109.Final.jar:4.1.109.Final]
	at io.netty.channel.AbstractChannelHandlerContext.invokeChannelRead(AbstractChannelHandlerContext.java:420) ~[netty-transport-4.1.109.Final.jar:4.1.109.Final]
	at io.netty.channel.AbstractChannelHandlerContext.fireChannelRead(AbstractChannelHandlerContext.java:412) ~[netty-transport-4.1.109.Final.jar:4.1.109.Final]
	at io.netty.channel.DefaultChannelPipeline$HeadContext.channelRead(DefaultChannelPipeline.java:1410) ~[netty-transport-4.1.109.Final.jar:4.1.109.Final]
	at io.netty.channel.AbstractChannelHandlerContext.invokeChannelRead(AbstractChannelHandlerContext.java:440) ~[netty-transport-4.1.109.Final.jar:4.1.109.Final]
	at io.netty.channel.AbstractChannelHandlerContext.invokeChannelRead(AbstractChannelHandlerContext.java:420) ~[netty-transport-4.1.109.Final.jar:4.1.109.Final]
	at io.netty.channel.DefaultChannelPipeline.fireChannelRead(DefaultChannelPipeline.java:919) ~[netty-transport-4.1.109.Final.jar:4.1.109.Final]
	at io.netty.channel.epoll.AbstractEpollStreamChannel$EpollStreamUnsafe.epollInReady(AbstractEpollStreamChannel.java:801) ~[netty-transport-classes-epoll-4.1.109.Final.jar:4.1.109.Final]
	at io.netty.channel.epoll.EpollEventLoop.processReady(EpollEventLoop.java:501) ~[netty-transport-classes-epoll-4.1.109.Final.jar:4.1.109.Final]
	at io.netty.channel.epoll.EpollEventLoop.run(EpollEventLoop.java:399) ~[netty-transport-classes-epoll-4.1.109.Final.jar:4.1.109.Final]
	at io.netty.util.concurrent.SingleThreadEventExecutor$4.run(SingleThreadEventExecutor.java:997) ~[netty-common-4.1.109.Final.jar:4.1.109.Final]
	at io.netty.util.internal.ThreadExecutorMap$2.run(ThreadExecutorMap.java:74) ~[netty-common-4.1.109.Final.jar:4.1.109.Final]
	at io.netty.util.concurrent.FastThreadLocalRunnable.run(FastThreadLocalRunnable.java:30) ~[netty-common-4.1.109.Final.jar:4.1.109.Final]
	at java.base/java.lang.Thread.run(Thread.java:1583) ~[na:na]
	Suppressed: java.lang.Exception: #block terminated with an error
		at reactor.core.publisher.BlockingSingleSubscriber.blockingGet(BlockingSingleSubscriber.java:104) ~[reactor-core-3.6.5.jar:3.6.5]
		at reactor.core.publisher.Mono.block(Mono.java:1779) ~[reactor-core-3.6.5.jar:3.6.5]
		at com.marketinghub.facebookadsworker.FacebookAdsService.executeGet(FacebookAdsService.java:2702) ~[classes/:na]
		at com.marketinghub.facebookadsworker.FacebookAdsService.getCampaignInsights(FacebookAdsService.java:2289) ~[classes/:na]
		at com.marketinghub.facebookadsworker.facebookcampaign.FacebookCampaignMetricsService.processTarget(FacebookCampaignMetricsService.java:104) ~[classes/:na]
		at com.marketinghub.facebookadsworker.facebookcampaign.FacebookCampaignMetricsService.syncCampaignMetrics(FacebookCampaignMetricsService.java:94) ~[classes/:na]
		at com.marketinghub.facebookadsworker.facebookcampaign.FacebookCampaignMetricsScheduler.scheduleMetricsSync(FacebookCampaignMetricsScheduler.java:16) ~[classes/:na]
		at java.base/jdk.internal.reflect.DirectMethodHandleAccessor.invoke(DirectMethodHandleAccessor.java:103) ~[na:na]
		at java.base/java.lang.reflect.Method.invoke(Method.java:580) ~[na:na]
		at org.springframework.scheduling.support.ScheduledMethodRunnable.runInternal(ScheduledMethodRunnable.java:130) ~[spring-context-6.1.6.jar:6.1.6]
		at org.springframework.scheduling.support.ScheduledMethodRunnable.lambda$run$2(ScheduledMethodRunnable.java:124) ~[spring-context-6.1.6.jar:6.1.6]
		at io.micrometer.observation.Observation.observe(Observation.java:499) ~[micrometer-observation-1.12.5.jar:1.12.5]
		at org.springframework.scheduling.support.ScheduledMethodRunnable.run(ScheduledMethodRunnable.java:124) ~[spring-context-6.1.6.jar:6.1.6]
		at org.springframework.scheduling.support.DelegatingErrorHandlingRunnable.run(DelegatingErrorHandlingRunnable.java:54) ~[spring-context-6.1.6.jar:6.1.6]
		at java.base/java.util.concurrent.Executors$RunnableAdapter.call(Executors.java:572) ~[na:na]
		at java.base/java.util.concurrent.FutureTask.runAndReset(FutureTask.java:358) ~[na:na]
		at java.base/java.util.concurrent.ScheduledThreadPoolExecutor$ScheduledFutureTask.run(ScheduledThreadPoolExecutor.java:305) ~[na:na]
		at java.base/java.util.concurrent.ThreadPoolExecutor.runWorker(ThreadPoolExecutor.java:1144) ~[na:na]
		at java.base/java.util.concurrent.ThreadPoolExecutor$Worker.run(ThreadPoolExecutor.java:642) ~[na:na]
		... 1 common frames omitted

2026-07-16T05:17:25.375Z  WARN 13397 --- [facebook-ads-worker] [scheduling-1] c.m.f.f.FacebookCampaignMetricsService   : Could not report metrics error for campaign : 404 Not Found from POST http://191.252.181.168/api/facebook-campaigns/metrics-error

org.springframework.web.reactive.function.client.WebClientResponseException$NotFound: 404 Not Found from POST http://191.252.181.168/api/facebook-campaigns/metrics-error
	at org.springframework.web.reactive.function.client.WebClientResponseException.create(WebClientResponseException.java:310) ~[spring-webflux-6.1.6.jar:6.1.6]
	Suppressed: reactor.core.publisher.FluxOnAssembly$OnAssemblyException: 
Error has been observed at the following site(s):
	*__checkpoint ⇢ 404 NOT_FOUND from POST http://191.252.181.168/api/facebook-campaigns/metrics-error [DefaultWebClient]
Original Stack Trace:
		at org.springframework.web.reactive.function.client.WebClientResponseException.create(WebClientResponseException.java:310) ~[spring-webflux-6.1.6.jar:6.1.6]
		at org.springframework.web.reactive.function.client.DefaultClientResponse.lambda$createException$1(DefaultClientResponse.java:214) ~[spring-webflux-6.1.6.jar:6.1.6]
		at reactor.core.publisher.FluxMap$MapSubscriber.onNext(FluxMap.java:106) ~[reactor-core-3.6.5.jar:3.6.5]
		at reactor.core.publisher.FluxOnErrorReturn$ReturnSubscriber.onNext(FluxOnErrorReturn.java:162) ~[reactor-core-3.6.5.jar:3.6.5]
		at reactor.core.publisher.FluxDefaultIfEmpty$DefaultIfEmptySubscriber.onNext(FluxDefaultIfEmpty.java:122) ~[reactor-core-3.6.5.jar:3.6.5]
		at reactor.core.publisher.FluxMapFuseable$MapFuseableSubscriber.onNext(FluxMapFuseable.java:129) ~[reactor-core-3.6.5.jar:3.6.5]
		at reactor.core.publisher.FluxContextWrite$ContextWriteSubscriber.onNext(FluxContextWrite.java:107) ~[reactor-core-3.6.5.jar:3.6.5]
		at reactor.core.publisher.FluxMapFuseable$MapFuseableConditionalSubscriber.onNext(FluxMapFuseable.java:299) ~[reactor-core-3.6.5.jar:3.6.5]
		at reactor.core.publisher.FluxFilterFuseable$FilterFuseableConditionalSubscriber.onNext(FluxFilterFuseable.java:337) ~[reactor-core-3.6.5.jar:3.6.5]
		at reactor.core.publisher.Operators$BaseFluxToMonoOperator.completePossiblyEmpty(Operators.java:2097) ~[reactor-core-3.6.5.jar:3.6.5]
		at reactor.core.publisher.MonoCollect$CollectSubscriber.onComplete(MonoCollect.java:145) ~[reactor-core-3.6.5.jar:3.6.5]
		at reactor.core.publisher.FluxMap$MapSubscriber.onComplete(FluxMap.java:144) ~[reactor-core-3.6.5.jar:3.6.5]
		at reactor.core.publisher.FluxPeek$PeekSubscriber.onComplete(FluxPeek.java:260) ~[reactor-core-3.6.5.jar:3.6.5]
		at reactor.core.publisher.FluxMap$MapSubscriber.onComplete(FluxMap.java:144) ~[reactor-core-3.6.5.jar:3.6.5]
		at reactor.netty.channel.FluxReceive.onInboundComplete(FluxReceive.java:415) ~[reactor-netty-core-1.1.18.jar:1.1.18]
		at reactor.netty.channel.ChannelOperations.onInboundComplete(ChannelOperations.java:446) ~[reactor-netty-core-1.1.18.jar:1.1.18]
		at reactor.netty.channel.ChannelOperations.terminate(ChannelOperations.java:500) ~[reactor-netty-core-1.1.18.jar:1.1.18]
		at reactor.netty.http.client.HttpClientOperations.onInboundNext(HttpClientOperations.java:793) ~[reactor-netty-http-1.1.18.jar:1.1.18]
		at reactor.netty.channel.ChannelOperationsHandler.channelRead(ChannelOperationsHandler.java:114) ~[reactor-netty-core-1.1.18.jar:1.1.18]
		at io.netty.channel.AbstractChannelHandlerContext.invokeChannelRead(AbstractChannelHandlerContext.java:444) ~[netty-transport-4.1.109.Final.jar:4.1.109.Final]
		at io.netty.channel.AbstractChannelHandlerContext.invokeChannelRead(AbstractChannelHandlerContext.java:420) ~[netty-transport-4.1.109.Final.jar:4.1.109.Final]
		at io.netty.channel.AbstractChannelHandlerContext.fireChannelRead(AbstractChannelHandlerContext.java:412) ~[netty-transport-4.1.109.Final.jar:4.1.109.Final]
		at io.netty.handler.codec.MessageToMessageDecoder.channelRead(MessageToMessageDecoder.java:103) ~[netty-codec-4.1.109.Final.jar:4.1.109.Final]
		at io.netty.channel.AbstractChannelHandlerContext.invokeChannelRead(AbstractChannelHandlerContext.java:444) ~[netty-transport-4.1.109.Final.jar:4.1.109.Final]
		at io.netty.channel.AbstractChannelHandlerContext.invokeChannelRead(AbstractChannelHandlerContext.java:420) ~[netty-transport-4.1.109.Final.jar:4.1.109.Final]
		at io.netty.channel.AbstractChannelHandlerContext.fireChannelRead(AbstractChannelHandlerContext.java:412) ~[netty-transport-4.1.109.Final.jar:4.1.109.Final]
		at io.netty.channel.CombinedChannelDuplexHandler$DelegatingChannelHandlerContext.fireChannelRead(CombinedChannelDuplexHandler.java:436) ~[netty-transport-4.1.109.Final.jar:4.1.109.Final]
		at io.netty.handler.codec.ByteToMessageDecoder.fireChannelRead(ByteToMessageDecoder.java:346) ~[netty-codec-4.1.109.Final.jar:4.1.109.Final]
		at io.netty.handler.codec.ByteToMessageDecoder.channelRead(ByteToMessageDecoder.java:318) ~[netty-codec-4.1.109.Final.jar:4.1.109.Final]
		at io.netty.channel.CombinedChannelDuplexHandler.channelRead(CombinedChannelDuplexHandler.java:251) ~[netty-transport-4.1.109.Final.jar:4.1.109.Final]
		at io.netty.channel.AbstractChannelHandlerContext.invokeChannelRead(AbstractChannelHandlerContext.java:442) ~[netty-transport-4.1.109.Final.jar:4.1.109.Final]
		at io.netty.channel.AbstractChannelHandlerContext.invokeChannelRead(AbstractChannelHandlerContext.java:420) ~[netty-transport-4.1.109.Final.jar:4.1.109.Final]
		at io.netty.channel.AbstractChannelHandlerContext.fireChannelRead(AbstractChannelHandlerContext.java:412) ~[netty-transport-4.1.109.Final.jar:4.1.109.Final]
		at io.netty.channel.DefaultChannelPipeline$HeadContext.channelRead(DefaultChannelPipeline.java:1410) ~[netty-transport-4.1.109.Final.jar:4.1.109.Final]
		at io.netty.channel.AbstractChannelHandlerContext.invokeChannelRead(AbstractChannelHandlerContext.java:440) ~[netty-transport-4.1.109.Final.jar:4.1.109.Final]
		at io.netty.channel.AbstractChannelHandlerContext.invokeChannelRead(AbstractChannelHandlerContext.java:420) ~[netty-transport-4.1.109.Final.jar:4.1.109.Final]
		at io.netty.channel.DefaultChannelPipeline.fireChannelRead(DefaultChannelPipeline.java:919) ~[netty-transport-4.1.109.Final.jar:4.1.109.Final]
		at io.netty.channel.epoll.AbstractEpollStreamChannel$EpollStreamUnsafe.epollInReady(AbstractEpollStreamChannel.java:801) ~[netty-transport-classes-epoll-4.1.109.Final.jar:4.1.109.Final]
		at io.netty.channel.epoll.EpollEventLoop.processReady(EpollEventLoop.java:501) ~[netty-transport-classes-epoll-4.1.109.Final.jar:4.1.109.Final]
		at io.netty.channel.epoll.EpollEventLoop.run(EpollEventLoop.java:399) ~[netty-transport-classes-epoll-4.1.109.Final.jar:4.1.109.Final]
		at io.netty.util.concurrent.SingleThreadEventExecutor$4.run(SingleThreadEventExecutor.java:997) ~[netty-common-4.1.109.Final.jar:4.1.109.Final]
		at io.netty.util.internal.ThreadExecutorMap$2.run(ThreadExecutorMap.java:74) ~[netty-common-4.1.109.Final.jar:4.1.109.Final]
		at io.netty.util.concurrent.FastThreadLocalRunnable.run(FastThreadLocalRunnable.java:30) ~[netty-common-4.1.109.Final.jar:4.1.109.Final]
		at java.base/java.lang.Thread.run(Thread.java:1583) ~[na:na]
	Suppressed: java.lang.Exception: #block terminated with an error
		at reactor.core.publisher.BlockingSingleSubscriber.blockingGet(BlockingSingleSubscriber.java:104) ~[reactor-core-3.6.5.jar:3.6.5]
		at reactor.core.publisher.Mono.block(Mono.java:1779) ~[reactor-core-3.6.5.jar:3.6.5]
		at com.marketinghub.facebookadsworker.facebookcampaign.FacebookCampaignMetricsService.reportMetricsError(FacebookCampaignMetricsService.java:369) ~[classes/:na]
		at com.marketinghub.facebookadsworker.facebookcampaign.FacebookCampaignMetricsService.processTarget(FacebookCampaignMetricsService.java:130) ~[classes/:na]
		at com.marketinghub.facebookadsworker.facebookcampaign.FacebookCampaignMetricsService.syncCampaignMetrics(FacebookCampaignMetricsService.java:94) ~[classes/:na]
		at com.marketinghub.facebookadsworker.facebookcampaign.FacebookCampaignMetricsScheduler.scheduleMetricsSync(FacebookCampaignMetricsScheduler.java:16) ~[classes/:na]
		at java.base/jdk.internal.reflect.DirectMethodHandleAccessor.invoke(DirectMethodHandleAccessor.java:103) ~[na:na]
		at java.base/java.lang.reflect.Method.invoke(Method.java:580) ~[na:na]
		at org.springframework.scheduling.support.ScheduledMethodRunnable.runInternal(ScheduledMethodRunnable.java:130) ~[spring-context-6.1.6.jar:6.1.6]
		at org.springframework.scheduling.support.ScheduledMethodRunnable.lambda$run$2(ScheduledMethodRunnable.java:124) ~[spring-context-6.1.6.jar:6.1.6]
		at io.micrometer.observation.Observation.observe(Observation.java:499) ~[micrometer-observation-1.12.5.jar:1.12.5]
		at org.springframework.scheduling.support.ScheduledMethodRunnable.run(ScheduledMethodRunnable.java:124) ~[spring-context-6.1.6.jar:6.1.6]
		at org.springframework.scheduling.support.DelegatingErrorHandlingRunnable.run(DelegatingErrorHandlingRunnable.java:54) ~[spring-context-6.1.6.jar:6.1.6]
		at java.base/java.util.concurrent.Executors$RunnableAdapter.call(Executors.java:572) ~[na:na]
		at java.base/java.util.concurrent.FutureTask.runAndReset(FutureTask.java:358) ~[na:na]
		at java.base/java.util.concurrent.ScheduledThreadPoolExecutor$ScheduledFutureTask.run(ScheduledThreadPoolExecutor.java:305) ~[na:na]
		at java.base/java.util.concurrent.ThreadPoolExecutor.runWorker(ThreadPoolExecutor.java:1144) ~[na:na]
		at java.base/java.util.concurrent.ThreadPoolExecutor$Worker.run(ThreadPoolExecutor.java:642) ~[na:na]
		at java.base/java.lang.Thread.run(Thread.java:1583) ~[na:na]

2026-07-16T05:17:25.377Z  INFO 13397 --- [facebook-ads-worker] [scheduling-1] .m.f.c.FacebookWorkerConfigurationClient : Requesting Facebook worker configuration from backend: url==>http://191.252.181.168/api/accounts/facebook/worker-config, params={}
2026-07-16T05:17:25.510Z  INFO 13397 --- [facebook-ads-worker] [scheduling-1] .m.f.c.FacebookWorkerConfigurationClient : Received Facebook worker configuration response from backend: url<==http://191.252.181.168/api/accounts/facebook/worker-config, response={"accountId":1,"adAccountId":"939323521124952","accessToken":"EAALKZCklBIpoBRp8TLLvqERh459ZBdy2L3H1NAzasViZAGa9FLJJxH227vaJ99xvqjr9SbWqbQavpNDwiyXghDm3GZAq3qa5cDl5M7eLPRsw6MrxFLLlxanSLOgrQUWAZBT0OMYZC70DXZBobQzLhKZAT2UyiqNIZCpb0jAAfZA2RZAojXXmlxYyjgoCYJAJfen4sfGJnJb1Iqn","systemUserAccessToken":"EAALKZCklBIpoBRPrMY5ZBnwKiqZAavOWuAOdDZBE69CD5YC7L1t6B7AVEyw5BwE9TJaySajAlR2DoYoMC4Q2ZBbLcOYmuRqG3BhRgxdx2iwniUKd48S2CyZCaY22e9JJMvPefi8CoSZBc2juarNGTGVumExY2qTdA9ZC8lgcV69ZCeCCh2MmCzqEyKU0QR9N5NwZDZD","pixelOwnerBusinessId":"1337293866974593","appId":"786143452930714","appSecret":"050a9e2d05d33c783ebef4c0d12c095d","defaultPageId":null,"defaultInstagramActorId":null,"defaultWebsiteUrl":"http://191.252.92.222:3000/accounts/facebook","defaultLeadGenFormId":null,"defaultCreativeMessageTemplate":"%s","defaultCallToActionType":"LEARN_MORE","adSetDailyBudget":"2000","adSetBillingEvent":"IMPRESSIONS","adSetOptimizationGoal":"LINK_CLICKS","adSetDestinationType":"WEBSITE","adSetBidStrategy":"LOWEST_COST_WITHOUT_CAP","adSetBidAmount":null,"adSetTargetCountry":"BR"}
2026-07-16T05:17:25.510Z  INFO 13397 --- [facebook-ads-worker] [scheduling-1] c.m.f.f.FacebookCampaignService          : Requesting experiments ready for Facebook campaigns from backend: url==>http://191.252.181.168/api/facebook-campaigns/experiments-ready, params={}
2026-07-16T05:17:26.618Z  INFO 13397 --- [facebook-ads-worker] [scheduling-1] c.m.f.f.FacebookCampaignService          : Received experiments response from backend: url<==http://191.252.181.168/api/facebook-campaigns/experiments-ready, response=[{"id":66,"name":"MUSA-H001-E004","singlePain":"Ela quer parecer mais elegante, marcante e coerente, mas sente que falta algo no visual e não sabe quais ajustes de cabelo, pele, roupa, perfume e acessórios realmente elevam sua presença sem luxo caro.","freeReward":"Preview do Kit MUSA com checklist de presença elegante, exemplo preenchido e amostra do plano de 7 dias.","funnelPromise":"Monte em 7 dias uma presença mais elegante, marcante e coerente sem depender de luxo caro, compras impulsivas ou transformação radical.","primaryCta":"Quero meu Kit MUSA por R$47","experimentType":"LOW_TICKET_PRODUCT","campaignObjective":"SALES","pageId":"485863027935937","facebookPixelId":"1272936690700110","dailyBudget":25.00,"facebookPage":{"id":1,"pageId":"485863027935937","name":"Produtividade 360"},"instagramAccount":{"id":1,"handle":"@produtividade360_","code":"17841468261725306","name":"Produtividade 360"},"facebookInstantForm":null,"nextStepInstantForm":false,"followUpActionUrl":"https://oportunidadebrasil.shop/flows/exp-66-gerasalespage-v1","publicationJobId":"4c12d4aa834a44f2b8d9da6ee0519faa6e066a05cf33fb73d31c292ba397101e","leadPortalFlow":{"id":49,"name":"GeraSalesPage v1 - Experimento 66","slug":"exp-66-gerasalespage-v1","publicUrl":"https://oportunidadebrasil.shop/flows/exp-66-gerasalespage-v1"},"salesPageAbTest":null}]
2026-07-16T05:17:26.626Z  INFO 13397 --- [facebook-ads-worker] [scheduling-1] c.m.f.f.FacebookCampaignService          : Requesting creatives for experiment from backend: url==>http://191.252.181.168/api/facebook-campaigns/experiments/66/creatives-ready, params={}
2026-07-16T05:17:26.789Z  INFO 13397 --- [facebook-ads-worker] [scheduling-1] c.m.f.f.FacebookCampaignService          : Received creatives response from backend: url<==http://191.252.181.168/api/facebook-campaigns/experiments/66/creatives-ready, response=[{"id":228,"experimentId":66,"format":"IMAGE","headline":"Presença elegante em 7 dias","primaryText":"Você se arruma, compra peças e testa perfumes, mas ainda sente que falta algo? O Kit MUSA organiza cabelo, pele, roupa, perfume e acessórios em um plano prático de 7 dias para uma presença mais elegante sem luxo caro.","imageUrl":"https://pub-37cb222fbfe5470da56cce789c5beec1.r2.dev/uploads/2026/07/16/misc/6756bc1af52c-musa-ad-creative-v1.png","description":"Kit prático com plano, checklist e templates.","cta":"Quero meu Kit MUSA por R$47","destinationUrl":null,"leadGenFormId":null,"instagramUserId":null,"status":"READY"},{"id":229,"experimentId":66,"format":"IMAGE","headline":"Elegância não começa no preço","primaryText":"O detalhe certo muda a percepção antes de qualquer compra nova. Use o checklist MUSA para ajustar ruídos visuais, reaproveitar o que você já tem e montar uma presença mais coerente em 7 dias.","imageUrl":"https://pub-37cb222fbfe5470da56cce789c5beec1.r2.dev/uploads/2026/07/16/misc/6756bc1af52c-musa-ad-creative-v1.png","description":"Método MUSA — presença elegante acessível.","cta":"Começar por R$47","destinationUrl":null,"leadGenFormId":null,"instagramUserId":null,"status":"READY"},{"id":230,"experimentId":66,"format":"IMAGE","headline":"Checklist de presença em 12 minutos","primaryText":"Antes de sair, existe uma sequência simples para alinhar cabelo, pele, roupa, perfume e acessórios. O Kit MUSA entrega o passo a passo, exemplos preenchidos e templates para aplicar sem tentativa e erro.","imageUrl":"https://pub-37cb222fbfe5470da56cce789c5beec1.r2.dev/uploads/2026/07/16/misc/6756bc1af52c-musa-ad-creative-v1.png","description":"Plano rápido para microajustes de alto impacto.","cta":"Quero o checklist MUSA","destinationUrl":null,"leadGenFormId":null,"instagramUserId":null,"status":"READY"},{"id":231,"experimentId":66,"format":"IMAGE","headline":"Pare de comprar no impulso","primaryText":"Talvez o que falta não seja mais uma peça. O Kit MUSA mostra o que reaproveitar, o que ajustar e o que evitar para construir uma presença elegante sem gastar com luxo caro.","imageUrl":"https://pub-37cb222fbfe5470da56cce789c5beec1.r2.dev/uploads/2026/07/16/misc/6756bc1af52c-musa-ad-creative-v1.png","description":"Inclui lista anti-impulso e bônus anti-objeção.","cta":"Ver o Kit por R$47","destinationUrl":null,"leadGenFormId":null,"instagramUserId":null,"status":"READY"},{"id":232,"experimentId":66,"format":"IMAGE","headline":"Quando o visual parece quase certo","primaryText":"Se você sente que está arrumada, mas não marcante, o problema pode estar na coerência dos detalhes. Em 7 dias, o Método MUSA guia ajustes acessíveis para presença, beleza, roupa e assinatura olfativa.","imageUrl":"https://pub-37cb222fbfe5470da56cce789c5beec1.r2.dev/uploads/2026/07/16/misc/6756bc1af52c-musa-ad-creative-v1.png","description":"Workbook, checklist, templates e exemplo preenchido.","cta":"Começar minha presença elegante","destinationUrl":null,"leadGenFormId":null,"instagramUserId":null,"status":"READY"}]
2026-07-16T05:17:26.791Z  INFO 13397 --- [facebook-ads-worker] [scheduling-1] c.m.f.f.FacebookCampaignService          : Using experiment standalone follow-up URL as destination for experiment 66: url=https://oportunidadebrasil.shop/flows/exp-66-gerasalespage-v1?campaign=exp-66
2026-07-16T05:17:26.792Z  INFO 13397 --- [facebook-ads-worker] [scheduling-1] c.m.f.f.FacebookCampaignService          : Using experiment standalone follow-up URL as destination for experiment 66: url=https://oportunidadebrasil.shop/flows/exp-66-gerasalespage-v1?campaign=exp-66
2026-07-16T05:17:26.881Z  INFO 13397 --- [facebook-ads-worker] [scheduling-1] c.m.f.f.FacebookCampaignService          : Using experiment standalone follow-up URL as destination for experiment 66: url=https://oportunidadebrasil.shop/flows/exp-66-gerasalespage-v1?campaign=exp-66
2026-07-16T05:17:26.881Z  INFO 13397 --- [facebook-ads-worker] [scheduling-1] c.m.f.f.FacebookCampaignService          : Using experiment standalone follow-up URL as destination for experiment 66: url=https://oportunidadebrasil.shop/flows/exp-66-gerasalespage-v1?campaign=exp-66
2026-07-16T05:17:26.881Z  INFO 13397 --- [facebook-ads-worker] [scheduling-1] c.m.f.f.FacebookCampaignService          : Using experiment standalone follow-up URL as destination for experiment 66: url=https://oportunidadebrasil.shop/flows/exp-66-gerasalespage-v1?campaign=exp-66
2026-07-16T05:17:26.882Z  INFO 13397 --- [facebook-ads-worker] [scheduling-1] c.m.f.f.FacebookCampaignService          : Using experiment standalone follow-up URL as destination for experiment 66: url=https://oportunidadebrasil.shop/flows/exp-66-gerasalespage-v1?campaign=exp-66
2026-07-16T05:17:27.023Z  INFO 13397 --- [facebook-ads-worker] [scheduling-1] c.m.f.f.FacebookCampaignService          : Requesting approved targeting package from backend: url==>http://191.252.181.168/api/facebook-adsets/experiments/66/targeting-package, params={"experimentId":66}
2026-07-16T05:17:27.157Z  INFO 13397 --- [facebook-ads-worker] [scheduling-1] c.m.f.f.FacebookCampaignService          : Received approved targeting package from backend: url<==http://191.252.181.168/api/facebook-adsets/experiments/66/targeting-package, response={"experimentId":66,"targeting":{"interests":[{"id":215,"marketNicheId":31,"hypothesisId":null,"type":"INTEREST","term":"Beauty (social concept)","description":"Beauty","prompt":null,"model":null,"source":"MANUAL","status":"APPROVED","notes":"Selecionado via Meta Graph search em 2026-07-09 para experimento 61.","lastReviewedBy":"codex-mkt","metaId":"6002867432822","metaKey":"Beauty (social concept)","metaAudienceSizeLowerBound":1148677211,"metaAudienceSizeUpperBound":1148677211,"metaIdUnavailable":false,"metaIdUnavailableReason":null,"confidence":0.69,"createdAt":"2026-07-09T16:15:43.670789Z","updatedAt":"2026-07-15T02:40:40.520459Z"},{"id":214,"marketNicheId":31,"hypothesisId":null,"type":"INTEREST","term":"Fragrances (cosmetics)","description":"Fragrances","prompt":null,"model":null,"source":"MANUAL","status":"APPROVED","notes":"Selecionado via Meta Graph search em 2026-07-09 para experimento 61.","lastReviewedBy":"codex-mkt","metaId":"6003443805331","metaKey":"Fragrances (cosmetics)","metaAudienceSizeLowerBound":665366058,"metaAudienceSizeUpperBound":665366058,"metaIdUnavailable":false,"metaIdUnavailableReason":null,"confidence":0.69,"createdAt":"2026-07-09T16:15:43.409566Z","updatedAt":"2026-07-15T02:40:49.280575Z"}],"jobTitles":[{"id":226,"marketNicheId":31,"hypothesisId":"1273994b-2663-434b-b6ef-0cd503e816ae","type":"JOB_TITLE","term":"Cabeleireira e Maquiadora","description":"Cabeleireira e Maquiadora","prompt":null,"model":null,"source":"MANUAL","status":"APPROVED","notes":"Selecionado via Meta Graph adworkposition em 2026-07-15 para experimento 66.","lastReviewedBy":"codex-mkt","metaId":"131428823566978","metaKey":"Cabeleireira e Maquiadora","metaAudienceSizeLowerBound":19420,"metaAudienceSizeUpperBound":19420,"metaIdUnavailable":false,"metaIdUnavailableReason":null,"confidence":0.6524,"createdAt":"2026-07-15T02:39:35.998390Z","updatedAt":"2026-07-15T02:40:55.978609Z"}],"behaviors":[{"id":216,"marketNicheId":31,"hypothesisId":null,"type":"BEHAVIOR","term":"Pessoas no Brasil que preferem produtos de valor intermediario e alto","description":"Comportamento Meta de consumo qualificado no Brasil, adequado para low ticket de imagem/elegancia.","prompt":null,"model":null,"source":"MANUAL","status":"APPROVED","notes":"Selecionado via Meta Graph adTargetingCategory em 2026-07-09 para experimento 61.","lastReviewedBy":"codex-mkt","metaId":"6110813675983","metaKey":"6110813675983","metaAudienceSizeLowerBound":46421289,"metaAudienceSizeUpperBound":54591437,"metaIdUnavailable":false,"metaIdUnavailableReason":null,"confidence":0.78,"createdAt":"2026-07-09T16:15:43.926577Z","updatedAt":"2026-07-09T16:15:43.926585Z"}]}}
2026-07-16T05:17:27.159Z  INFO 13397 --- [facebook-ads-worker] [scheduling-1] c.m.f.f.FacebookCampaignService          : Using backend-approved manual targeting package for experiment 66: {"flexible_spec":[{"interests":[{"id":"6002867432822","name":"Beauty (social concept)"},{"id":"6003443805331","name":"Fragrances (cosmetics)"}],"work_positions":[{"id":"131428823566978","name":"Cabeleireira e Maquiadora"}],"behaviors":[{"id":"6110813675983","name":"6110813675983"}]}]}
2026-07-16T05:17:27.161Z  INFO 13397 --- [facebook-ads-worker] [scheduling-1] c.m.f.FacebookAdsService                 : Sending GET request to Facebook API: path==>/v23.0/act_939323521124952/reachestimate?targeting_spec=%7B%22flexible_spec%22%3A%5B%7B%22interests%22%3A%5B%7B%22id%22%3A%226002867432822%22%2C%22name%22%3A%22Beauty%20%28social%20concept%29%22%7D%2C%7B%22id%22%3A%226003443805331%22%2C%22name%22%3A%22Fragrances%20%28cosmetics%29%22%7D%5D%2C%22work_positions%22%3A%5B%7B%22id%22%3A%22131428823566978%22%2C%22name%22%3A%22Cabeleireira%20e%20Maquiadora%22%7D%5D%2C%22behaviors%22%3A%5B%7B%22id%22%3A%226110813675983%22%2C%22name%22%3A%226110813675983%22%7D%5D%7D%5D%2C%22geo_locations%22%3A%7B%22countries%22%3A%5B%22BR%22%5D%7D%7D&access_token=EAA...Iqn
2026-07-16T05:17:27.855Z  INFO 13397 --- [facebook-ads-worker] [scheduling-1] c.m.f.FacebookAdsService                 : Facebook API response received: method=GET, path<==/v23.0/act_939323521124952/reachestimate?targeting_spec=%7B%22flexible_spec%22%3A%5B%7B%22interests%22%3A%5B%7B%22id%22%3A%226002867432822%22%2C%22name%22%3A%22Beauty%20%28social%20concept%29%22%7D%2C%7B%22id%22%3A%226003443805331%22%2C%22name%22%3A%22Fragrances%20%28cosmetics%29%22%7D%5D%2C%22work_positions%22%3A%5B%7B%22id%22%3A%22131428823566978%22%2C%22name%22%3A%22Cabeleireira%20e%20Maquiadora%22%7D%5D%2C%22behaviors%22%3A%5B%7B%22id%22%3A%226110813675983%22%2C%22name%22%3A%226110813675983%22%7D%5D%7D%5D%2C%22geo_locations%22%3A%7B%22countries%22%3A%5B%22BR%22%5D%7D%7D&access_token=EAA...Iqn, status=200 200 OK, headers={"x-fb-request-id":["Alo...21u"],"x-fb-trace-id":["FIK...ow3"],"X-FB-Connection-Quality":["EXC...t=0"],"Alt-Svc":["h3=...400"],"Access-Control-Allow-Origin":["***"],"Connection":["kee...ive"],"x-fb-rev":["104...862"],"x-ad-api-version-warning":["The...ed."],"Pragma":["no-...che"],"x-business-use-case-usage":["{\"9...}]}"],"Date":["Thu...GMT"],"Strict-Transport-Security":["max...oad"],"Cache-Control":["pri...ate"],"ETag":["\"6b...d5\""],"Vary":["***"],"Expires":["Sat...GMT"],"X-FB-Debug":["z8z...w=="],"Content-Length":["***"],"facebook-api-version":["***"],"Content-Type":["app...F-8"]}, body={"data":{"users_lower_bound":83500000,"users_upper_bound":98200000,"estimate_ready":true}}
2026-07-16T05:17:28.410Z  WARN 13397 --- [facebook-ads-worker] [scheduling-1] c.m.f.f.FacebookCampaignService          : Reach estimate bounds unavailable; continuing controlled publication: experimentId=66, response={"data":{"users_lower_bound":83500000,"users_upper_bound":98200000,"estimate_ready":true}}
2026-07-16T05:17:28.411Z  INFO 13397 --- [facebook-ads-worker] [scheduling-1] c.m.f.f.FacebookCampaignService          : Preloading creative image using canonical hash deduplication: experimentId=66, creativeId=228, imageUrl=https://pub-37cb222fbfe5470da56cce789c5beec1.r2.dev/uploads/2026/07/16/misc/6756bc1af52c-musa-ad-creative-v1.png
2026-07-16T05:17:28.727Z  INFO 13397 --- [facebook-ads-worker] [scheduling-1] c.m.f.f.FacebookCampaignService          : Requesting canonical image hash mapping from backend: url==>http://191.252.181.168/api/internal/facebook-campaigns/image-hash-mappings/resolve?platform=FACEBOOK&adAccountId=939323521124952&localHash=75720cb11e6a558c253e49832b7678eda0302632da14a2410c4a5207cef31a3d, params={"platform":"FACEBOOK","adAccountId":"939323521124952","localHash":"75720cb11e6a558c253e49832b7678eda0302632da14a2410c4a5207cef31a3d"}
2026-07-16T05:17:28.851Z  INFO 13397 --- [facebook-ads-worker] [scheduling-1] c.m.f.f.FacebookCampaignService          : Received canonical image hash mapping from backend: url<==http://191.252.181.168/api/internal/facebook-campaigns/image-hash-mappings/resolve?platform=FACEBOOK&adAccountId=939323521124952&localHash=75720cb11e6a558c253e49832b7678eda0302632da14a2410c4a5207cef31a3d, response=null
2026-07-16T05:17:28.853Z  INFO 13397 --- [facebook-ads-worker] [scheduling-1] c.m.f.FacebookAdsService                 : Sending multipart POST request to Facebook API: path==>/v23.0/act_939323521124952/adimages, body={"filename":"6756bc1af52c-musa-ad-creative-v1.png","parts":["source(bytes)","filename","access_token"]}
2026-07-16T05:17:29.424Z  INFO 13397 --- [facebook-ads-worker] [scheduling-1] c.m.f.FacebookAdsService                 : Facebook API response received: method=POST, path<==/v23.0/act_939323521124952/adimages, status=200 200 OK, headers={"x-fb-request-id":["AU3...b_P"],"x-fb-trace-id":["Hdd...3Us"],"X-FB-Connection-Quality":["EXC...=61"],"transfer-encoding":["chu...ked"],"Alt-Svc":["h3=...400"],"Access-Control-Allow-Origin":["***"],"Connection":["kee...ive"],"x-fb-rev":["104...898"],"x-ad-api-version-warning":["The...ed."],"Pragma":["no-...che"],"x-business-use-case-usage":["{\"9...}]}"],"Date":["Thu...GMT"],"Strict-Transport-Security":["max...oad"],"Cache-Control":["pri...ate"],"Vary":["***","Acc...ing"],"Expires":["Sat...GMT"],"X-FB-Debug":["YhS...A=="],"facebook-api-version":["***"],"Content-Type":["app...F-8"]}, body={"images":{"6756bc1af52c-musa-ad-creative-v1.png":{"hash":"b46270d3aebfda44d6768cd28ea8b0ee","height":1080,"url":"https://scontent-lga3-2.xx.fbcdn.net/v/t45.1600-4/748614591_122231980394562190_8081871888014908934_n.png?stp=dst-jpg_tt6&_nc_cat=105&ccb=1-7&_nc_sid=d5bd00&_nc_eui2=AeFN843tx6oIVw0S_vEhkJqPcLl7ADyPojtwuXsAPI-iO-G53eFB_ZuEdj2LKRUVsNsemxv4bKM7Wq-vbjBZs5CZ&_nc_ohc=gckm2oE1-9EQ7kNvwHhMI-x&_nc_oc=AdoKogJwA3ln_dWxZov5SsPzqeb_zK55-u9bAmhbfcR7OVgmuC58iFp1wpLBkbG2Y30&_nc_zt=1&_nc_ht=scontent-lga3-2.xx&edm=AJNyvH4EAAAA&_nc_gid=jei1lZhjqpH_BxhzkyYisQ&_nc_tpa=Q5bMBQHO47z9KDZMgYeunXU-bkxLrjlc2GqfQ4gUQb3MN-arVzdnSjjXXvk5rW8_HYn3VQfT_xFxHfaM&oh=00_AQD-u7YrbP_D9qCyhJk2bSfS9nzZcks46507bt7ywip7UQ&oe=6A5E4369","name":"6756bc1af52c-musa-ad-creative-v1.png","url_128":"https://scontent-lga3-2.xx.fbcdn.net/v/t45.1600-4/748614591_122231980394562190_8081871888014908934_n.png?stp=dst-jpg_s168x128_tt6&_nc_cat=105&ccb=1-7&_nc_sid=d73f9c&_nc_eui2=AeFN843tx6oIVw0S_vEhkJqPcLl7ADyPojtwuXsAPI-iO-G53eFB_ZuEdj2LKRUVsNsemxv4bKM7Wq-vbjBZs5CZ&_nc_ohc=gckm2oE1-9EQ7kNvwHhMI-x&_nc_oc=AdoKogJwA3ln_dWxZov5SsPzqeb_zK55-u9bAmhbfcR7OVgmuC58iFp1wpLBkbG2Y30&_nc_zt=1&_nc_ht=scontent-lga3-2.xx&edm=AJNyvH4EAAAA&_nc_gid=jei1lZhjqpH_BxhzkyYisQ&_nc_tpa=Q5bMBQF2mWF1ZJrDiUmUXVG6xyEp0tYUVMWFsGx_AZmkPdQYoBazUIKFlDFaf4H7l6jc8s7fwA1ryfIc&oh=00_AQD3XguoCJ71TuzKB-PxQmZP4bFX3GpbzPAXmbTGTXZTrg&oe=6A5E4369","width":1080,"url_256":"https://scontent-lga3-2.xx.fbcdn.net/v/t45.1600-4/748614591_122231980394562190_8081871888014908934_n.png?stp=dst-jpg_s261x260_tt6&_nc_cat=105&ccb=1-7&_nc_sid=d73f9c&_nc_eui2=AeFN843tx6oIVw0S_vEhkJqPcLl7ADyPojtwuXsAPI-iO-G53eFB_ZuEdj2LKRUVsNsemxv4bKM7Wq-vbjBZs5CZ&_nc_ohc=gckm2oE1-9EQ7kNvwHhMI-x&_nc_oc=AdoKogJwA3ln_dWxZov5SsPzqeb_zK55-u9bAmhbfcR7OVgmuC58iFp1wpLBkbG2Y30&_nc_zt=1&_nc_ht=scontent-lga3-2.xx&edm=AJNyvH4EAAAA&_nc_gid=jei1lZhjqpH_BxhzkyYisQ&_nc_tpa=Q5bMBQEkdT1plNK6eq4LINkPP9v4Y6cf6v0_xcsA66fZYp5IiFGfbGD2bv558NDj0QcIEE2yuf5Fqx0m&oh=00_AQDfDi-yap-LfznSjL-5JU7kkpFx8FgLF5HgzgccqCsoTQ&oe=6A5E4369","url_256_height":"260","url_256_width":"260"}}}
2026-07-16T05:17:29.705Z  INFO 13397 --- [facebook-ads-worker] [scheduling-1] c.m.f.f.FacebookCampaignService          : Creative image uploaded to Meta and image_hash captured for canonical persistence: experimentId=66, creativeId=228, localHash=75720cb11e6a558c253e49832b7678eda0302632da14a2410c4a5207cef31a3d, hash=b46270d3aebfda44d6768cd28ea8b0ee
2026-07-16T05:17:29.706Z  INFO 13397 --- [facebook-ads-worker] [scheduling-1] c.m.f.f.FacebookCampaignService          : Persisting canonical image hash mapping in backend: url==>http://191.252.181.168/api/internal/facebook-campaigns/image-hash-mappings, payload={"platform":"FACEBOOK","adAccountId":"939323521124952","localHash":"75720cb11e6a558c253e49832b7678eda0302632da14a2410c4a5207cef31a3d","metaImageHash":"b46270d3aebfda44d6768cd28ea8b0ee"}
2026-07-16T05:17:29.832Z  WARN 13397 --- [facebook-ads-worker] [scheduling-1] c.m.f.f.FacebookCampaignService          : Failed to persist canonical image hash mapping in backend: url==>http://191.252.181.168/api/internal/facebook-campaigns/image-hash-mappings, message=404 Not Found from POST http://191.252.181.168/api/internal/facebook-campaigns/image-hash-mappings
2026-07-16T05:17:29.833Z  INFO 13397 --- [facebook-ads-worker] [scheduling-1] c.m.f.f.FacebookCampaignService          : Creative image preload succeeded and will use image_hash as primary path: experimentId=66, creativeId=228, hash=b46270d3aebfda44d6768cd28ea8b0ee
2026-07-16T05:17:29.833Z  INFO 13397 --- [facebook-ads-worker] [scheduling-1] c.m.f.f.FacebookCampaignService          : Preloading creative image using canonical hash deduplication: experimentId=66, creativeId=229, imageUrl=https://pub-37cb222fbfe5470da56cce789c5beec1.r2.dev/uploads/2026/07/16/misc/6756bc1af52c-musa-ad-creative-v1.png
2026-07-16T05:17:29.893Z  INFO 13397 --- [facebook-ads-worker] [scheduling-1] c.m.f.f.FacebookCampaignService          : Reusing image_hash from in-memory deduplication cache: experimentId=66, creativeId=229, localHash=75720cb11e6a558c253e49832b7678eda0302632da14a2410c4a5207cef31a3d, hash=b46270d3aebfda44d6768cd28ea8b0ee
2026-07-16T05:17:29.893Z  INFO 13397 --- [facebook-ads-worker] [scheduling-1] c.m.f.f.FacebookCampaignService          : Creative image preload succeeded and will use image_hash as primary path: experimentId=66, creativeId=229, hash=b46270d3aebfda44d6768cd28ea8b0ee
2026-07-16T05:17:29.893Z  INFO 13397 --- [facebook-ads-worker] [scheduling-1] c.m.f.f.FacebookCampaignService          : Preloading creative image using canonical hash deduplication: experimentId=66, creativeId=230, imageUrl=https://pub-37cb222fbfe5470da56cce789c5beec1.r2.dev/uploads/2026/07/16/misc/6756bc1af52c-musa-ad-creative-v1.png
2026-07-16T05:17:29.949Z  INFO 13397 --- [facebook-ads-worker] [scheduling-1] c.m.f.f.FacebookCampaignService          : Reusing image_hash from in-memory deduplication cache: experimentId=66, creativeId=230, localHash=75720cb11e6a558c253e49832b7678eda0302632da14a2410c4a5207cef31a3d, hash=b46270d3aebfda44d6768cd28ea8b0ee
2026-07-16T05:17:29.950Z  INFO 13397 --- [facebook-ads-worker] [scheduling-1] c.m.f.f.FacebookCampaignService          : Creative image preload succeeded and will use image_hash as primary path: experimentId=66, creativeId=230, hash=b46270d3aebfda44d6768cd28ea8b0ee
2026-07-16T05:17:29.950Z  INFO 13397 --- [facebook-ads-worker] [scheduling-1] c.m.f.f.FacebookCampaignService          : Preloading creative image using canonical hash deduplication: experimentId=66, creativeId=231, imageUrl=https://pub-37cb222fbfe5470da56cce789c5beec1.r2.dev/uploads/2026/07/16/misc/6756bc1af52c-musa-ad-creative-v1.png
2026-07-16T05:17:30.009Z  INFO 13397 --- [facebook-ads-worker] [scheduling-1] c.m.f.f.FacebookCampaignService          : Reusing image_hash from in-memory deduplication cache: experimentId=66, creativeId=231, localHash=75720cb11e6a558c253e49832b7678eda0302632da14a2410c4a5207cef31a3d, hash=b46270d3aebfda44d6768cd28ea8b0ee
2026-07-16T05:17:30.009Z  INFO 13397 --- [facebook-ads-worker] [scheduling-1] c.m.f.f.FacebookCampaignService          : Creative image preload succeeded and will use image_hash as primary path: experimentId=66, creativeId=231, hash=b46270d3aebfda44d6768cd28ea8b0ee
2026-07-16T05:17:30.009Z  INFO 13397 --- [facebook-ads-worker] [scheduling-1] c.m.f.f.FacebookCampaignService          : Preloading creative image using canonical hash deduplication: experimentId=66, creativeId=232, imageUrl=https://pub-37cb222fbfe5470da56cce789c5beec1.r2.dev/uploads/2026/07/16/misc/6756bc1af52c-musa-ad-creative-v1.png
2026-07-16T05:17:30.077Z  INFO 13397 --- [facebook-ads-worker] [scheduling-1] c.m.f.f.FacebookCampaignService          : Reusing image_hash from in-memory deduplication cache: experimentId=66, creativeId=232, localHash=75720cb11e6a558c253e49832b7678eda0302632da14a2410c4a5207cef31a3d, hash=b46270d3aebfda44d6768cd28ea8b0ee
2026-07-16T05:17:30.078Z  INFO 13397 --- [facebook-ads-worker] [scheduling-1] c.m.f.f.FacebookCampaignService          : Creative image preload succeeded and will use image_hash as primary path: experimentId=66, creativeId=232, hash=b46270d3aebfda44d6768cd28ea8b0ee
2026-07-16T05:17:30.078Z  INFO 13397 --- [facebook-ads-worker] [scheduling-1] c.m.f.FacebookAdsService                 : Sending POST request to Facebook API: path==>/v23.0/act_939323521124952/campaigns, body={"access_token":"EAA...Iqn","special_ad_categories":[],"name":"MUSA-H001-E004","is_adset_budget_sharing_enabled":false,"objective":"OUTCOME_SALES","status":"ACTIVE"}
2026-07-16T05:17:31.062Z  INFO 13397 --- [facebook-ads-worker] [scheduling-1] c.m.f.FacebookAdsService                 : Facebook API response received: method=POST, path<==/v23.0/act_939323521124952/campaigns, status=200 200 OK, headers={"x-fb-request-id":["AmW...ELK"],"x-fb-trace-id":["HKh...zg3"],"X-FB-Connection-Quality":["EXC...t=0"],"Alt-Svc":["h3=...400"],"Access-Control-Allow-Origin":["***"],"Connection":["kee...ive"],"x-fb-rev":["104...564"],"x-ad-api-version-warning":["The...ed."],"Pragma":["no-...che"],"x-business-use-case-usage":["{\"9...}]}"],"Date":["Thu...GMT"],"Strict-Transport-Security":["max...oad"],"Cache-Control":["pri...ate"],"Vary":["***"],"Expires":["Sat...GMT"],"X-FB-Debug":["+/4...Q=="],"Content-Length":["***"],"facebook-api-version":["***"],"Content-Type":["app...F-8"]}, body={"id":"120250345328870326"}
2026-07-16T05:17:31.353Z  INFO 13397 --- [facebook-ads-worker] [scheduling-1] c.m.f.FacebookAdsService                 : Sending POST request to Facebook API: path==>/v23.0/act_939323521124952/adsets, body={"optimization_goal":"OFFSITE_CONVERSIONS","access_token":"EAA...Iqn","destination_type":"WEBSITE","targeting":{"flexible_spec":[{"work_positions":[{"name":"Cabeleireira e Maquiadora","id":"131428823566978"}],"behaviors":[{"name":"6110813675983","id":"6110813675983"}],"interests":[{"name":"Beauty (social concept)","id":"6002867432822"},{"name":"Fragrances (cosmetics)","id":"6003443805331"}]}],"targeting_automation":{"advantage_audience":0},"geo_locations":{"countries":["BR"]},"publisher_platforms":["instagram"],"instagram_positions":["stream","story","reels","explore"]},"billing_event":"IMPRESSIONS","bid_strategy":"LOWEST_COST_WITHOUT_CAP","promoted_object":{"page_id":"485863027935937","custom_event_type":"PURCHASE","pixel_id":"1272936690700110"},"name":"MUSA-H001-E004 - Ad Set","daily_budget":"2500","campaign_id":"120250345328870326","status":"ACTIVE"}
2026-07-16T05:17:33.259Z  INFO 13397 --- [facebook-ads-worker] [scheduling-1] c.m.f.FacebookAdsService                 : Facebook API response received: method=POST, path<==/v23.0/act_939323521124952/adsets, status=200 200 OK, headers={"x-fb-request-id":["ASO...Btk"],"x-fb-trace-id":["DC+...FIo"],"X-FB-Connection-Quality":["EXC...t=0"],"Alt-Svc":["h3=...400"],"Access-Control-Allow-Origin":["***"],"Connection":["kee...ive"],"x-fb-rev":["104...564"],"x-ad-api-version-warning":["The...ed."],"Pragma":["no-...che"],"x-business-use-case-usage":["{\"9...}]}"],"Date":["Thu...GMT"],"Strict-Transport-Security":["max...oad"],"Cache-Control":["pri...ate"],"Vary":["***"],"Expires":["Sat...GMT"],"X-FB-Debug":["6Jl...A=="],"Content-Length":["***"],"facebook-api-version":["***"],"Content-Type":["app...F-8"]}, body={"id":"120250345329400326"}
2026-07-16T05:17:33.542Z  INFO 13397 --- [facebook-ads-worker] [scheduling-1] c.m.f.f.FacebookCampaignService          : Using image_hash as primary asset for creative publication: experimentId=66, hash=b46270d3aebfda44d6768cd28ea8b0ee
2026-07-16T05:17:33.543Z  INFO 13397 --- [facebook-ads-worker] [scheduling-1] c.m.f.FacebookAdsService                 : Sending POST request to Facebook API: path==>/v23.0/act_939323521124952/adcreatives, body={"object_story_spec":{"page_id":"485863027935937","instagram_user_id":"17841468261725306","link_data":{"call_to_action":{"type":"LEARN_MORE","value":{"link":"https://oportunidadebrasil.shop/flows/exp-66-gerasalespage-v1?campaign=exp-66"}},"link":"https://oportunidadebrasil.shop/flows/exp-66-gerasalespage-v1?campaign=exp-66","name":"Presença elegante em 7 dias","description":"Kit prático com plano, checklist e templates.","image_hash":"b46270d3aebfda44d6768cd28ea8b0ee","message":"Você se arruma, compra peças e testa perfumes, mas ainda sente que falta algo? O Kit MUSA organiza cabelo, pele, roupa, perfume e acessórios em um plano prático de 7 dias para uma presença mais elegante sem luxo caro."}},"access_token":"EAA...Iqn","name":"MUSA-H001-E004 - Creative"}
2026-07-16T05:17:38.325Z  INFO 13397 --- [facebook-ads-worker] [scheduling-1] c.m.f.FacebookAdsService                 : Facebook API response received: method=POST, path<==/v23.0/act_939323521124952/adcreatives, status=200 200 OK, headers={"x-fb-request-id":["A-c...z0d"],"x-fb-trace-id":["DC8...TmW"],"X-FB-Connection-Quality":["EXC...t=0"],"Alt-Svc":["h3=...400"],"Access-Control-Allow-Origin":["***"],"Connection":["kee...ive"],"x-fb-rev":["104...564"],"x-ad-api-version-warning":["The...ed."],"Pragma":["no-...che"],"x-business-use-case-usage":["{\"9...}]}"],"Date":["Thu...GMT"],"Strict-Transport-Security":["max...oad"],"Cache-Control":["pri...ate"],"Vary":["***"],"Expires":["Sat...GMT"],"X-FB-Debug":["l0v...Q=="],"Content-Length":["***"],"facebook-api-version":["***"],"Content-Type":["app...F-8"]}, body={"id":"4611355962522152"}
2026-07-16T05:17:38.608Z  INFO 13397 --- [facebook-ads-worker] [scheduling-1] c.m.f.FacebookAdsService                 : Sending POST request to Facebook API: path==>/v23.0/act_939323521124952/ads, body={"access_token":"EAA...Iqn","name":"MUSA-H001-E004 - Ad 1","adset_id":"120250345329400326","creative":{"creative_id":"4611355962522152"},"status":"ACTIVE"}
2026-07-16T05:17:40.689Z  INFO 13397 --- [facebook-ads-worker] [scheduling-1] c.m.f.FacebookAdsService                 : Facebook API response received: method=POST, path<==/v23.0/act_939323521124952/ads, status=200 200 OK, headers={"x-fb-request-id":["AUF...6BM"],"x-fb-trace-id":["HEx...1cv"],"X-FB-Connection-Quality":["EXC...t=0"],"Alt-Svc":["h3=...400"],"Access-Control-Allow-Origin":["***"],"Connection":["kee...ive"],"x-fb-rev":["104...564"],"x-ad-api-version-warning":["The...ed."],"Pragma":["no-...che"],"x-business-use-case-usage":["{\"9...}]}"],"Date":["Thu...GMT"],"Strict-Transport-Security":["max...oad"],"Cache-Control":["pri...ate"],"Vary":["***"],"Expires":["Sat...GMT"],"X-FB-Debug":["Ohl...A=="],"Content-Length":["***"],"facebook-api-version":["***"],"Content-Type":["app...F-8"]}, body={"id":"120250345330580326"}
2026-07-16T05:17:40.975Z  INFO 13397 --- [facebook-ads-worker] [scheduling-1] c.m.f.f.FacebookCampaignService          : Using image_hash as primary asset for creative publication: experimentId=66, hash=b46270d3aebfda44d6768cd28ea8b0ee
2026-07-16T05:17:40.976Z  INFO 13397 --- [facebook-ads-worker] [scheduling-1] c.m.f.FacebookAdsService                 : Sending POST request to Facebook API: path==>/v23.0/act_939323521124952/adcreatives, body={"object_story_spec":{"page_id":"485863027935937","instagram_user_id":"17841468261725306","link_data":{"call_to_action":{"type":"LEARN_MORE","value":{"link":"https://oportunidadebrasil.shop/flows/exp-66-gerasalespage-v1?campaign=exp-66"}},"link":"https://oportunidadebrasil.shop/flows/exp-66-gerasalespage-v1?campaign=exp-66","name":"Elegância não começa no preço","description":"Método MUSA — presença elegante acessível.","image_hash":"b46270d3aebfda44d6768cd28ea8b0ee","message":"O detalhe certo muda a percepção antes de qualquer compra nova. Use o checklist MUSA para ajustar ruídos visuais, reaproveitar o que você já tem e montar uma presença mais coerente em 7 dias."}},"access_token":"EAA...Iqn","name":"MUSA-H001-E004 - Creative"}
2026-07-16T05:17:43.453Z  INFO 13397 --- [facebook-ads-worker] [scheduling-1] c.m.f.FacebookAdsService                 : Facebook API response received: method=POST, path<==/v23.0/act_939323521124952/adcreatives, status=200 200 OK, headers={"x-fb-request-id":["A-Y...Lmm"],"x-fb-trace-id":["BcK...om9"],"X-FB-Connection-Quality":["EXC...t=0"],"Alt-Svc":["h3=...400"],"Access-Control-Allow-Origin":["***"],"Connection":["kee...ive"],"x-fb-rev":["104...564"],"x-ad-api-version-warning":["The...ed."],"Pragma":["no-...che"],"x-business-use-case-usage":["{\"9...}]}"],"Date":["Thu...GMT"],"Strict-Transport-Security":["max...oad"],"Cache-Control":["pri...ate"],"Vary":["***"],"Expires":["Sat...GMT"],"X-FB-Debug":["Q1k...w=="],"Content-Length":["***"],"facebook-api-version":["***"],"Content-Type":["app...F-8"]}, body={"id":"931927759916508"}
2026-07-16T05:17:43.739Z  INFO 13397 --- [facebook-ads-worker] [scheduling-1] c.m.f.FacebookAdsService                 : Sending POST request to Facebook API: path==>/v23.0/act_939323521124952/ads, body={"access_token":"EAA...Iqn","name":"MUSA-H001-E004 - Ad 2","adset_id":"120250345329400326","creative":{"creative_id":"931927759916508"},"status":"ACTIVE"}
2026-07-16T05:17:45.800Z  INFO 13397 --- [facebook-ads-worker] [scheduling-1] c.m.f.FacebookAdsService                 : Facebook API response received: method=POST, path<==/v23.0/act_939323521124952/ads, status=200 200 OK, headers={"x-fb-request-id":["AbD...2eT"],"x-fb-trace-id":["A8z...eBd"],"X-FB-Connection-Quality":["EXC...t=0"],"Alt-Svc":["h3=...400"],"Access-Control-Allow-Origin":["***"],"Connection":["kee...ive"],"x-fb-rev":["104...862"],"x-ad-api-version-warning":["The...ed."],"Pragma":["no-...che"],"x-business-use-case-usage":["{\"9...}]}"],"Date":["Thu...GMT"],"Strict-Transport-Security":["max...oad"],"Cache-Control":["pri...ate"],"Vary":["***"],"Expires":["Sat...GMT"],"X-FB-Debug":["K2T...g=="],"Content-Length":["***"],"facebook-api-version":["***"],"Content-Type":["app...F-8"]}, body={"id":"120250345331960326"}
2026-07-16T05:17:46.104Z  INFO 13397 --- [facebook-ads-worker] [scheduling-1] c.m.f.f.FacebookCampaignService          : Using image_hash as primary asset for creative publication: experimentId=66, hash=b46270d3aebfda44d6768cd28ea8b0ee
2026-07-16T05:17:46.104Z  INFO 13397 --- [facebook-ads-worker] [scheduling-1] c.m.f.FacebookAdsService                 : Sending POST request to Facebook API: path==>/v23.0/act_939323521124952/adcreatives, body={"object_story_spec":{"page_id":"485863027935937","instagram_user_id":"17841468261725306","link_data":{"call_to_action":{"type":"LEARN_MORE","value":{"link":"https://oportunidadebrasil.shop/flows/exp-66-gerasalespage-v1?campaign=exp-66"}},"link":"https://oportunidadebrasil.shop/flows/exp-66-gerasalespage-v1?campaign=exp-66","name":"Checklist de presença em 12 minutos","description":"Plano rápido para microajustes de alto impacto.","image_hash":"b46270d3aebfda44d6768cd28ea8b0ee","message":"Antes de sair, existe uma sequência simples para alinhar cabelo, pele, roupa, perfume e acessórios. O Kit MUSA entrega o passo a passo, exemplos preenchidos e templates para aplicar sem tentativa e erro."}},"access_token":"EAA...Iqn","name":"MUSA-H001-E004 - Creative"}
2026-07-16T05:17:48.290Z  INFO 13397 --- [facebook-ads-worker] [scheduling-1] c.m.f.FacebookAdsService                 : Facebook API response received: method=POST, path<==/v23.0/act_939323521124952/adcreatives, status=200 200 OK, headers={"x-fb-request-id":["ABP...XyC"],"x-fb-trace-id":["HME...JU+"],"X-FB-Connection-Quality":["EXC...t=0"],"Alt-Svc":["h3=...400"],"Access-Control-Allow-Origin":["***"],"Connection":["kee...ive"],"x-fb-rev":["104...564"],"x-ad-api-version-warning":["The...ed."],"Pragma":["no-...che"],"x-business-use-case-usage":["{\"9...}]}"],"Date":["Thu...GMT"],"Strict-Transport-Security":["max...oad"],"Cache-Control":["pri...ate"],"Vary":["***"],"Expires":["Sat...GMT"],"X-FB-Debug":["kOQ...w=="],"Content-Length":["***"],"facebook-api-version":["***"],"Content-Type":["app...F-8"]}, body={"id":"1312935207282345"}
2026-07-16T05:17:48.563Z  INFO 13397 --- [facebook-ads-worker] [scheduling-1] c.m.f.FacebookAdsService                 : Sending POST request to Facebook API: path==>/v23.0/act_939323521124952/ads, body={"access_token":"EAA...Iqn","name":"MUSA-H001-E004 - Ad 3","adset_id":"120250345329400326","creative":{"creative_id":"1312935207282345"},"status":"ACTIVE"}
2026-07-16T05:17:50.370Z  INFO 13397 --- [facebook-ads-worker] [scheduling-1] c.m.f.FacebookAdsService                 : Facebook API response received: method=POST, path<==/v23.0/act_939323521124952/ads, status=200 200 OK, headers={"x-fb-request-id":["Aov...Z2N"],"x-fb-trace-id":["HrX...Awj"],"X-FB-Connection-Quality":["EXC...t=0"],"Alt-Svc":["h3=...400"],"Access-Control-Allow-Origin":["***"],"Connection":["kee...ive"],"x-fb-rev":["104...564"],"x-ad-api-version-warning":["The...ed."],"Pragma":["no-...che"],"x-business-use-case-usage":["{\"9...}]}"],"Date":["Thu...GMT"],"Strict-Transport-Security":["max...oad"],"Cache-Control":["pri...ate"],"Vary":["***"],"Expires":["Sat...GMT"],"X-FB-Debug":["Afn...w=="],"Content-Length":["***"],"facebook-api-version":["***"],"Content-Type":["app...F-8"]}, body={"id":"120250345333110326"}
2026-07-16T05:17:50.646Z  INFO 13397 --- [facebook-ads-worker] [scheduling-1] c.m.f.f.FacebookCampaignService          : Using image_hash as primary asset for creative publication: experimentId=66, hash=b46270d3aebfda44d6768cd28ea8b0ee
2026-07-16T05:17:50.646Z  INFO 13397 --- [facebook-ads-worker] [scheduling-1] c.m.f.FacebookAdsService                 : Sending POST request to Facebook API: path==>/v23.0/act_939323521124952/adcreatives, body={"object_story_spec":{"page_id":"485863027935937","instagram_user_id":"17841468261725306","link_data":{"call_to_action":{"type":"LEARN_MORE","value":{"link":"https://oportunidadebrasil.shop/flows/exp-66-gerasalespage-v1?campaign=exp-66"}},"link":"https://oportunidadebrasil.shop/flows/exp-66-gerasalespage-v1?campaign=exp-66","name":"Pare de comprar no impulso","description":"Inclui lista anti-impulso e bônus anti-objeção.","image_hash":"b46270d3aebfda44d6768cd28ea8b0ee","message":"Talvez o que falta não seja mais uma peça. O Kit MUSA mostra o que reaproveitar, o que ajustar e o que evitar para construir uma presença elegante sem gastar com luxo caro."}},"access_token":"EAA...Iqn","name":"MUSA-H001-E004 - Creative"}
2026-07-16T05:17:51.736Z  INFO 13397 --- [facebook-ads-worker] [scheduling-1] c.m.f.FacebookAdsService                 : Facebook API response received: method=POST, path<==/v23.0/act_939323521124952/adcreatives, status=200 200 OK, headers={"x-fb-request-id":["AqQ...lWw"],"x-fb-trace-id":["BuP...Yq9"],"X-FB-Connection-Quality":["EXC...t=0"],"Alt-Svc":["h3=...400"],"Access-Control-Allow-Origin":["***"],"Connection":["kee...ive"],"x-fb-rev":["104...862"],"x-ad-api-version-warning":["The...ed."],"Pragma":["no-...che"],"x-business-use-case-usage":["{\"9...}]}"],"Date":["Thu...GMT"],"Strict-Transport-Security":["max...oad"],"Cache-Control":["pri...ate"],"Vary":["***"],"Expires":["Sat...GMT"],"X-FB-Debug":["l27...A=="],"Content-Length":["***"],"facebook-api-version":["***"],"Content-Type":["app...F-8"]}, body={"id":"1546254080186586"}
2026-07-16T05:17:52.014Z  INFO 13397 --- [facebook-ads-worker] [scheduling-1] c.m.f.FacebookAdsService                 : Sending POST request to Facebook API: path==>/v23.0/act_939323521124952/ads, body={"access_token":"EAA...Iqn","name":"MUSA-H001-E004 - Ad 4","adset_id":"120250345329400326","creative":{"creative_id":"1546254080186586"},"status":"ACTIVE"}
2026-07-16T05:17:53.580Z  INFO 13397 --- [facebook-ads-worker] [scheduling-1] c.m.f.FacebookAdsService                 : Facebook API response received: method=POST, path<==/v23.0/act_939323521124952/ads, status=200 200 OK, headers={"x-fb-request-id":["AbG...ixx"],"x-fb-trace-id":["Bvt...zvW"],"X-FB-Connection-Quality":["EXC...t=0"],"Alt-Svc":["h3=...400"],"Access-Control-Allow-Origin":["***"],"Connection":["kee...ive"],"x-fb-rev":["104...862"],"x-ad-api-version-warning":["The...ed."],"Pragma":["no-...che"],"x-business-use-case-usage":["{\"9...}]}"],"Date":["Thu...GMT"],"Strict-Transport-Security":["max...oad"],"Cache-Control":["pri...ate"],"Vary":["***"],"Expires":["Sat...GMT"],"X-FB-Debug":["GAt...A=="],"Content-Length":["***"],"facebook-api-version":["***"],"Content-Type":["app...F-8"]}, body={"id":"120250345333940326"}
2026-07-16T05:17:53.860Z  INFO 13397 --- [facebook-ads-worker] [scheduling-1] c.m.f.f.FacebookCampaignService          : Using image_hash as primary asset for creative publication: experimentId=66, hash=b46270d3aebfda44d6768cd28ea8b0ee
2026-07-16T05:17:53.861Z  INFO 13397 --- [facebook-ads-worker] [scheduling-1] c.m.f.FacebookAdsService                 : Sending POST request to Facebook API: path==>/v23.0/act_939323521124952/adcreatives, body={"object_story_spec":{"page_id":"485863027935937","instagram_user_id":"17841468261725306","link_data":{"call_to_action":{"type":"LEARN_MORE","value":{"link":"https://oportunidadebrasil.shop/flows/exp-66-gerasalespage-v1?campaign=exp-66"}},"link":"https://oportunidadebrasil.shop/flows/exp-66-gerasalespage-v1?campaign=exp-66","name":"Quando o visual parece quase certo","description":"Workbook, checklist, templates e exemplo preenchido.","image_hash":"b46270d3aebfda44d6768cd28ea8b0ee","message":"Se você sente que está arrumada, mas não marcante, o problema pode estar na coerência dos detalhes. Em 7 dias, o Método MUSA guia ajustes acessíveis para presença, beleza, roupa e assinatura olfativa."}},"access_token":"EAA...Iqn","name":"MUSA-H001-E004 - Creative"}
2026-07-16T05:17:55.502Z  INFO 13397 --- [facebook-ads-worker] [scheduling-1] c.m.f.FacebookAdsService                 : Facebook API response received: method=POST, path<==/v23.0/act_939323521124952/adcreatives, status=200 200 OK, headers={"x-fb-request-id":["AC-...Vpq"],"x-fb-trace-id":["HJA...C1c"],"X-FB-Connection-Quality":["EXC...t=0"],"Alt-Svc":["h3=...400"],"Access-Control-Allow-Origin":["***"],"Connection":["kee...ive"],"x-fb-rev":["104...564"],"x-ad-api-version-warning":["The...ed."],"Pragma":["no-...che"],"x-business-use-case-usage":["{\"9...}]}"],"Date":["Thu...GMT"],"Strict-Transport-Security":["max...oad"],"Cache-Control":["pri...ate"],"Vary":["***"],"Expires":["Sat...GMT"],"X-FB-Debug":["Vu6...A=="],"Content-Length":["***"],"facebook-api-version":["***"],"Content-Type":["app...F-8"]}, body={"id":"3277089932484031"}
2026-07-16T05:17:55.784Z  INFO 13397 --- [facebook-ads-worker] [scheduling-1] c.m.f.FacebookAdsService                 : Sending POST request to Facebook API: path==>/v23.0/act_939323521124952/ads, body={"access_token":"EAA...Iqn","name":"MUSA-H001-E004 - Ad 5","adset_id":"120250345329400326","creative":{"creative_id":"3277089932484031"},"status":"ACTIVE"}
2026-07-16T05:17:57.789Z  INFO 13397 --- [facebook-ads-worker] [scheduling-1] c.m.f.FacebookAdsService                 : Facebook API response received: method=POST, path<==/v23.0/act_939323521124952/ads, status=200 200 OK, headers={"x-fb-request-id":["Aaz...N3z"],"x-fb-trace-id":["BDJ...POR"],"X-FB-Connection-Quality":["EXC...t=0"],"Alt-Svc":["h3=...400"],"Access-Control-Allow-Origin":["***"],"Connection":["kee...ive"],"x-fb-rev":["104...564"],"x-ad-api-version-warning":["The...ed."],"Pragma":["no-...che"],"x-business-use-case-usage":["{\"9...}]}"],"Date":["Thu...GMT"],"Strict-Transport-Security":["max...oad"],"Cache-Control":["pri...ate"],"Vary":["***"],"Expires":["Sat...GMT"],"X-FB-Debug":["1dC...w=="],"Content-Length":["***"],"facebook-api-version":["***"],"Content-Type":["app...F-8"]}, body={"id":"120250345334500326"}
2026-07-16T05:17:58.063Z  INFO 13397 --- [facebook-ads-worker] [scheduling-1] c.m.f.f.FacebookCampaignService          : Reporting Facebook campaign creation to backend: url==>http://191.252.181.168/api/facebook-campaigns, params={}, payload={"id":"120250345328870326","adAccountId":"939323521124952","name":"MUSA-H001-E004","objective":"OUTCOME_SALES","status":"ACTIVE","budgetMode":"ADSET","experimentId":66,"facebookAccountId":1,"adSet":{"id":"120250345329400326","name":"MUSA-H001-E004 - Ad Set","billingEvent":"IMPRESSIONS","optimizationGoal":"OFFSITE_CONVERSIONS","bidStrategy":"LOWEST_COST_WITHOUT_CAP","bidAmount":null,"dailyBudget":"2500","lifetimeBudget":null,"targetCountry":"BR","destinationType":"WEBSITE","pageId":"485863027935937","pixelId":"1272936690700110","customEventType":"PURCHASE","targetingJson":"{\"flexible_spec\":[{\"interests\":[{\"id\":\"6002867432822\",\"name\":\"Beauty (social concept)\"},{\"id\":\"6003443805331\",\"name\":\"Fragrances (cosmetics)\"}],\"work_positions\":[{\"id\":\"131428823566978\",\"name\":\"Cabeleireira e Maquiadora\"}],\"behaviors\":[{\"id\":\"6110813675983\",\"name\":\"6110813675983\"}]}]}","experimentAdSetId":null,"status":"ACTIVE"},"adCreative":{"id":"4611355962522152","pageId":"485863027935937","instagramActorId":"17841468261725306","websiteUrl":"https://oportunidadebrasil.shop/flows/exp-66-gerasalespage-v1?campaign=exp-66","leadGenFormId":null,"message":"Você se arruma, compra peças e testa perfumes, mas ainda sente que falta algo? O Kit MUSA organiza cabelo, pele, roupa, perfume e acessórios em um plano prático de 7 dias para uma presença mais elegante sem luxo caro.","imageHash":"b46270d3aebfda44d6768cd28ea8b0ee","imageUrl":"https://pub-37cb222fbfe5470da56cce789c5beec1.r2.dev/uploads/2026/07/16/misc/6756bc1af52c-musa-ad-creative-v1.png","callToActionType":"LEARN_MORE","headline":"Presença elegante em 7 dias","description":"Kit prático com plano, checklist e templates."},"ad":{"id":"120250345330580326","name":"MUSA-H001-E004 - Ad 1","adSetId":"120250345329400326","creativeId":"4611355962522152","status":"ACTIVE"},"adCreatives":[{"id":"4611355962522152","pageId":"485863027935937","instagramActorId":"17841468261725306","websiteUrl":"https://oportunidadebrasil.shop/flows/exp-66-gerasalespage-v1?campaign=exp-66","leadGenFormId":null,"message":"Você se arruma, compra peças e testa perfumes, mas ainda sente que falta algo? O Kit MUSA organiza cabelo, pele, roupa, perfume e acessórios em um plano prático de 7 dias para uma presença mais elegante sem luxo caro.","imageHash":"b46270d3aebfda44d6768cd28ea8b0ee","imageUrl":"https://pub-37cb222fbfe5470da56cce789c5beec1.r2.dev/uploads/2026/07/16/misc/6756bc1af52c-musa-ad-creative-v1.png","callToActionType":"LEARN_MORE","headline":"Presença elegante em 7 dias","description":"Kit prático com plano, checklist e templates."},{"id":"931927759916508","pageId":"485863027935937","instagramActorId":"17841468261725306","websiteUrl":"https://oportunidadebrasil.shop/flows/exp-66-gerasalespage-v1?campaign=exp-66","leadGenFormId":null,"message":"O detalhe certo muda a percepção antes de qualquer compra nova. Use o checklist MUSA para ajustar ruídos visuais, reaproveitar o que você já tem e montar uma presença mais coerente em 7 dias.","imageHash":"b46270d3aebfda44d6768cd28ea8b0ee","imageUrl":"https://pub-37cb222fbfe5470da56cce789c5beec1.r2.dev/uploads/2026/07/16/misc/6756bc1af52c-musa-ad-creative-v1.png","callToActionType":"LEARN_MORE","headline":"Elegância não começa no preço","description":"Método MUSA — presença elegante acessível."},{"id":"1312935207282345","pageId":"485863027935937","instagramActorId":"17841468261725306","websiteUrl":"https://oportunidadebrasil.shop/flows/exp-66-gerasalespage-v1?campaign=exp-66","leadGenFormId":null,"message":"Antes de sair, existe uma sequência simples para alinhar cabelo, pele, roupa, perfume e acessórios. O Kit MUSA entrega o passo a passo, exemplos preenchidos e templates para aplicar sem tentativa e erro.","imageHash":"b46270d3aebfda44d6768cd28ea8b0ee","imageUrl":"https://pub-37cb222fbfe5470da56cce789c5beec1.r2.dev/uploads/2026/07/16/misc/6756bc1af52c-musa-ad-creative-v1.png","callToActionType":"LEARN_MORE","headline":"Checklist de presença em 12 minutos","description":"Plano rápido para microajustes de alto impacto."},{"id":"1546254080186586","pageId":"485863027935937","instagramActorId":"17841468261725306","websiteUrl":"https://oportunidadebrasil.shop/flows/exp-66-gerasalespage-v1?campaign=exp-66","leadGenFormId":null,"message":"Talvez o que falta não seja mais uma peça. O Kit MUSA mostra o que reaproveitar, o que ajustar e o que evitar para construir uma presença elegante sem gastar com luxo caro.","imageHash":"b46270d3aebfda44d6768cd28ea8b0ee","imageUrl":"https://pub-37cb222fbfe5470da56cce789c5beec1.r2.dev/uploads/2026/07/16/misc/6756bc1af52c-musa-ad-creative-v1.png","callToActionType":"LEARN_MORE","headline":"Pare de comprar no impulso","description":"Inclui lista anti-impulso e bônus anti-objeção."},{"id":"3277089932484031","pageId":"485863027935937","instagramActorId":"17841468261725306","websiteUrl":"https://oportunidadebrasil.shop/flows/exp-66-gerasalespage-v1?campaign=exp-66","leadGenFormId":null,"message":"Se você sente que está arrumada, mas não marcante, o problema pode estar na coerência dos detalhes. Em 7 dias, o Método MUSA guia ajustes acessíveis para presença, beleza, roupa e assinatura olfativa.","imageHash":"b46270d3aebfda44d6768cd28ea8b0ee","imageUrl":"https://pub-37cb222fbfe5470da56cce789c5beec1.r2.dev/uploads/2026/07/16/misc/6756bc1af52c-musa-ad-creative-v1.png","callToActionType":"LEARN_MORE","headline":"Quando o visual parece quase certo","description":"Workbook, checklist, templates e exemplo preenchido."}],"ads":[{"id":"120250345330580326","name":"MUSA-H001-E004 - Ad 1","adSetId":"120250345329400326","creativeId":"4611355962522152","status":"ACTIVE"},{"id":"120250345331960326","name":"MUSA-H001-E004 - Ad 2","adSetId":"120250345329400326","creativeId":"931927759916508","status":"ACTIVE"},{"id":"120250345333110326","name":"MUSA-H001-E004 - Ad 3","adSetId":"120250345329400326","creativeId":"1312935207282345","status":"ACTIVE"},{"id":"120250345333940326","name":"MUSA-H001-E004 - Ad 4","adSetId":"120250345329400326","creativeId":"1546254080186586","status":"ACTIVE"},{"id":"120250345334500326","name":"MUSA-H001-E004 - Ad 5","adSetId":"120250345329400326","creativeId":"3277089932484031","status":"ACTIVE"}]}
2026-07-16T05:17:58.403Z  INFO 13397 --- [facebook-ads-worker] [scheduling-1] c.m.f.f.FacebookCampaignService          : Successfully reported Facebook campaign creation to backend: url<==http://191.252.181.168/api/facebook-campaigns, experimentId=66, campaignId=120250345328870326
2026-07-16T05:17:58.403Z  INFO 13397 --- [facebook-ads-worker] [scheduling-1] c.m.f.f.FacebookCampaignService          : Marking experiment as RUNNING in backend after Facebook campaign publication: url==>http://191.252.181.168/api/experiments/66/status?status=RUNNING, params={}, campaignId=120250345328870326
2026-07-16T05:17:58.546Z  INFO 13397 --- [facebook-ads-worker] [scheduling-1] c.m.f.f.FacebookCampaignService          : Marked experiment 66 as RUNNING after Facebook campaign publication: campaignId=120250345328870326
2026-07-16T05:17:58.547Z  INFO 13397 --- [facebook-ads-worker] [scheduling-1] .m.f.c.FacebookWorkerConfigurationClient : Requesting Facebook worker configuration from backend: url==>http://191.252.181.168/api/accounts/facebook/worker-config, params={}
2026-07-16T05:17:58.683Z  INFO 13397 --- [facebook-ads-worker] [scheduling-1] .m.f.c.FacebookWorkerConfigurationClient : Received Facebook worker configuration response from backend: url<==http://191.252.181.168/api/accounts/facebook/worker-config, response={"accountId":1,"adAccountId":"939323521124952","accessToken":"EAALKZCklBIpoBRp8TLLvqERh459ZBdy2L3H1NAzasViZAGa9FLJJxH227vaJ99xvqjr9SbWqbQavpNDwiyXghDm3GZAq3qa5cDl5M7eLPRsw6MrxFLLlxanSLOgrQUWAZBT0OMYZC70DXZBobQzLhKZAT2UyiqNIZCpb0jAAfZA2RZAojXXmlxYyjgoCYJAJfen4sfGJnJb1Iqn","systemUserAccessToken":"EAALKZCklBIpoBRPrMY5ZBnwKiqZAavOWuAOdDZBE69CD5YC7L1t6B7AVEyw5BwE9TJaySajAlR2DoYoMC4Q2ZBbLcOYmuRqG3BhRgxdx2iwniUKd48S2CyZCaY22e9JJMvPefi8CoSZBc2juarNGTGVumExY2qTdA9ZC8lgcV69ZCeCCh2MmCzqEyKU0QR9N5NwZDZD","pixelOwnerBusinessId":"1337293866974593","appId":"786143452930714","appSecret":"050a9e2d05d33c783ebef4c0d12c095d","defaultPageId":null,"defaultInstagramActorId":null,"defaultWebsiteUrl":"http://191.252.92.222:3000/accounts/facebook","defaultLeadGenFormId":null,"defaultCreativeMessageTemplate":"%s","defaultCallToActionType":"LEARN_MORE","adSetDailyBudget":"2000","adSetBillingEvent":"IMPRESSIONS","adSetOptimizationGoal":"LINK_CLICKS","adSetDestinationType":"WEBSITE","adSetBidStrategy":"LOWEST_COST_WITHOUT_CAP","adSetBidAmount":null,"adSetTargetCountry":"BR"}
2026-07-16T05:17:58.683Z  INFO 13397 --- [facebook-ads-worker] [scheduling-1] c.m.f.f.FacebookCampaignService          : Requesting Facebook campaign stop requests from backend: url==>http://191.252.181.168/api/facebook-campaigns/stop-requests, params={}
2026-07-16T05:17:58.813Z  INFO 13397 --- [facebook-ads-worker] [scheduling-1] c.m.f.f.FacebookCampaignService          : Received stop requests from backend: url<==http://191.252.181.168/api/facebook-campaigns/stop-requests, response=[]
2026-07-16T05:17:58.814Z  INFO 13397 --- [facebook-ads-worker] [scheduling-1] .m.f.f.FacebookInterestValidationService : Requesting pending Facebook interests for validation: url==>http://191.252.181.168/api/facebook-interests/pending, params={}
2026-07-16T05:17:58.937Z  INFO 13397 --- [facebook-ads-worker] [scheduling-1] .m.f.f.FacebookInterestValidationService : Received pending Facebook interests from backend: url<==http://191.252.181.168/api/facebook-interests/pending, response=[]
2026-07-16T05:17:58.938Z  INFO 13397 --- [facebook-ads-worker] [scheduling-1] c.m.f.f.TargetingBackendClient           : Requesting targeting elements pending Meta Ads enrichment: url==>http://191.252.181.168/api/internal/targeting/elements/metaads-pending, params=limit=100
2026-07-16T05:17:59.063Z  INFO 13397 --- [facebook-ads-worker] [scheduling-1] c.m.f.f.TargetingBackendClient           : Received targeting elements pending Meta Ads enrichment: url<==http://191.252.181.168/api/internal/targeting/elements/metaads-pending, response=[]
2026-07-16T05:17:59.064Z  INFO 13397 --- [facebook-ads-worker] [scheduling-1] c.m.f.f.FacebookTokenRenewalService      : Requesting Facebook accounts eligible for token renewal from backend: url==>http://191.252.181.168/api/accounts/facebook/renewal/eligible, params={}
2026-07-16T05:17:59.191Z  INFO 13397 --- [facebook-ads-worker] [scheduling-1] c.m.f.f.FacebookTokenRenewalService      : Received eligible Facebook accounts response from backend: url<==http://191.252.181.168/api/accounts/facebook/renewal/eligible, response=[]
2026-07-16T05:17:59.192Z  INFO 13397 --- [facebook-ads-worker] [scheduling-1] c.m.f.m.MetaAudienceBackendClient        : Requesting pending Meta audiences: url==>http://191.252.181.168/api/internal/meta-audiences/pending?limit=5
2026-07-16T05:17:59.321Z  INFO 13397 --- [facebook-ads-worker] [scheduling-1] c.m.f.m.MetaAudienceBackendClient        : Received pending Meta audiences: url<==http://191.252.181.168/api/internal/meta-audiences/pending?limit=5, response=[]
2026-07-16T05:18:20.263Z  INFO 13397 --- [facebook-ads-worker] [SpringApplicationShutdownHook] com.zaxxer.hikari.HikariDataSource       : marketingHubPool - Shutdown initiated...
2026-07-16T05:18:20.265Z  INFO 13397 --- [facebook-ads-worker] [SpringApplicationShutdownHook] com.zaxxer.hikari.HikariDataSource       : marketingHubPool - Shutdown completed.
